date,model,temperature_mean,temperature_max,temperature_min,precipitation
2026-01-01,EC_Earth3P_HR,14.8,21.9,10.5,0.0
2026-01-02,EC_Earth3P_HR,16.6,22.1,10.2,1.82
2026-01-03,EC_Earth3P_HR,17.1,22.6,12.6,0.0
2026-01-04,EC_Earth3P_HR,15.4,21.0,11.2,0.0
2026-01-05,EC_Earth3P_HR,14.3,20.0,10.2,0.0
2026-01-06,EC_Earth3P_HR,13.8,19.5,8.7,0.0
2026-01-07,EC_Earth3P_HR,14.6,19.8,7.8,0.0
2026-01-08,EC_Earth3P_HR,14.2,21.4,8.3,0.0
2026-01-09,EC_Earth3P_HR,16.1,22.1,10.1,0.0
2026-01-10,EC_Earth3P_HR,15.9,20.7,12.1,0.0
2026-01-11,EC_Earth3P_HR,15.3,21.6,10.0,0.0
2026-01-12,EC_Earth3P_HR,14.2,21.0,9.0,0.0
2026-01-13,EC_Earth3P_HR,14.7,22.1,8.4,0.0
2026-01-14,EC_Earth3P_HR,14.8,22.4,8.8,0.0
2026-01-15,EC_Earth3P_HR,15.2,22.4,8.8,0.0
2026-01-16,EC_Earth3P_HR,15.9,23.0,9.7,0.0
2026-01-17,EC_Earth3P_HR,15.3,21.7,9.3,0.0
2026-01-18,EC_Earth3P_HR,13.7,20.7,8.6,0.0
2026-01-19,EC_Earth3P_HR,14.9,22.6,8.1,0.0
2026-01-20,EC_Earth3P_HR,14.4,22.7,8.6,0.0
2026-01-21,EC_Earth3P_HR,15.9,23.1,8.3,0.0
2026-01-22,EC_Earth3P_HR,15.9,23.7,9.2,0.0
2026-01-23,EC_Earth3P_HR,15.6,23.6,9.7,0.0
2026-01-24,EC_Earth3P_HR,15.7,23.7,10.2,0.0
2026-01-25,EC_Earth3P_HR,15.0,22.7,10.0,0.0
2026-01-26,EC_Earth3P_HR,15.1,22.8,9.4,0.0
2026-01-27,EC_Earth3P_HR,14.1,22.1,8.4,0.0
2026-01-28,EC_Earth3P_HR,15.2,23.8,7.8,0.0
2026-01-29,EC_Earth3P_HR,15.6,24.4,8.9,0.0
2026-01-30,EC_Earth3P_HR,18.0,24.1,8.2,0.0
2026-01-31,EC_Earth3P_HR,17.5,25.2,11.0,0.0
2026-02-01,EC_Earth3P_HR,17.9,26.1,11.1,0.0
2026-02-02,EC_Earth3P_HR,18.1,26.1,11.9,0.0
2026-02-03,EC_Earth3P_HR,20.0,25.8,11.8,0.0
2026-02-04,EC_Earth3P_HR,18.9,25.9,12.7,0.0
2026-02-05,EC_Earth3P_HR,18.9,25.9,11.6,0.0
2026-02-06,EC_Earth3P_HR,19.9,26.6,14.1,0.0
2026-02-07,EC_Earth3P_HR,19.1,26.4,14.4,0.0
2026-02-08,EC_Earth3P_HR,20.9,27.2,13.7,0.0
2026-02-09,EC_Earth3P_HR,19.5,27.7,13.3,0.0
2026-02-10,EC_Earth3P_HR,20.3,27.7,14.1,0.0
2026-02-11,EC_Earth3P_HR,21.3,26.9,13.4,0.0
2026-02-12,EC_Earth3P_HR,20.7,24.8,17.3,6.21
2026-02-13,EC_Earth3P_HR,19.0,21.6,16.7,5.98
2026-02-14,EC_Earth3P_HR,20.0,24.1,16.2,0.23
2026-02-15,EC_Earth3P_HR,19.1,23.8,15.2,7.44
2026-02-16,EC_Earth3P_HR,15.0,19.1,9.6,0.23
2026-02-17,EC_Earth3P_HR,13.0,17.0,9.2,0.0
2026-02-18,EC_Earth3P_HR,13.2,18.9,8.5,0.0
2026-02-19,EC_Earth3P_HR,14.0,20.4,7.7,0.0
2026-02-20,EC_Earth3P_HR,15.1,21.3,10.1,0.0
2026-02-21,EC_Earth3P_HR,14.3,21.0,8.6,0.0
2026-02-22,EC_Earth3P_HR,16.3,22.4,8.0,0.0
2026-02-23,EC_Earth3P_HR,16.1,23.7,9.3,0.0
2026-02-24,EC_Earth3P_HR,17.4,25.2,10.6,0.0
2026-02-25,EC_Earth3P_HR,18.4,26.0,10.2,0.0
2026-02-26,EC_Earth3P_HR,19.7,27.1,11.6,0.0
2026-02-27,EC_Earth3P_HR,18.2,24.6,11.9,0.0
2026-02-28,EC_Earth3P_HR,17.7,25.3,11.2,0.0
2026-03-01,EC_Earth3P_HR,20.4,27.5,12.1,0.0
2026-03-02,EC_Earth3P_HR,18.6,26.0,10.7,0.0
2026-03-03,EC_Earth3P_HR,18.6,26.7,10.3,0.0
2026-03-04,EC_Earth3P_HR,19.7,28.1,11.3,0.0
2026-03-05,EC_Earth3P_HR,20.4,29.3,12.3,0.0
2026-03-06,EC_Earth3P_HR,20.9,29.2,12.7,0.0
2026-03-07,EC_Earth3P_HR,21.5,29.5,14.5,0.0
2026-03-08,EC_Earth3P_HR,21.0,29.2,14.0,0.0
2026-03-09,EC_Earth3P_HR,21.2,30.2,13.3,0.0
2026-03-10,EC_Earth3P_HR,22.1,31.2,14.1,0.0
2026-03-11,EC_Earth3P_HR,24.2,32.1,14.1,0.0
2026-03-12,EC_Earth3P_HR,24.8,33.2,15.7,0.0
2026-03-13,EC_Earth3P_HR,25.3,31.8,18.0,0.0
2026-03-14,EC_Earth3P_HR,21.3,29.4,14.0,0.0
2026-03-15,EC_Earth3P_HR,23.4,31.0,13.7,1.44
2026-03-16,EC_Earth3P_HR,19.3,21.3,16.9,11.55
2026-03-17,EC_Earth3P_HR,20.5,26.4,15.8,0.0
2026-03-18,EC_Earth3P_HR,19.4,24.5,14.2,0.0
2026-03-19,EC_Earth3P_HR,21.3,27.6,13.9,0.0
2026-03-20,EC_Earth3P_HR,23.2,30.5,15.7,0.1
2026-03-21,EC_Earth3P_HR,23.3,30.2,16.9,0.0
2026-03-22,EC_Earth3P_HR,23.0,29.9,16.3,0.0
2026-03-23,EC_Earth3P_HR,21.2,25.3,16.1,0.78
2026-03-24,EC_Earth3P_HR,21.8,27.8,15.6,0.0
2026-03-25,EC_Earth3P_HR,22.5,29.4,15.2,0.0
2026-03-26,EC_Earth3P_HR,22.7,30.4,15.2,0.0
2026-03-27,EC_Earth3P_HR,23.3,32.0,14.6,0.0
2026-03-28,EC_Earth3P_HR,23.5,30.3,16.9,0.0
2026-03-29,EC_Earth3P_HR,27.3,35.0,18.6,0.0
2026-03-30,EC_Earth3P_HR,29.0,35.3,23.8,0.0
2026-03-31,EC_Earth3P_HR,28.6,34.7,22.8,0.0
2026-04-01,EC_Earth3P_HR,27.7,33.2,21.6,0.0
2026-04-02,EC_Earth3P_HR,27.0,34.1,19.0,0.0
2026-04-03,EC_Earth3P_HR,27.2,35.4,18.6,0.0
2026-04-04,EC_Earth3P_HR,28.3,36.3,20.3,0.0
2026-04-05,EC_Earth3P_HR,28.6,36.8,20.7,0.0
2026-04-06,EC_Earth3P_HR,27.3,36.0,18.3,0.0
2026-04-07,EC_Earth3P_HR,27.0,35.7,18.0,0.0
2026-04-08,EC_Earth3P_HR,27.9,36.2,18.9,0.0
2026-04-09,EC_Earth3P_HR,29.2,37.4,19.7,0.0
2026-04-10,EC_Earth3P_HR,29.7,38.0,20.8,0.0
2026-04-11,EC_Earth3P_HR,29.6,38.1,20.5,0.0
2026-04-12,EC_Earth3P_HR,29.8,38.4,21.6,0.0
2026-04-13,EC_Earth3P_HR,30.6,38.7,22.8,0.0
2026-04-14,EC_Earth3P_HR,30.7,38.5,22.3,0.0
2026-04-15,EC_Earth3P_HR,31.6,38.7,22.4,0.0
2026-04-16,EC_Earth3P_HR,32.0,37.6,26.2,0.0
2026-04-17,EC_Earth3P_HR,33.2,38.7,27.6,0.0
2026-04-18,EC_Earth3P_HR,33.7,39.0,27.6,0.0
2026-04-19,EC_Earth3P_HR,33.6,39.8,26.6,0.0
2026-04-20,EC_Earth3P_HR,32.4,39.6,25.7,0.0
2026-04-21,EC_Earth3P_HR,32.1,39.1,24.9,0.0
2026-04-22,EC_Earth3P_HR,30.9,36.8,24.7,0.0
2026-04-23,EC_Earth3P_HR,31.6,38.3,24.9,0.0
2026-04-24,EC_Earth3P_HR,33.3,39.9,25.1,0.0
2026-04-25,EC_Earth3P_HR,34.4,40.6,27.9,0.0
2026-04-26,EC_Earth3P_HR,34.6,41.1,27.0,0.0
2026-04-27,EC_Earth3P_HR,35.0,42.2,26.7,0.0
2026-04-28,EC_Earth3P_HR,35.2,42.0,28.3,0.0
2026-04-29,EC_Earth3P_HR,35.3,42.3,28.1,0.0
2026-04-30,EC_Earth3P_HR,35.7,43.0,27.2,0.0
2026-05-01,EC_Earth3P_HR,33.6,42.3,26.3,0.0
2026-05-02,EC_Earth3P_HR,34.5,42.8,25.9,0.0
2026-05-03,EC_Earth3P_HR,35.6,43.9,25.7,0.0
2026-05-04,EC_Earth3P_HR,37.3,44.2,28.5,0.0
2026-05-05,EC_Earth3P_HR,38.7,44.3,32.9,0.0
2026-05-06,EC_Earth3P_HR,38.8,43.7,31.8,0.0
2026-05-07,EC_Earth3P_HR,37.0,43.5,30.1,0.0
2026-05-08,EC_Earth3P_HR,35.5,42.3,29.2,0.0
2026-05-09,EC_Earth3P_HR,35.2,41.8,29.2,0.0
2026-05-10,EC_Earth3P_HR,35.3,41.0,30.7,0.0
2026-05-11,EC_Earth3P_HR,33.9,40.4,29.3,0.37
2026-05-12,EC_Earth3P_HR,34.3,40.2,29.3,1.21
2026-05-13,EC_Earth3P_HR,34.8,41.1,29.3,1.03
2026-05-14,EC_Earth3P_HR,34.6,41.4,28.8,0.0
2026-05-15,EC_Earth3P_HR,34.2,41.3,27.9,0.0
2026-05-16,EC_Earth3P_HR,34.4,41.6,26.0,0.0
2026-05-17,EC_Earth3P_HR,34.4,40.1,26.6,0.0
2026-05-18,EC_Earth3P_HR,34.9,40.6,27.9,0.0
2026-05-19,EC_Earth3P_HR,34.2,39.6,28.2,0.0
2026-05-20,EC_Earth3P_HR,34.1,40.9,26.5,0.0
2026-05-21,EC_Earth3P_HR,35.9,43.0,26.4,0.0
2026-05-22,EC_Earth3P_HR,36.9,43.4,29.2,0.0
2026-05-23,EC_Earth3P_HR,36.3,42.8,29.4,0.0
2026-05-24,EC_Earth3P_HR,36.2,42.2,29.3,0.0
2026-05-25,EC_Earth3P_HR,34.6,40.7,28.2,0.97
2026-05-26,EC_Earth3P_HR,34.3,40.4,27.4,0.0
2026-05-27,EC_Earth3P_HR,36.1,43.1,27.7,0.0
2026-05-28,EC_Earth3P_HR,37.5,43.6,29.7,0.39
2026-05-29,EC_Earth3P_HR,36.5,42.9,30.1,0.0
2026-05-30,EC_Earth3P_HR,37.4,43.6,29.9,0.0
2026-05-31,EC_Earth3P_HR,37.1,43.9,30.3,0.0
2026-06-01,EC_Earth3P_HR,36.6,43.5,30.0,0.0
2026-06-02,EC_Earth3P_HR,36.0,42.4,29.5,0.3
2026-06-03,EC_Earth3P_HR,36.0,42.5,29.5,0.99
2026-06-04,EC_Earth3P_HR,36.2,43.1,29.8,0.0
2026-06-05,EC_Earth3P_HR,37.0,43.2,29.8,0.0
2026-06-06,EC_Earth3P_HR,36.5,43.2,27.8,3.67
2026-06-07,EC_Earth3P_HR,32.9,40.0,27.6,1.09
2026-06-08,EC_Earth3P_HR,33.5,40.6,26.9,3.28
2026-06-09,EC_Earth3P_HR,30.9,37.7,26.5,8.66
2026-06-10,EC_Earth3P_HR,31.4,35.7,26.1,3.19
2026-06-11,EC_Earth3P_HR,32.6,36.7,27.7,0.0
2026-06-12,EC_Earth3P_HR,34.9,39.2,29.2,0.0
2026-06-13,EC_Earth3P_HR,34.8,39.5,30.1,0.2
2026-06-14,EC_Earth3P_HR,34.2,38.0,30.0,0.4
2026-06-15,EC_Earth3P_HR,34.9,39.4,30.6,0.3
2026-06-16,EC_Earth3P_HR,35.4,39.7,30.9,0.1
2026-06-17,EC_Earth3P_HR,35.1,39.3,30.9,0.1
2026-06-18,EC_Earth3P_HR,34.8,38.8,30.8,0.2
2026-06-19,EC_Earth3P_HR,32.4,35.5,29.5,2.51
2026-06-20,EC_Earth3P_HR,33.8,37.6,29.5,0.4
2026-06-21,EC_Earth3P_HR,33.7,38.3,28.1,6.63
2026-06-22,EC_Earth3P_HR,31.1,35.6,27.5,6.43
2026-06-23,EC_Earth3P_HR,31.3,34.9,27.5,14.08
2026-06-24,EC_Earth3P_HR,31.5,35.0,27.7,8.55
2026-06-25,EC_Earth3P_HR,31.7,35.6,27.1,2.31
2026-06-26,EC_Earth3P_HR,31.2,35.3,27.1,2.42
2026-06-27,EC_Earth3P_HR,30.6,34.7,27.0,0.71
2026-06-28,EC_Earth3P_HR,30.8,34.1,27.3,7.16
2026-06-29,EC_Earth3P_HR,31.1,34.5,27.4,11.7
2026-06-30,EC_Earth3P_HR,31.3,34.7,27.4,2.12
2026-07-01,EC_Earth3P_HR,30.6,33.8,26.8,25.54
2026-07-02,EC_Earth3P_HR,28.3,30.6,26.8,15.35
2026-07-03,EC_Earth3P_HR,27.9,30.4,26.6,38.78
2026-07-04,EC_Earth3P_HR,28.7,32.3,26.6,8.48
2026-07-05,EC_Earth3P_HR,30.0,33.6,26.5,6.05
2026-07-06,EC_Earth3P_HR,29.3,32.6,26.4,7.66
2026-07-07,EC_Earth3P_HR,28.4,31.4,26.4,9.97
2026-07-08,EC_Earth3P_HR,29.8,32.5,27.0,1.11
2026-07-09,EC_Earth3P_HR,30.7,33.3,27.7,2.82
2026-07-10,EC_Earth3P_HR,30.0,33.3,27.0,8.05
2026-07-11,EC_Earth3P_HR,29.3,33.1,26.9,15.98
2026-07-12,EC_Earth3P_HR,29.0,31.7,26.8,14.56
2026-07-13,EC_Earth3P_HR,28.3,30.7,26.4,17.37
2026-07-14,EC_Earth3P_HR,27.9,30.1,26.4,12.84
2026-07-15,EC_Earth3P_HR,27.5,30.1,25.8,19.85
2026-07-16,EC_Earth3P_HR,28.2,31.5,25.9,4.81
2026-07-17,EC_Earth3P_HR,28.6,32.7,26.3,13.02
2026-07-18,EC_Earth3P_HR,28.8,32.5,26.3,8.11
2026-07-19,EC_Earth3P_HR,28.5,31.5,26.4,3.5
2026-07-20,EC_Earth3P_HR,29.8,33.7,26.7,6.2
2026-07-21,EC_Earth3P_HR,30.2,33.2,27.1,1.6
2026-07-22,EC_Earth3P_HR,29.5,32.5,26.9,23.86
2026-07-23,EC_Earth3P_HR,28.7,31.1,26.8,18.46
2026-07-24,EC_Earth3P_HR,28.6,31.1,26.7,15.46
2026-07-25,EC_Earth3P_HR,29.0,31.7,26.7,4.68
2026-07-26,EC_Earth3P_HR,30.0,33.0,26.6,16.63
2026-07-27,EC_Earth3P_HR,28.0,30.6,26.5,9.95
2026-07-28,EC_Earth3P_HR,28.6,31.7,26.4,3.68
2026-07-29,EC_Earth3P_HR,28.8,32.1,26.4,9.54
2026-07-30,EC_Earth3P_HR,28.4,30.7,26.5,29.31
2026-07-31,EC_Earth3P_HR,28.1,30.0,26.3,16.09
2026-08-01,EC_Earth3P_HR,27.8,30.3,26.3,23.82
2026-08-02,EC_Earth3P_HR,27.9,30.5,26.3,15.47
2026-08-03,EC_Earth3P_HR,28.3,30.1,26.3,11.9
2026-08-04,EC_Earth3P_HR,28.7,31.5,26.3,12.68
2026-08-05,EC_Earth3P_HR,29.0,31.9,26.3,8.61
2026-08-06,EC_Earth3P_HR,29.3,32.2,26.8,7.52
2026-08-07,EC_Earth3P_HR,29.7,32.2,27.1,6.53
2026-08-08,EC_Earth3P_HR,29.5,32.5,27.1,28.56
2026-08-09,EC_Earth3P_HR,28.3,29.5,26.6,8.49
2026-08-10,EC_Earth3P_HR,27.1,28.3,26.1,9.38
2026-08-11,EC_Earth3P_HR,28.0,29.8,26.1,1.38
2026-08-12,EC_Earth3P_HR,29.2,32.9,26.2,2.56
2026-08-13,EC_Earth3P_HR,29.3,33.0,26.6,6.21
2026-08-14,EC_Earth3P_HR,29.2,32.0,26.9,9.26
2026-08-15,EC_Earth3P_HR,29.9,33.4,27.5,0.89
2026-08-16,EC_Earth3P_HR,29.6,32.7,26.8,1.77
2026-08-17,EC_Earth3P_HR,29.3,32.7,26.5,7.47
2026-08-18,EC_Earth3P_HR,29.0,32.5,26.3,11.5
2026-08-19,EC_Earth3P_HR,28.4,31.4,26.4,9.03
2026-08-20,EC_Earth3P_HR,27.6,29.3,26.0,9.03
2026-08-21,EC_Earth3P_HR,28.8,32.4,26.0,7.06
2026-08-22,EC_Earth3P_HR,29.8,33.2,26.6,1.76
2026-08-23,EC_Earth3P_HR,31.0,34.5,27.2,5.09
2026-08-24,EC_Earth3P_HR,29.8,33.1,26.7,11.65
2026-08-25,EC_Earth3P_HR,29.1,32.2,26.6,6.85
2026-08-26,EC_Earth3P_HR,28.4,30.4,25.8,14.28
2026-08-27,EC_Earth3P_HR,27.8,32.2,25.7,13.49
2026-08-28,EC_Earth3P_HR,27.9,31.5,25.8,5.57
2026-08-29,EC_Earth3P_HR,28.3,31.3,25.8,9.08
2026-08-30,EC_Earth3P_HR,28.9,32.4,26.2,1.56
2026-08-31,EC_Earth3P_HR,28.7,32.7,25.9,3.61
2026-09-01,EC_Earth3P_HR,28.7,32.4,25.6,8.19
2026-09-02,EC_Earth3P_HR,28.4,32.2,25.5,6.43
2026-09-03,EC_Earth3P_HR,28.2,31.8,25.3,7.49
2026-09-04,EC_Earth3P_HR,27.9,31.0,25.2,11.26
2026-09-05,EC_Earth3P_HR,28.9,31.9,26.0,3.68
2026-09-06,EC_Earth3P_HR,29.6,32.6,26.3,1.36
2026-09-07,EC_Earth3P_HR,29.3,32.2,26.6,1.93
2026-09-08,EC_Earth3P_HR,28.2,30.6,26.1,16.5
2026-09-09,EC_Earth3P_HR,28.3,31.3,25.7,8.96
2026-09-10,EC_Earth3P_HR,28.4,31.7,25.8,6.16
2026-09-11,EC_Earth3P_HR,27.9,31.3,26.1,7.68
2026-09-12,EC_Earth3P_HR,27.8,30.5,26.0,4.89
2026-09-13,EC_Earth3P_HR,28.3,31.6,26.0,3.25
2026-09-14,EC_Earth3P_HR,28.7,32.9,25.7,4.87
2026-09-15,EC_Earth3P_HR,29.3,32.6,25.7,4.38
2026-09-16,EC_Earth3P_HR,29.3,32.8,25.8,7.32
2026-09-17,EC_Earth3P_HR,29.3,33.1,26.2,0.85
2026-09-18,EC_Earth3P_HR,29.9,33.9,25.5,11.83
2026-09-19,EC_Earth3P_HR,27.8,31.0,25.1,14.26
2026-09-20,EC_Earth3P_HR,27.3,30.8,25.1,4.24
2026-09-21,EC_Earth3P_HR,27.8,32.2,25.1,2.16
2026-09-22,EC_Earth3P_HR,27.8,31.4,25.4,0.84
2026-09-23,EC_Earth3P_HR,27.1,29.9,25.0,5.33
2026-09-24,EC_Earth3P_HR,27.6,31.2,25.0,5.22
2026-09-25,EC_Earth3P_HR,27.3,30.4,25.4,17.21
2026-09-26,EC_Earth3P_HR,26.7,29.2,25.1,4.92
2026-09-27,EC_Earth3P_HR,27.9,31.6,24.9,1.11
2026-09-28,EC_Earth3P_HR,27.7,31.7,24.8,1.2
2026-09-29,EC_Earth3P_HR,27.4,30.9,24.5,2.3
2026-09-30,EC_Earth3P_HR,27.2,30.8,23.4,3.57
2026-10-01,EC_Earth3P_HR,27.0,30.8,23.4,2.19
2026-10-02,EC_Earth3P_HR,26.9,31.3,22.8,0.45
2026-10-03,EC_Earth3P_HR,26.8,31.2,22.1,0.91
2026-10-04,EC_Earth3P_HR,26.5,31.3,21.9,0.09
2026-10-05,EC_Earth3P_HR,27.1,31.3,22.3,0.27
2026-10-06,EC_Earth3P_HR,26.8,31.5,21.8,0.18
2026-10-07,EC_Earth3P_HR,26.6,31.1,21.8,0.0
2026-10-08,EC_Earth3P_HR,26.9,30.8,22.4,0.27
2026-10-09,EC_Earth3P_HR,27.0,31.3,22.3,0.18
2026-10-10,EC_Earth3P_HR,27.4,31.7,22.4,0.09
2026-10-11,EC_Earth3P_HR,26.9,31.9,21.1,0.0
2026-10-12,EC_Earth3P_HR,24.3,30.9,17.3,0.0
2026-10-13,EC_Earth3P_HR,22.6,29.5,16.9,0.0
2026-10-14,EC_Earth3P_HR,23.1,29.7,16.7,0.0
2026-10-15,EC_Earth3P_HR,24.3,29.5,18.3,0.0
2026-10-16,EC_Earth3P_HR,24.4,29.6,19.4,0.0
2026-10-17,EC_Earth3P_HR,24.9,29.6,19.0,0.0
2026-10-18,EC_Earth3P_HR,24.4,29.8,18.7,0.0
2026-10-19,EC_Earth3P_HR,24.8,30.3,19.2,0.0
2026-10-20,EC_Earth3P_HR,24.0,29.7,18.0,0.0
2026-10-21,EC_Earth3P_HR,23.4,29.5,17.5,0.0
2026-10-22,EC_Earth3P_HR,24.5,30.0,19.4,0.0
2026-10-23,EC_Earth3P_HR,24.2,28.7,20.6,0.0
2026-10-24,EC_Earth3P_HR,24.2,28.5,20.3,0.0
2026-10-25,EC_Earth3P_HR,24.5,28.6,20.2,0.0
2026-10-26,EC_Earth3P_HR,25.3,30.5,20.5,0.0
2026-10-27,EC_Earth3P_HR,24.9,30.4,19.3,0.0
2026-10-28,EC_Earth3P_HR,23.5,29.4,17.6,0.0
2026-10-29,EC_Earth3P_HR,22.6,28.9,16.9,0.0
2026-10-30,EC_Earth3P_HR,21.9,29.2,16.2,0.0
2026-10-31,EC_Earth3P_HR,23.2,29.2,16.0,0.0
2026-11-01,EC_Earth3P_HR,23.7,30.0,18.1,0.0
2026-11-02,EC_Earth3P_HR,24.6,31.0,17.8,0.0
2026-11-03,EC_Earth3P_HR,23.4,30.1,17.0,0.0
2026-11-04,EC_Earth3P_HR,24.0,30.3,17.6,0.0
2026-11-05,EC_Earth3P_HR,25.3,30.2,20.0,0.0
2026-11-06,EC_Earth3P_HR,25.1,30.2,20.0,0.0
2026-11-07,EC_Earth3P_HR,24.1,29.9,19.2,0.0
2026-11-08,EC_Earth3P_HR,23.8,30.2,18.3,0.0
2026-11-09,EC_Earth3P_HR,23.9,30.4,18.1,0.0
2026-11-10,EC_Earth3P_HR,24.0,28.9,19.4,0.06
2026-11-11,EC_Earth3P_HR,22.9,26.6,19.4,1.11
2026-11-12,EC_Earth3P_HR,24.1,28.7,19.0,0.0
2026-11-13,EC_Earth3P_HR,23.2,29.0,17.7,0.0
2026-11-14,EC_Earth3P_HR,21.8,27.7,16.6,0.0
2026-11-15,EC_Earth3P_HR,21.2,27.4,16.1,0.0
2026-11-16,EC_Earth3P_HR,20.6,27.0,15.4,0.0
2026-11-17,EC_Earth3P_HR,19.9,27.2,14.1,0.0
2026-11-18,EC_Earth3P_HR,19.5,26.8,13.8,0.0
2026-11-19,EC_Earth3P_HR,21.6,27.0,15.6,0.0
2026-11-20,EC_Earth3P_HR,21.0,27.1,14.3,0.0
2026-11-21,EC_Earth3P_HR,21.4,27.3,14.8,0.0
2026-11-22,EC_Earth3P_HR,20.5,28.0,14.6,0.0
2026-11-23,EC_Earth3P_HR,19.7,27.6,13.4,0.0
2026-11-24,EC_Earth3P_HR,19.8,27.4,12.8,0.0
2026-11-25,EC_Earth3P_HR,21.6,27.3,13.0,0.0
2026-11-26,EC_Earth3P_HR,21.9,27.1,16.1,0.0
2026-11-27,EC_Earth3P_HR,19.5,24.7,14.5,0.63
2026-11-28,EC_Earth3P_HR,18.8,25.1,13.7,0.0
2026-11-29,EC_Earth3P_HR,18.3,25.5,12.7,0.0
2026-11-30,EC_Earth3P_HR,18.1,25.9,12.2,0.0
2026-12-01,EC_Earth3P_HR,17.7,25.6,11.8,0.0
2026-12-02,EC_Earth3P_HR,18.1,26.1,11.3,0.0
2026-12-03,EC_Earth3P_HR,18.5,26.1,12.0,0.0
2026-12-04,EC_Earth3P_HR,17.9,25.2,12.2,0.0
2026-12-05,EC_Earth3P_HR,17.2,24.4,10.7,0.0
2026-12-06,EC_Earth3P_HR,17.3,24.1,9.8,0.0
2026-12-07,EC_Earth3P_HR,16.8,24.3,10.2,0.0
2026-12-08,EC_Earth3P_HR,17.2,24.5,9.6,0.0
2026-12-09,EC_Earth3P_HR,17.6,24.4,11.7,0.0
2026-12-10,EC_Earth3P_HR,17.2,25.2,11.2,0.0
2026-12-11,EC_Earth3P_HR,17.3,25.1,11.3,0.0
2026-12-12,EC_Earth3P_HR,17.8,24.7,10.9,0.0
2026-12-13,EC_Earth3P_HR,16.7,24.5,10.4,0.0
2026-12-14,EC_Earth3P_HR,17.5,23.6,10.9,0.0
2026-12-15,EC_Earth3P_HR,16.4,22.5,10.3,0.0
2026-12-16,EC_Earth3P_HR,14.4,21.7,9.5,0.0
2026-12-17,EC_Earth3P_HR,15.7,23.5,9.6,0.0
2026-12-18,EC_Earth3P_HR,17.0,24.3,11.1,0.0
2026-12-19,EC_Earth3P_HR,15.2,23.3,8.7,0.0
2026-12-20,EC_Earth3P_HR,15.3,23.1,8.1,0.0
2026-12-21,EC_Earth3P_HR,15.8,23.5,8.5,0.0
2026-12-22,EC_Earth3P_HR,16.3,24.7,9.4,0.0
2026-12-23,EC_Earth3P_HR,18.3,24.9,9.1,0.0
2026-12-24,EC_Earth3P_HR,18.2,24.5,10.0,0.0
2026-12-25,EC_Earth3P_HR,16.5,24.1,10.4,0.0
2026-12-26,EC_Earth3P_HR,15.8,23.9,9.4,0.0
2026-12-27,EC_Earth3P_HR,15.0,23.9,8.5,0.0
2026-12-28,EC_Earth3P_HR,15.4,23.6,9.4,0.0
2026-12-29,EC_Earth3P_HR,14.5,22.4,8.5,0.0
2026-12-30,EC_Earth3P_HR,13.4,21.8,7.7,0.0
2026-12-31,EC_Earth3P_HR,15.1,22.0,7.3,0.0
2027-01-01,EC_Earth3P_HR,16.3,23.1,9.5,0.0
2027-01-02,EC_Earth3P_HR,15.1,23.8,8.7,0.0
2027-01-03,EC_Earth3P_HR,15.0,23.5,7.8,0.0
2027-01-04,EC_Earth3P_HR,14.9,23.5,8.4,0.0
2027-01-05,EC_Earth3P_HR,16.5,23.4,7.6,0.0
2027-01-06,EC_Earth3P_HR,15.2,23.7,8.5,0.0
2027-01-07,EC_Earth3P_HR,14.3,23.3,8.1,0.0
2027-01-08,EC_Earth3P_HR,13.3,22.0,7.2,0.0
2027-01-09,EC_Earth3P_HR,13.0,21.9,6.9,0.0
2027-01-10,EC_Earth3P_HR,13.1,21.6,6.1,0.0
2027-01-11,EC_Earth3P_HR,13.1,21.9,6.4,0.0
2027-01-12,EC_Earth3P_HR,14.9,21.7,6.3,0.0
2027-01-13,EC_Earth3P_HR,13.0,21.6,6.2,0.0
2027-01-14,EC_Earth3P_HR,13.5,21.4,6.8,0.0
2027-01-15,EC_Earth3P_HR,14.3,21.8,8.0,0.0
2027-01-16,EC_Earth3P_HR,12.6,21.0,6.0,0.0
2027-01-17,EC_Earth3P_HR,13.5,22.4,5.3,0.0
2027-01-18,EC_Earth3P_HR,13.4,22.6,6.9,0.0
2027-01-19,EC_Earth3P_HR,14.8,22.9,6.3,0.0
2027-01-20,EC_Earth3P_HR,14.6,23.2,6.9,0.0
2027-01-21,EC_Earth3P_HR,14.6,23.2,7.3,0.0
2027-01-22,EC_Earth3P_HR,15.6,24.0,8.5,0.0
2027-01-23,EC_Earth3P_HR,14.1,22.8,7.8,0.0
2027-01-24,EC_Earth3P_HR,14.0,23.3,7.0,0.0
2027-01-25,EC_Earth3P_HR,14.9,24.0,7.3,0.0
2027-01-26,EC_Earth3P_HR,16.2,25.1,9.5,0.0
2027-01-27,EC_Earth3P_HR,15.7,24.6,9.0,0.0
2027-01-28,EC_Earth3P_HR,16.0,24.4,7.9,0.0
2027-01-29,EC_Earth3P_HR,16.2,25.0,9.9,0.0
2027-01-30,EC_Earth3P_HR,16.5,25.1,9.0,0.0
2027-01-31,EC_Earth3P_HR,15.5,24.9,8.7,0.0
2027-02-01,EC_Earth3P_HR,16.2,25.0,7.7,0.0
2027-02-02,EC_Earth3P_HR,16.7,25.4,8.3,0.0
2027-02-03,EC_Earth3P_HR,17.1,25.6,8.5,0.0
2027-02-04,EC_Earth3P_HR,19.1,26.4,11.7,0.0
2027-02-05,EC_Earth3P_HR,19.0,28.8,11.2,0.0
2027-02-06,EC_Earth3P_HR,21.2,29.1,11.4,0.0
2027-02-07,EC_Earth3P_HR,20.2,28.6,12.1,0.0
2027-02-08,EC_Earth3P_HR,21.5,29.3,14.6,1.92
2027-02-09,EC_Earth3P_HR,16.6,22.5,10.6,0.0
2027-02-10,EC_Earth3P_HR,16.7,23.4,10.2,0.0
2027-02-11,EC_Earth3P_HR,18.5,25.1,11.1,0.0
2027-02-12,EC_Earth3P_HR,18.1,26.6,10.5,0.0
2027-02-13,EC_Earth3P_HR,19.3,27.5,12.7,0.0
2027-02-14,EC_Earth3P_HR,20.3,28.1,12.0,0.0
2027-02-15,EC_Earth3P_HR,21.5,29.1,12.5,0.11
2027-02-16,EC_Earth3P_HR,21.2,27.3,14.4,0.0
2027-02-17,EC_Earth3P_HR,18.2,25.4,12.3,0.0
2027-02-18,EC_Earth3P_HR,17.3,25.2,11.4,0.0
2027-02-19,EC_Earth3P_HR,17.3,25.8,10.3,0.0
2027-02-20,EC_Earth3P_HR,20.0,26.7,9.7,0.0
2027-02-21,EC_Earth3P_HR,19.7,28.3,11.4,0.0
2027-02-22,EC_Earth3P_HR,19.9,28.2,12.6,0.0
2027-02-23,EC_Earth3P_HR,19.0,27.3,12.4,0.0
2027-02-24,EC_Earth3P_HR,20.0,27.6,11.8,0.0
2027-02-25,EC_Earth3P_HR,22.0,29.0,14.9,0.0
2027-02-26,EC_Earth3P_HR,21.9,29.5,14.7,0.0
2027-02-27,EC_Earth3P_HR,22.7,30.4,14.2,0.0
2027-02-28,EC_Earth3P_HR,23.5,31.6,15.8,0.0
2027-03-01,EC_Earth3P_HR,22.1,26.7,15.4,0.79
2027-03-02,EC_Earth3P_HR,21.8,29.6,14.8,0.0
2027-03-03,EC_Earth3P_HR,23.1,29.3,16.7,2.93
2027-03-04,EC_Earth3P_HR,22.5,29.3,16.4,0.0
2027-03-05,EC_Earth3P_HR,21.1,27.6,15.1,0.0
2027-03-06,EC_Earth3P_HR,20.3,27.6,13.9,0.0
2027-03-07,EC_Earth3P_HR,20.7,28.8,12.8,0.0
2027-03-08,EC_Earth3P_HR,23.4,30.8,14.3,0.0
2027-03-09,EC_Earth3P_HR,24.3,29.7,19.3,0.11
2027-03-10,EC_Earth3P_HR,21.9,26.3,15.4,0.32
2027-03-11,EC_Earth3P_HR,22.0,28.9,14.9,0.0
2027-03-12,EC_Earth3P_HR,22.3,30.2,15.1,0.0
2027-03-13,EC_Earth3P_HR,23.1,31.0,14.6,0.0
2027-03-14,EC_Earth3P_HR,24.8,33.5,16.3,0.0
2027-03-15,EC_Earth3P_HR,26.7,35.6,18.5,0.0
2027-03-16,EC_Earth3P_HR,26.9,36.3,18.3,0.0
2027-03-17,EC_Earth3P_HR,27.1,35.1,19.3,0.1
2027-03-18,EC_Earth3P_HR,24.7,31.2,18.8,0.0
2027-03-19,EC_Earth3P_HR,24.3,31.8,18.3,0.0
2027-03-20,EC_Earth3P_HR,24.9,30.8,19.4,0.1
2027-03-21,EC_Earth3P_HR,26.5,33.1,19.4,0.0
2027-03-22,EC_Earth3P_HR,26.8,34.0,20.0,0.1
2027-03-23,EC_Earth3P_HR,28.2,35.0,20.5,0.0
2027-03-24,EC_Earth3P_HR,29.3,34.7,23.4,0.1
2027-03-25,EC_Earth3P_HR,25.3,29.1,19.8,10.47
2027-03-26,EC_Earth3P_HR,23.5,28.3,18.7,0.19
2027-03-27,EC_Earth3P_HR,24.4,30.1,18.7,0.0
2027-03-28,EC_Earth3P_HR,26.2,32.1,19.5,0.0
2027-03-29,EC_Earth3P_HR,25.4,31.4,19.3,0.0
2027-03-30,EC_Earth3P_HR,25.3,32.0,18.7,0.0
2027-03-31,EC_Earth3P_HR,25.8,33.0,18.3,0.0
2027-04-01,EC_Earth3P_HR,26.9,33.9,19.4,0.0
2027-04-02,EC_Earth3P_HR,26.8,33.7,20.5,0.19
2027-04-03,EC_Earth3P_HR,26.7,33.3,20.3,0.92
2027-04-04,EC_Earth3P_HR,26.1,32.6,19.8,0.0
2027-04-05,EC_Earth3P_HR,25.0,31.7,18.8,0.0
2027-04-06,EC_Earth3P_HR,26.6,33.9,18.4,0.0
2027-04-07,EC_Earth3P_HR,27.1,35.2,19.4,0.0
2027-04-08,EC_Earth3P_HR,29.3,36.2,18.8,0.0
2027-04-09,EC_Earth3P_HR,29.4,37.8,19.6,0.0
2027-04-10,EC_Earth3P_HR,31.7,38.6,21.2,0.0
2027-04-11,EC_Earth3P_HR,31.2,39.5,22.0,0.0
2027-04-12,EC_Earth3P_HR,31.3,40.3,21.8,0.0
2027-04-13,EC_Earth3P_HR,31.3,40.2,21.6,0.0
2027-04-14,EC_Earth3P_HR,32.5,39.9,24.4,0.0
2027-04-15,EC_Earth3P_HR,31.5,39.8,22.9,0.0
2027-04-16,EC_Earth3P_HR,32.1,39.6,22.9,0.0
2027-04-17,EC_Earth3P_HR,32.1,40.4,24.8,0.0
2027-04-18,EC_Earth3P_HR,31.9,39.2,22.9,0.09
2027-04-19,EC_Earth3P_HR,32.0,39.7,22.7,0.0
2027-04-20,EC_Earth3P_HR,32.7,40.1,24.7,0.0
2027-04-21,EC_Earth3P_HR,32.3,39.6,24.6,0.09
2027-04-22,EC_Earth3P_HR,30.5,37.7,24.3,0.77
2027-04-23,EC_Earth3P_HR,32.4,38.9,24.3,0.0
2027-04-24,EC_Earth3P_HR,32.1,38.3,25.4,0.0
2027-04-25,EC_Earth3P_HR,32.6,38.6,26.0,0.0
2027-04-26,EC_Earth3P_HR,33.7,40.5,26.2,0.0
2027-04-27,EC_Earth3P_HR,34.4,42.0,26.2,0.0
2027-04-28,EC_Earth3P_HR,35.1,42.5,26.3,0.0
2027-04-29,EC_Earth3P_HR,34.8,41.1,27.5,0.0
2027-04-30,EC_Earth3P_HR,34.0,40.9,25.5,0.0
2027-05-01,EC_Earth3P_HR,34.1,41.5,25.3,0.0
2027-05-02,EC_Earth3P_HR,34.2,41.7,26.1,0.0
2027-05-03,EC_Earth3P_HR,33.7,41.4,25.9,0.0
2027-05-04,EC_Earth3P_HR,33.7,41.8,25.0,0.0
2027-05-05,EC_Earth3P_HR,33.3,41.6,24.9,0.0
2027-05-06,EC_Earth3P_HR,32.9,41.0,22.5,0.0
2027-05-07,EC_Earth3P_HR,30.9,38.7,22.4,0.0
2027-05-08,EC_Earth3P_HR,32.7,40.5,23.1,0.0
2027-05-09,EC_Earth3P_HR,34.9,42.7,25.8,0.0
2027-05-10,EC_Earth3P_HR,35.9,43.4,27.3,0.0
2027-05-11,EC_Earth3P_HR,35.1,43.8,27.0,0.0
2027-05-12,EC_Earth3P_HR,36.5,44.0,28.5,0.0
2027-05-13,EC_Earth3P_HR,36.5,43.8,29.4,0.0
2027-05-14,EC_Earth3P_HR,36.3,42.9,29.3,0.0
2027-05-15,EC_Earth3P_HR,36.6,43.6,28.1,0.0
2027-05-16,EC_Earth3P_HR,36.3,44.1,28.0,0.0
2027-05-17,EC_Earth3P_HR,37.7,44.2,29.4,0.0
2027-05-18,EC_Earth3P_HR,36.2,42.7,26.8,0.0
2027-05-19,EC_Earth3P_HR,35.9,43.4,26.6,0.0
2027-05-20,EC_Earth3P_HR,35.9,43.9,27.6,0.0
2027-05-21,EC_Earth3P_HR,37.0,44.3,29.8,0.0
2027-05-22,EC_Earth3P_HR,36.8,43.6,30.4,0.0
2027-05-23,EC_Earth3P_HR,37.0,44.8,28.1,0.0
2027-05-24,EC_Earth3P_HR,35.3,43.1,27.9,0.0
2027-05-25,EC_Earth3P_HR,36.7,44.0,29.8,0.0
2027-05-26,EC_Earth3P_HR,38.3,46.1,29.9,0.0
2027-05-27,EC_Earth3P_HR,37.3,43.2,31.0,0.0
2027-05-28,EC_Earth3P_HR,37.6,43.0,31.6,0.0
2027-05-29,EC_Earth3P_HR,36.4,41.2,31.5,0.0
2027-05-30,EC_Earth3P_HR,35.7,39.2,32.1,0.0
2027-05-31,EC_Earth3P_HR,35.1,40.2,30.8,0.0
2027-06-01,EC_Earth3P_HR,35.1,41.4,29.4,0.69
2027-06-02,EC_Earth3P_HR,36.0,42.3,28.0,1.78
2027-06-03,EC_Earth3P_HR,35.2,41.4,27.0,0.49
2027-06-04,EC_Earth3P_HR,36.5,43.8,29.8,0.0
2027-06-05,EC_Earth3P_HR,36.3,43.8,29.7,0.0
2027-06-06,EC_Earth3P_HR,37.1,44.2,29.7,0.0
2027-06-07,EC_Earth3P_HR,37.7,42.9,31.5,0.1
2027-06-08,EC_Earth3P_HR,32.4,37.1,26.7,17.0
2027-06-09,EC_Earth3P_HR,29.2,32.5,26.6,9.75
2027-06-10,EC_Earth3P_HR,31.3,34.5,27.3,1.39
2027-06-11,EC_Earth3P_HR,33.1,36.4,29.1,0.2
2027-06-12,EC_Earth3P_HR,33.5,36.9,29.9,0.1
2027-06-13,EC_Earth3P_HR,32.7,36.2,28.5,2.1
2027-06-14,EC_Earth3P_HR,31.7,34.9,27.7,1.1
2027-06-15,EC_Earth3P_HR,29.5,31.9,26.8,23.0
2027-06-16,EC_Earth3P_HR,29.5,33.6,27.0,13.31
2027-06-17,EC_Earth3P_HR,29.4,32.8,26.7,13.62
2027-06-18,EC_Earth3P_HR,28.6,32.1,26.6,21.05
2027-06-19,EC_Earth3P_HR,28.6,31.1,26.4,7.62
2027-06-20,EC_Earth3P_HR,28.5,32.0,26.4,16.56
2027-06-21,EC_Earth3P_HR,28.0,30.8,26.4,21.79
2027-06-22,EC_Earth3P_HR,29.1,32.6,26.4,5.83
2027-06-23,EC_Earth3P_HR,28.7,32.7,26.2,10.56
2027-06-24,EC_Earth3P_HR,29.0,32.8,26.1,19.51
2027-06-25,EC_Earth3P_HR,28.6,32.7,26.1,12.98
2027-06-26,EC_Earth3P_HR,28.7,32.6,26.1,20.04
2027-06-27,EC_Earth3P_HR,28.1,32.0,26.4,17.93
2027-06-28,EC_Earth3P_HR,28.2,30.6,26.3,14.92
2027-06-29,EC_Earth3P_HR,27.8,29.4,26.0,15.23
2027-06-30,EC_Earth3P_HR,28.2,31.2,25.6,5.04
2027-07-01,EC_Earth3P_HR,28.2,31.5,25.6,1.92
2027-07-02,EC_Earth3P_HR,27.9,29.6,25.8,3.84
2027-07-03,EC_Earth3P_HR,29.1,32.9,25.9,4.14
2027-07-04,EC_Earth3P_HR,29.8,33.0,26.7,5.45
2027-07-05,EC_Earth3P_HR,29.8,32.8,26.7,4.74
2027-07-06,EC_Earth3P_HR,29.8,32.4,27.1,9.48
2027-07-07,EC_Earth3P_HR,29.2,31.8,26.9,12.5
2027-07-08,EC_Earth3P_HR,29.0,31.8,26.9,17.12
2027-07-09,EC_Earth3P_HR,28.2,30.6,26.7,14.19
2027-07-10,EC_Earth3P_HR,29.2,32.0,26.7,9.45
2027-07-11,EC_Earth3P_HR,29.1,32.2,26.4,13.27
2027-07-12,EC_Earth3P_HR,29.2,32.6,26.5,14.17
2027-07-13,EC_Earth3P_HR,30.5,34.5,26.5,2.61
2027-07-14,EC_Earth3P_HR,30.9,34.1,27.3,4.21
2027-07-15,EC_Earth3P_HR,30.4,33.3,27.4,16.04
2027-07-16,EC_Earth3P_HR,28.8,30.8,27.3,5.61
2027-07-17,EC_Earth3P_HR,29.6,32.2,27.3,9.11
2027-07-18,EC_Earth3P_HR,30.2,33.1,27.6,10.11
2027-07-19,EC_Earth3P_HR,30.4,33.4,27.8,0.4
2027-07-20,EC_Earth3P_HR,31.0,33.8,27.7,0.4
2027-07-21,EC_Earth3P_HR,31.0,33.7,28.3,0.3
2027-07-22,EC_Earth3P_HR,31.1,33.9,28.5,1.0
2027-07-23,EC_Earth3P_HR,30.6,33.6,26.8,4.89
2027-07-24,EC_Earth3P_HR,29.2,32.6,26.7,15.96
2027-07-25,EC_Earth3P_HR,29.5,32.0,26.8,3.19
2027-07-26,EC_Earth3P_HR,29.7,33.2,26.7,14.84
2027-07-27,EC_Earth3P_HR,28.9,31.3,26.8,2.89
2027-07-28,EC_Earth3P_HR,29.5,33.6,26.7,4.18
2027-07-29,EC_Earth3P_HR,29.1,32.3,27.2,13.52
2027-07-30,EC_Earth3P_HR,30.0,33.0,27.2,7.06
2027-07-31,EC_Earth3P_HR,30.2,33.2,27.3,2.98
2027-08-01,EC_Earth3P_HR,29.7,33.3,27.2,8.93
2027-08-02,EC_Earth3P_HR,30.4,34.0,27.0,2.48
2027-08-03,EC_Earth3P_HR,31.1,34.4,27.9,4.56
2027-08-04,EC_Earth3P_HR,30.4,33.3,27.7,1.39
2027-08-05,EC_Earth3P_HR,30.1,32.9,27.4,1.19
2027-08-06,EC_Earth3P_HR,29.6,32.0,27.0,4.75
2027-08-07,EC_Earth3P_HR,29.0,31.5,26.7,2.77
2027-08-08,EC_Earth3P_HR,29.1,31.6,26.6,0.79
2027-08-09,EC_Earth3P_HR,28.3,32.6,26.0,10.97
2027-08-10,EC_Earth3P_HR,27.9,31.6,25.9,20.83
2027-08-11,EC_Earth3P_HR,28.3,30.9,26.1,7.4
2027-08-12,EC_Earth3P_HR,28.8,31.8,26.2,2.17
2027-08-13,EC_Earth3P_HR,28.8,32.2,26.5,4.93
2027-08-14,EC_Earth3P_HR,29.9,32.8,26.7,10.05
2027-08-15,EC_Earth3P_HR,30.1,32.9,27.3,8.76
2027-08-16,EC_Earth3P_HR,29.7,32.3,27.1,1.97
2027-08-17,EC_Earth3P_HR,28.6,32.0,26.4,11.5
2027-08-18,EC_Earth3P_HR,28.3,31.6,26.3,12.87
2027-08-19,EC_Earth3P_HR,28.1,30.9,25.9,13.75
2027-08-20,EC_Earth3P_HR,27.4,30.4,25.9,16.0
2027-08-21,EC_Earth3P_HR,27.6,30.7,26.0,19.13
2027-08-22,EC_Earth3P_HR,27.6,30.1,26.3,24.61
2027-08-23,EC_Earth3P_HR,28.2,31.4,26.3,13.33
2027-08-24,EC_Earth3P_HR,28.9,31.8,26.2,8.42
2027-08-25,EC_Earth3P_HR,28.4,32.0,26.2,9.3
2027-08-26,EC_Earth3P_HR,28.6,31.4,26.2,13.89
2027-08-27,EC_Earth3P_HR,29.1,32.8,26.1,5.57
2027-08-28,EC_Earth3P_HR,28.9,32.9,26.1,10.55
2027-08-29,EC_Earth3P_HR,28.3,31.5,26.2,7.03
2027-08-30,EC_Earth3P_HR,27.9,30.9,25.6,8.59
2027-08-31,EC_Earth3P_HR,28.3,31.5,25.7,18.43
2027-09-01,EC_Earth3P_HR,28.2,31.5,25.9,20.66
2027-09-02,EC_Earth3P_HR,27.8,30.5,25.9,13.64
2027-09-03,EC_Earth3P_HR,28.1,31.7,25.9,1.75
2027-09-04,EC_Earth3P_HR,28.9,32.0,26.0,2.23
2027-09-05,EC_Earth3P_HR,29.0,32.1,25.9,5.92
2027-09-06,EC_Earth3P_HR,28.5,31.6,25.9,4.46
2027-09-07,EC_Earth3P_HR,28.5,32.1,25.8,3.67
2027-09-08,EC_Earth3P_HR,28.2,30.8,25.9,4.05
2027-09-09,EC_Earth3P_HR,28.4,31.6,25.8,7.04
2027-09-10,EC_Earth3P_HR,29.2,32.4,26.1,8.37
2027-09-11,EC_Earth3P_HR,29.3,32.6,26.6,12.1
2027-09-12,EC_Earth3P_HR,29.1,31.5,26.3,6.04
2027-09-13,EC_Earth3P_HR,28.9,31.9,26.1,4.79
2027-09-14,EC_Earth3P_HR,29.5,32.7,25.7,14.9
2027-09-15,EC_Earth3P_HR,29.1,32.6,25.8,0.95
2027-09-16,EC_Earth3P_HR,29.5,32.7,26.5,1.14
2027-09-17,EC_Earth3P_HR,29.4,32.4,26.7,1.61
2027-09-18,EC_Earth3P_HR,29.1,32.5,26.7,1.61
2027-09-19,EC_Earth3P_HR,28.7,31.7,25.6,5.29
2027-09-20,EC_Earth3P_HR,28.2,31.6,25.5,3.02
2027-09-21,EC_Earth3P_HR,28.0,31.7,25.8,3.2
2027-09-22,EC_Earth3P_HR,28.1,32.0,25.8,7.51
2027-09-23,EC_Earth3P_HR,28.1,31.3,26.1,4.12
2027-09-24,EC_Earth3P_HR,28.3,31.3,25.4,1.4
2027-09-25,EC_Earth3P_HR,27.9,31.3,25.4,2.33
2027-09-26,EC_Earth3P_HR,27.5,30.6,25.5,8.26
2027-09-27,EC_Earth3P_HR,27.6,30.8,24.7,4.53
2027-09-28,EC_Earth3P_HR,27.8,31.2,24.6,2.49
2027-09-29,EC_Earth3P_HR,28.2,31.7,24.9,1.84
2027-09-30,EC_Earth3P_HR,28.4,32.1,24.9,0.82
2027-10-01,EC_Earth3P_HR,28.3,31.6,25.1,1.0
2027-10-02,EC_Earth3P_HR,27.9,32.0,24.9,1.46
2027-10-03,EC_Earth3P_HR,27.4,31.5,24.8,3.62
2027-10-04,EC_Earth3P_HR,27.6,30.9,24.8,6.32
2027-10-05,EC_Earth3P_HR,26.6,29.5,25.0,23.9
2027-10-06,EC_Earth3P_HR,27.2,30.6,24.7,10.2
2027-10-07,EC_Earth3P_HR,27.7,31.7,25.0,10.86
2027-10-08,EC_Earth3P_HR,26.6,29.7,24.7,20.56
2027-10-09,EC_Earth3P_HR,25.9,27.6,24.6,27.85
2027-10-10,EC_Earth3P_HR,25.7,27.9,23.8,13.85
2027-10-11,EC_Earth3P_HR,25.9,30.0,22.6,1.05
2027-10-12,EC_Earth3P_HR,26.4,30.5,22.4,0.17
2027-10-13,EC_Earth3P_HR,26.7,31.0,22.1,0.26
2027-10-14,EC_Earth3P_HR,26.9,31.2,22.5,0.09
2027-10-15,EC_Earth3P_HR,25.6,31.0,18.9,0.25
2027-10-16,EC_Earth3P_HR,22.9,29.5,16.5,0.0
2027-10-17,EC_Earth3P_HR,23.2,29.6,16.2,0.0
2027-10-18,EC_Earth3P_HR,24.6,29.2,17.8,0.0
2027-10-19,EC_Earth3P_HR,25.8,29.8,20.2,0.0
2027-10-20,EC_Earth3P_HR,24.8,30.1,19.7,0.0
2027-10-21,EC_Earth3P_HR,25.5,30.1,20.4,0.08
2027-10-22,EC_Earth3P_HR,25.5,30.3,20.5,0.0
2027-10-23,EC_Earth3P_HR,25.2,30.6,19.8,0.0
2027-10-24,EC_Earth3P_HR,24.9,30.8,19.6,0.0
2027-10-25,EC_Earth3P_HR,24.9,30.8,19.2,0.0
2027-10-26,EC_Earth3P_HR,24.8,30.0,18.9,0.0
2027-10-27,EC_Earth3P_HR,24.7,29.6,18.5,0.0
2027-10-28,EC_Earth3P_HR,24.1,29.7,18.3,0.0
2027-10-29,EC_Earth3P_HR,24.2,29.8,19.2,0.0
2027-10-30,EC_Earth3P_HR,24.7,30.1,19.9,0.0
2027-10-31,EC_Earth3P_HR,24.6,30.3,19.3,0.0
2027-11-01,EC_Earth3P_HR,23.8,30.0,19.1,0.0
2027-11-02,EC_Earth3P_HR,23.8,29.6,17.9,0.0
2027-11-03,EC_Earth3P_HR,22.9,29.6,17.2,0.0
2027-11-04,EC_Earth3P_HR,22.4,29.7,16.0,0.0
2027-11-05,EC_Earth3P_HR,20.8,28.7,14.9,0.0
2027-11-06,EC_Earth3P_HR,19.2,27.2,12.6,0.0
2027-11-07,EC_Earth3P_HR,18.6,26.6,12.1,0.0
2027-11-08,EC_Earth3P_HR,19.3,26.6,12.0,0.0
2027-11-09,EC_Earth3P_HR,19.0,26.9,12.5,0.0
2027-11-10,EC_Earth3P_HR,18.3,26.5,10.9,0.0
2027-11-11,EC_Earth3P_HR,17.1,26.2,10.3,0.0
2027-11-12,EC_Earth3P_HR,17.8,26.4,10.4,0.0
2027-11-13,EC_Earth3P_HR,19.8,26.6,11.6,0.0
2027-11-14,EC_Earth3P_HR,21.1,26.0,16.6,0.0
2027-11-15,EC_Earth3P_HR,20.7,27.9,15.3,0.0
2027-11-16,EC_Earth3P_HR,21.6,27.1,15.3,0.0
2027-11-17,EC_Earth3P_HR,20.6,22.5,18.7,2.53
2027-11-18,EC_Earth3P_HR,21.4,24.5,18.6,3.55
2027-11-19,EC_Earth3P_HR,19.9,21.7,17.4,12.79
2027-11-20,EC_Earth3P_HR,18.8,24.3,14.3,0.07
2027-11-21,EC_Earth3P_HR,18.0,23.6,13.8,0.0
2027-11-22,EC_Earth3P_HR,17.7,23.2,12.5,0.0
2027-11-23,EC_Earth3P_HR,17.2,23.4,12.1,0.0
2027-11-24,EC_Earth3P_HR,16.7,23.3,12.0,0.0
2027-11-25,EC_Earth3P_HR,16.9,24.0,11.8,0.0
2027-11-26,EC_Earth3P_HR,17.0,24.4,11.3,0.0
2027-11-27,EC_Earth3P_HR,18.3,22.7,13.5,0.0
2027-11-28,EC_Earth3P_HR,17.0,23.0,10.8,0.0
2027-11-29,EC_Earth3P_HR,14.9,21.6,9.9,0.0
2027-11-30,EC_Earth3P_HR,13.8,21.7,8.8,0.0
2027-12-01,EC_Earth3P_HR,14.5,21.9,9.0,0.0
2027-12-02,EC_Earth3P_HR,15.8,21.9,8.0,0.0
2027-12-03,EC_Earth3P_HR,15.8,22.5,8.4,0.0
2027-12-04,EC_Earth3P_HR,15.1,22.2,8.5,0.0
2027-12-05,EC_Earth3P_HR,15.6,22.1,10.2,0.0
2027-12-06,EC_Earth3P_HR,14.3,21.6,8.3,0.0
2027-12-07,EC_Earth3P_HR,13.9,21.7,7.7,0.0
2027-12-08,EC_Earth3P_HR,13.7,21.4,8.3,0.0
2027-12-09,EC_Earth3P_HR,15.2,21.4,7.8,0.0
2027-12-10,EC_Earth3P_HR,14.3,21.5,8.6,0.0
2027-12-11,EC_Earth3P_HR,14.1,21.4,9.1,0.0
2027-12-12,EC_Earth3P_HR,14.0,21.3,8.2,0.0
2027-12-13,EC_Earth3P_HR,12.6,20.7,7.1,0.0
2027-12-14,EC_Earth3P_HR,14.7,20.6,6.7,0.0
2027-12-15,EC_Earth3P_HR,14.8,20.8,8.0,0.0
2027-12-16,EC_Earth3P_HR,15.1,20.8,7.4,0.0
2027-12-17,EC_Earth3P_HR,17.1,21.4,10.3,0.0
2027-12-18,EC_Earth3P_HR,15.9,21.8,11.1,0.0
2027-12-19,EC_Earth3P_HR,16.7,21.2,12.0,0.0
2027-12-20,EC_Earth3P_HR,17.2,22.5,13.2,0.0
2027-12-21,EC_Earth3P_HR,16.9,23.4,12.1,0.0
2027-12-22,EC_Earth3P_HR,18.1,24.6,11.7,0.45
2027-12-23,EC_Earth3P_HR,17.5,22.4,13.1,0.28
2027-12-24,EC_Earth3P_HR,15.3,21.2,9.6,0.0
2027-12-25,EC_Earth3P_HR,13.2,20.0,8.3,0.0
2027-12-26,EC_Earth3P_HR,13.0,20.1,7.7,0.0
2027-12-27,EC_Earth3P_HR,13.3,20.7,7.2,0.0
2027-12-28,EC_Earth3P_HR,14.0,21.3,7.8,0.0
2027-12-29,EC_Earth3P_HR,13.7,21.4,7.5,0.0
2027-12-30,EC_Earth3P_HR,15.1,21.1,7.3,0.0
2027-12-31,EC_Earth3P_HR,15.6,21.2,9.8,0.0
2028-01-01,EC_Earth3P_HR,15.7,22.1,9.6,0.0
2028-01-02,EC_Earth3P_HR,15.5,21.6,10.7,0.0
2028-01-03,EC_Earth3P_HR,15.1,21.8,10.4,0.0
2028-01-04,EC_Earth3P_HR,15.7,22.8,10.2,0.0
2028-01-05,EC_Earth3P_HR,16.7,23.6,11.6,0.0
2028-01-06,EC_Earth3P_HR,14.5,20.8,9.2,0.0
2028-01-07,EC_Earth3P_HR,14.1,20.9,8.5,0.0
2028-01-08,EC_Earth3P_HR,17.0,23.1,9.4,0.0
2028-01-09,EC_Earth3P_HR,18.8,23.5,15.8,0.0
2028-01-10,EC_Earth3P_HR,19.3,24.6,14.1,0.0
2028-01-11,EC_Earth3P_HR,17.8,24.5,11.9,0.0
2028-01-12,EC_Earth3P_HR,15.8,22.3,11.0,0.0
2028-01-13,EC_Earth3P_HR,15.1,22.3,9.8,0.0
2028-01-14,EC_Earth3P_HR,14.9,21.3,9.0,0.0
2028-01-15,EC_Earth3P_HR,15.9,22.0,8.6,0.0
2028-01-16,EC_Earth3P_HR,14.8,23.3,8.1,0.0
2028-01-17,EC_Earth3P_HR,15.3,21.2,9.8,0.0
2028-01-18,EC_Earth3P_HR,17.3,25.1,11.4,0.0
2028-01-19,EC_Earth3P_HR,16.0,22.5,10.4,0.0
2028-01-20,EC_Earth3P_HR,14.8,21.5,9.6,0.0
2028-01-21,EC_Earth3P_HR,14.8,21.7,8.6,0.0
2028-01-22,EC_Earth3P_HR,15.9,23.5,10.1,0.0
2028-01-23,EC_Earth3P_HR,16.9,24.2,9.9,0.0
2028-01-24,EC_Earth3P_HR,17.8,23.8,11.3,1.25
2028-01-25,EC_Earth3P_HR,15.4,17.3,12.6,14.6
2028-01-26,EC_Earth3P_HR,14.3,18.2,9.9,0.45
2028-01-27,EC_Earth3P_HR,13.9,20.0,8.9,0.0
2028-01-28,EC_Earth3P_HR,15.7,21.1,9.0,0.0
2028-01-29,EC_Earth3P_HR,15.4,22.2,9.5,0.0
2028-01-30,EC_Earth3P_HR,15.6,23.1,9.1,0.0
2028-01-31,EC_Earth3P_HR,16.7,22.6,9.6,0.0
2028-02-01,EC_Earth3P_HR,15.6,22.9,9.1,0.0
2028-02-02,EC_Earth3P_HR,14.5,22.5,7.5,0.0
2028-02-03,EC_Earth3P_HR,15.6,20.8,6.4,0.0
2028-02-04,EC_Earth3P_HR,16.7,23.5,11.2,2.37
2028-02-05,EC_Earth3P_HR,16.4,22.5,11.9,0.0
2028-02-06,EC_Earth3P_HR,15.9,21.2,11.7,0.0
2028-02-07,EC_Earth3P_HR,15.5,21.8,10.4,0.0
2028-02-08,EC_Earth3P_HR,15.3,22.7,8.7,0.0
2028-02-09,EC_Earth3P_HR,16.8,24.0,8.4,0.0
2028-02-10,EC_Earth3P_HR,16.4,24.6,9.9,0.0
2028-02-11,EC_Earth3P_HR,15.8,23.7,8.8,0.0
2028-02-12,EC_Earth3P_HR,15.9,23.4,8.3,0.0
2028-02-13,EC_Earth3P_HR,17.9,25.1,11.3,0.0
2028-02-14,EC_Earth3P_HR,18.2,25.0,12.7,0.0
2028-02-15,EC_Earth3P_HR,17.0,22.6,12.0,0.0
2028-02-16,EC_Earth3P_HR,17.5,23.3,11.5,0.0
2028-02-17,EC_Earth3P_HR,19.0,25.4,14.3,0.0
2028-02-18,EC_Earth3P_HR,19.1,25.5,14.1,0.0
2028-02-19,EC_Earth3P_HR,19.7,27.3,13.5,0.0
2028-02-20,EC_Earth3P_HR,18.2,26.6,10.9,0.0
2028-02-21,EC_Earth3P_HR,17.2,26.1,10.0,0.0
2028-02-22,EC_Earth3P_HR,17.3,25.6,9.7,0.0
2028-02-23,EC_Earth3P_HR,19.4,26.2,9.5,0.0
2028-02-24,EC_Earth3P_HR,17.7,27.0,9.3,0.0
2028-02-25,EC_Earth3P_HR,18.2,27.0,10.2,0.0
2028-02-26,EC_Earth3P_HR,18.6,27.8,11.4,0.0
2028-02-27,EC_Earth3P_HR,19.8,28.5,10.8,0.0
2028-02-28,EC_Earth3P_HR,21.1,30.4,13.7,0.0
2028-02-29,EC_Earth3P_HR,22.8,31.7,15.2,0.0
2028-03-01,EC_Earth3P_HR,21.1,29.3,14.3,0.0
2028-03-02,EC_Earth3P_HR,22.8,30.2,15.1,0.0
2028-03-03,EC_Earth3P_HR,23.4,30.7,16.8,0.0
2028-03-04,EC_Earth3P_HR,21.9,30.7,14.6,0.0
2028-03-05,EC_Earth3P_HR,24.3,32.0,13.8,0.0
2028-03-06,EC_Earth3P_HR,23.8,32.5,14.5,0.0
2028-03-07,EC_Earth3P_HR,23.4,31.8,16.2,0.0
2028-03-08,EC_Earth3P_HR,23.1,31.3,15.5,0.0
2028-03-09,EC_Earth3P_HR,22.9,31.7,14.6,0.0
2028-03-10,EC_Earth3P_HR,22.7,32.3,13.8,0.0
2028-03-11,EC_Earth3P_HR,24.5,33.7,15.3,0.0
2028-03-12,EC_Earth3P_HR,25.0,34.7,16.5,0.0
2028-03-13,EC_Earth3P_HR,24.9,34.7,16.7,0.0
2028-03-14,EC_Earth3P_HR,25.3,35.0,16.0,0.0
2028-03-15,EC_Earth3P_HR,25.2,34.2,17.2,0.0
2028-03-16,EC_Earth3P_HR,24.9,33.8,17.1,0.0
2028-03-17,EC_Earth3P_HR,27.9,35.6,19.6,0.0
2028-03-18,EC_Earth3P_HR,28.4,36.5,21.1,0.0
2028-03-19,EC_Earth3P_HR,27.6,35.3,20.5,0.0
2028-03-20,EC_Earth3P_HR,27.4,35.7,20.3,0.0
2028-03-21,EC_Earth3P_HR,28.1,35.3,19.8,0.0
2028-03-22,EC_Earth3P_HR,27.8,35.6,18.4,0.0
2028-03-23,EC_Earth3P_HR,26.4,34.6,18.4,0.0
2028-03-24,EC_Earth3P_HR,27.2,35.1,18.0,0.0
2028-03-25,EC_Earth3P_HR,28.4,35.8,19.7,0.0
2028-03-26,EC_Earth3P_HR,28.3,36.4,21.8,1.44
2028-03-27,EC_Earth3P_HR,28.1,34.1,22.4,0.0
2028-03-28,EC_Earth3P_HR,28.6,35.3,22.4,0.0
2028-03-29,EC_Earth3P_HR,28.6,35.5,22.3,0.0
2028-03-30,EC_Earth3P_HR,28.0,35.2,20.6,0.0
2028-03-31,EC_Earth3P_HR,28.0,35.7,20.3,0.0
2028-04-01,EC_Earth3P_HR,28.4,36.3,20.6,0.0
2028-04-02,EC_Earth3P_HR,28.3,37.1,19.8,0.0
2028-04-03,EC_Earth3P_HR,29.0,37.6,19.3,0.0
2028-04-04,EC_Earth3P_HR,31.0,38.3,18.8,0.0
2028-04-05,EC_Earth3P_HR,31.3,39.1,19.8,0.0
2028-04-06,EC_Earth3P_HR,32.0,40.4,22.3,0.0
2028-04-07,EC_Earth3P_HR,32.8,39.9,25.0,0.0
2028-04-08,EC_Earth3P_HR,32.0,38.8,24.5,0.0
2028-04-09,EC_Earth3P_HR,32.0,39.7,24.3,0.0
2028-04-10,EC_Earth3P_HR,31.4,39.9,22.2,0.0
2028-04-11,EC_Earth3P_HR,32.0,40.5,21.9,0.0
2028-04-12,EC_Earth3P_HR,32.8,41.1,23.3,0.0
2028-04-13,EC_Earth3P_HR,33.5,41.1,24.0,0.0
2028-04-14,EC_Earth3P_HR,31.9,38.4,24.2,0.0
2028-04-15,EC_Earth3P_HR,31.8,38.3,24.0,0.09
2028-04-16,EC_Earth3P_HR,31.6,37.8,23.2,0.17
2028-04-17,EC_Earth3P_HR,30.9,38.3,22.8,0.0
2028-04-18,EC_Earth3P_HR,31.2,38.9,22.6,0.0
2028-04-19,EC_Earth3P_HR,32.3,39.1,23.3,0.0
2028-04-20,EC_Earth3P_HR,32.1,39.1,24.1,0.09
2028-04-21,EC_Earth3P_HR,32.1,40.2,23.8,0.0
2028-04-22,EC_Earth3P_HR,31.0,35.7,25.8,0.0
2028-04-23,EC_Earth3P_HR,32.7,39.0,25.0,0.0
2028-04-24,EC_Earth3P_HR,30.9,36.5,25.2,0.0
2028-04-25,EC_Earth3P_HR,32.0,39.0,23.6,0.0
2028-04-26,EC_Earth3P_HR,30.8,38.4,23.5,0.42
2028-04-27,EC_Earth3P_HR,30.4,36.5,24.1,0.0
2028-04-28,EC_Earth3P_HR,30.4,38.1,21.7,0.25
2028-04-29,EC_Earth3P_HR,27.8,36.2,20.4,1.07
2028-04-30,EC_Earth3P_HR,27.0,33.5,20.2,0.0
2028-05-01,EC_Earth3P_HR,28.9,35.7,20.1,0.0
2028-05-02,EC_Earth3P_HR,31.4,38.2,22.8,0.0
2028-05-03,EC_Earth3P_HR,33.5,39.9,25.7,0.0
2028-05-04,EC_Earth3P_HR,33.8,39.9,27.0,0.0
2028-05-05,EC_Earth3P_HR,32.8,38.8,24.3,0.0
2028-05-06,EC_Earth3P_HR,31.2,38.4,22.4,1.5
2028-05-07,EC_Earth3P_HR,30.1,37.2,22.2,0.0
2028-05-08,EC_Earth3P_HR,30.9,38.8,22.1,0.0
2028-05-09,EC_Earth3P_HR,30.7,38.8,24.3,0.0
2028-05-10,EC_Earth3P_HR,29.4,34.6,24.5,0.0
2028-05-11,EC_Earth3P_HR,30.7,37.3,24.4,0.56
2028-05-12,EC_Earth3P_HR,28.8,35.2,24.5,1.12
2028-05-13,EC_Earth3P_HR,30.0,35.0,23.0,2.62
2028-05-14,EC_Earth3P_HR,29.1,34.7,22.9,0.0
2028-05-15,EC_Earth3P_HR,30.8,37.0,24.0,2.18
2028-05-16,EC_Earth3P_HR,30.9,36.7,24.0,0.0
2028-05-17,EC_Earth3P_HR,32.5,38.7,25.2,0.0
2028-05-18,EC_Earth3P_HR,32.6,39.3,25.2,0.0
2028-05-19,EC_Earth3P_HR,32.9,39.4,25.1,0.0
2028-05-20,EC_Earth3P_HR,33.9,40.3,26.0,0.0
2028-05-21,EC_Earth3P_HR,34.6,41.4,26.0,0.0
2028-05-22,EC_Earth3P_HR,35.4,42.1,28.6,0.0
2028-05-23,EC_Earth3P_HR,35.4,41.6,28.4,0.0
2028-05-24,EC_Earth3P_HR,33.6,39.7,27.0,0.29
2028-05-25,EC_Earth3P_HR,34.4,40.3,26.9,0.0
2028-05-26,EC_Earth3P_HR,33.0,38.9,27.8,0.0
2028-05-27,EC_Earth3P_HR,33.1,36.6,28.2,0.0
2028-05-28,EC_Earth3P_HR,35.7,40.3,30.1,0.0
2028-05-29,EC_Earth3P_HR,37.0,42.0,31.4,0.0
2028-05-30,EC_Earth3P_HR,38.3,43.4,32.2,0.0
2028-05-31,EC_Earth3P_HR,38.8,44.4,33.2,0.0
2028-06-01,EC_Earth3P_HR,39.4,45.1,32.9,0.0
2028-06-02,EC_Earth3P_HR,38.7,44.9,31.3,0.0
2028-06-03,EC_Earth3P_HR,38.0,45.7,30.0,0.0
2028-06-04,EC_Earth3P_HR,37.7,45.3,30.1,0.0
2028-06-05,EC_Earth3P_HR,38.2,44.4,32.4,0.0
2028-06-06,EC_Earth3P_HR,35.9,42.2,30.1,0.5
2028-06-07,EC_Earth3P_HR,35.4,39.9,30.4,0.7
2028-06-08,EC_Earth3P_HR,37.7,42.5,33.0,0.0
2028-06-09,EC_Earth3P_HR,37.1,41.4,31.2,0.0
2028-06-10,EC_Earth3P_HR,33.5,37.5,29.2,0.0
2028-06-11,EC_Earth3P_HR,28.8,34.5,23.7,26.93
2028-06-12,EC_Earth3P_HR,24.5,24.4,24.5,58.71
2028-06-13,EC_Earth3P_HR,25.9,26.9,24.5,57.85
2028-06-14,EC_Earth3P_HR,29.6,32.6,26.6,7.3
2028-06-15,EC_Earth3P_HR,29.9,32.6,26.6,2.2
2028-06-16,EC_Earth3P_HR,29.7,32.1,27.1,6.81
2028-06-17,EC_Earth3P_HR,30.6,33.1,27.1,3.01
2028-06-18,EC_Earth3P_HR,30.3,34.6,26.9,24.47
2028-06-19,EC_Earth3P_HR,28.1,30.3,26.1,16.05
2028-06-20,EC_Earth3P_HR,27.4,30.8,25.6,33.03
2028-06-21,EC_Earth3P_HR,27.3,30.4,25.8,35.46
2028-06-22,EC_Earth3P_HR,27.6,30.0,26.2,43.83
2028-06-23,EC_Earth3P_HR,28.9,31.5,26.3,5.43
2028-06-24,EC_Earth3P_HR,29.8,33.0,26.3,0.2
2028-06-25,EC_Earth3P_HR,30.6,33.9,26.8,0.2
2028-06-26,EC_Earth3P_HR,30.3,33.7,26.9,8.36
2028-06-27,EC_Earth3P_HR,28.3,31.5,26.4,9.98
2028-06-28,EC_Earth3P_HR,28.5,31.2,26.1,6.65
2028-06-29,EC_Earth3P_HR,28.6,32.7,26.1,10.69
2028-06-30,EC_Earth3P_HR,28.6,32.2,26.1,11.0
2028-07-01,EC_Earth3P_HR,28.5,31.8,26.1,2.42
2028-07-02,EC_Earth3P_HR,29.6,32.9,26.8,4.14
2028-07-03,EC_Earth3P_HR,29.3,33.3,26.9,6.26
2028-07-04,EC_Earth3P_HR,29.9,33.4,27.2,4.74
2028-07-05,EC_Earth3P_HR,30.1,33.4,27.3,1.61
2028-07-06,EC_Earth3P_HR,29.5,32.5,27.2,4.74
2028-07-07,EC_Earth3P_HR,28.5,30.3,26.7,8.66
2028-07-08,EC_Earth3P_HR,28.8,32.1,26.7,17.72
2028-07-09,EC_Earth3P_HR,28.4,30.5,26.7,13.48
2028-07-10,EC_Earth3P_HR,29.9,33.3,26.5,9.45
2028-07-11,EC_Earth3P_HR,28.7,32.4,26.5,17.58
2028-07-12,EC_Earth3P_HR,28.6,32.7,26.5,17.47
2028-07-13,EC_Earth3P_HR,29.7,33.2,27.0,3.71
2028-07-14,EC_Earth3P_HR,30.3,33.1,27.1,1.1
2028-07-15,EC_Earth3P_HR,29.4,31.7,27.0,1.3
2028-07-16,EC_Earth3P_HR,28.5,31.8,26.6,17.83
2028-07-17,EC_Earth3P_HR,27.9,30.4,26.2,16.02
2028-07-18,EC_Earth3P_HR,27.9,30.9,26.2,13.21
2028-07-19,EC_Earth3P_HR,27.7,29.9,26.2,9.6
2028-07-20,EC_Earth3P_HR,28.5,31.9,26.1,3.1
2028-07-21,EC_Earth3P_HR,29.3,32.2,26.4,2.0
2028-07-22,EC_Earth3P_HR,29.8,33.8,26.8,3.29
2028-07-23,EC_Earth3P_HR,28.3,31.5,26.3,9.88
2028-07-24,EC_Earth3P_HR,28.6,31.3,26.2,3.89
2028-07-25,EC_Earth3P_HR,29.2,33.1,26.2,1.89
2028-07-26,EC_Earth3P_HR,28.9,32.5,26.2,6.87
2028-07-27,EC_Earth3P_HR,29.4,33.0,26.3,8.86
2028-07-28,EC_Earth3P_HR,28.6,31.5,26.7,7.06
2028-07-29,EC_Earth3P_HR,27.9,29.5,26.2,31.61
2028-07-30,EC_Earth3P_HR,27.7,30.4,26.1,10.83
2028-07-31,EC_Earth3P_HR,28.3,31.9,26.0,10.72
2028-08-01,EC_Earth3P_HR,27.6,30.8,26.0,9.92
2028-08-02,EC_Earth3P_HR,27.9,30.3,25.6,34.01
2028-08-03,EC_Earth3P_HR,27.7,29.5,25.6,15.56
2028-08-04,EC_Earth3P_HR,28.2,31.9,25.6,9.9
2028-08-05,EC_Earth3P_HR,27.7,30.8,25.7,17.22
2028-08-06,EC_Earth3P_HR,27.8,30.9,25.7,7.81
2028-08-07,EC_Earth3P_HR,28.4,32.2,25.7,3.46
2028-08-08,EC_Earth3P_HR,29.1,32.0,25.6,7.41
2028-08-09,EC_Earth3P_HR,29.4,33.4,26.2,3.36
2028-08-10,EC_Earth3P_HR,29.6,32.4,26.6,8.98
2028-08-11,EC_Earth3P_HR,29.8,32.8,26.6,4.24
2028-08-12,EC_Earth3P_HR,29.3,32.3,26.9,7.0
2028-08-13,EC_Earth3P_HR,28.7,31.9,26.5,10.15
2028-08-14,EC_Earth3P_HR,29.8,33.0,26.5,2.36
2028-08-15,EC_Earth3P_HR,30.1,33.1,27.0,5.9
2028-08-16,EC_Earth3P_HR,29.5,32.2,27.0,10.03
2028-08-17,EC_Earth3P_HR,29.6,32.1,27.2,4.52
2028-08-18,EC_Earth3P_HR,29.2,32.1,27.1,12.47
2028-08-19,EC_Earth3P_HR,28.9,32.1,26.6,10.31
2028-08-20,EC_Earth3P_HR,28.4,31.0,26.1,11.18
2028-08-21,EC_Earth3P_HR,27.6,29.7,25.6,11.67
2028-08-22,EC_Earth3P_HR,27.9,31.6,25.7,15.88
2028-08-23,EC_Earth3P_HR,28.0,31.1,25.8,6.66
2028-08-24,EC_Earth3P_HR,28.3,31.7,25.7,3.03
2028-08-25,EC_Earth3P_HR,28.7,32.4,25.9,5.67
2028-08-26,EC_Earth3P_HR,29.1,33.0,26.0,4.5
2028-08-27,EC_Earth3P_HR,28.9,32.6,26.3,5.96
2028-08-28,EC_Earth3P_HR,30.1,32.8,26.1,4.49
2028-08-29,EC_Earth3P_HR,28.7,32.1,26.3,14.45
2028-08-30,EC_Earth3P_HR,27.6,31.4,25.4,15.22
2028-08-31,EC_Earth3P_HR,27.9,31.6,25.4,10.33
2028-09-01,EC_Earth3P_HR,27.7,30.8,25.5,10.52
2028-09-02,EC_Earth3P_HR,27.8,31.3,25.5,16.25
2028-09-03,EC_Earth3P_HR,28.1,31.8,25.5,7.0
2028-09-04,EC_Earth3P_HR,29.3,33.1,25.6,2.33
2028-09-05,EC_Earth3P_HR,29.6,33.2,26.1,2.23
2028-09-06,EC_Earth3P_HR,29.7,33.3,26.6,1.45
2028-09-07,EC_Earth3P_HR,29.5,32.9,26.4,10.72
2028-09-08,EC_Earth3P_HR,30.1,33.7,26.5,10.99
2028-09-09,EC_Earth3P_HR,29.2,32.6,26.5,4.14
2028-09-10,EC_Earth3P_HR,28.9,32.8,26.4,5.57
2028-09-11,EC_Earth3P_HR,29.1,32.8,26.3,0.96
2028-09-12,EC_Earth3P_HR,28.9,32.2,25.7,1.15
2028-09-13,EC_Earth3P_HR,28.7,32.3,25.6,0.96
2028-09-14,EC_Earth3P_HR,27.8,31.4,25.9,4.29
2028-09-15,EC_Earth3P_HR,28.1,31.2,26.2,7.9
2028-09-16,EC_Earth3P_HR,28.2,31.3,26.0,6.65
2028-09-17,EC_Earth3P_HR,28.4,32.2,25.8,2.46
2028-09-18,EC_Earth3P_HR,28.0,31.2,25.6,2.93
2028-09-19,EC_Earth3P_HR,28.3,32.2,25.4,5.38
2028-09-20,EC_Earth3P_HR,28.6,32.5,25.4,4.24
2028-09-21,EC_Earth3P_HR,28.4,32.0,26.1,7.89
2028-09-22,EC_Earth3P_HR,29.0,32.2,26.0,1.31
2028-09-23,EC_Earth3P_HR,29.4,32.9,25.9,0.84
2028-09-24,EC_Earth3P_HR,28.2,31.8,25.7,6.43
2028-09-25,EC_Earth3P_HR,27.4,30.6,25.5,3.53
2028-09-26,EC_Earth3P_HR,27.4,30.5,25.2,7.22
2028-09-27,EC_Earth3P_HR,27.2,31.7,24.8,2.86
2028-09-28,EC_Earth3P_HR,27.7,31.0,24.7,2.48
2028-09-29,EC_Earth3P_HR,28.1,31.5,24.5,0.92
2028-09-30,EC_Earth3P_HR,27.7,31.8,23.8,0.18
2028-10-01,EC_Earth3P_HR,28.0,31.8,23.1,0.09
2028-10-02,EC_Earth3P_HR,27.8,32.2,23.0,0.0
2028-10-03,EC_Earth3P_HR,27.7,31.5,23.9,3.79
2028-10-04,EC_Earth3P_HR,25.9,27.4,24.2,9.8
2028-10-05,EC_Earth3P_HR,26.6,28.8,24.1,3.31
2028-10-06,EC_Earth3P_HR,27.4,31.2,25.3,8.56
2028-10-07,EC_Earth3P_HR,27.6,31.7,25.0,5.85
2028-10-08,EC_Earth3P_HR,27.5,30.8,24.9,6.97
2028-10-09,EC_Earth3P_HR,28.1,31.6,24.0,0.79
2028-10-10,EC_Earth3P_HR,26.7,31.4,23.0,0.0
2028-10-11,EC_Earth3P_HR,26.9,31.4,21.7,0.0
2028-10-12,EC_Earth3P_HR,27.1,31.2,21.5,0.34
2028-10-13,EC_Earth3P_HR,28.2,31.8,24.7,1.97
2028-10-14,EC_Earth3P_HR,28.5,32.0,25.2,1.7
2028-10-15,EC_Earth3P_HR,27.9,31.9,25.0,2.62
2028-10-16,EC_Earth3P_HR,27.6,31.2,24.3,1.09
2028-10-17,EC_Earth3P_HR,27.4,31.3,23.5,1.49
2028-10-18,EC_Earth3P_HR,27.3,31.5,23.4,0.58
2028-10-19,EC_Earth3P_HR,27.0,31.7,22.6,1.14
2028-10-20,EC_Earth3P_HR,26.8,31.2,22.3,0.08
2028-10-21,EC_Earth3P_HR,26.6,30.9,22.4,0.32
2028-10-22,EC_Earth3P_HR,26.1,30.9,22.2,1.57
2028-10-23,EC_Earth3P_HR,25.4,30.4,21.3,0.0
2028-10-24,EC_Earth3P_HR,24.8,30.5,18.3,0.0
2028-10-25,EC_Earth3P_HR,22.3,29.0,17.2,0.0
2028-10-26,EC_Earth3P_HR,22.7,28.7,16.5,0.0
2028-10-27,EC_Earth3P_HR,23.2,29.0,16.4,0.29
2028-10-28,EC_Earth3P_HR,24.3,28.6,20.3,1.21
2028-10-29,EC_Earth3P_HR,23.9,29.2,18.1,0.14
2028-10-30,EC_Earth3P_HR,22.9,29.0,17.5,0.0
2028-10-31,EC_Earth3P_HR,22.6,29.6,16.8,0.0
2028-11-01,EC_Earth3P_HR,23.3,29.3,16.5,0.0
2028-11-02,EC_Earth3P_HR,23.6,29.3,17.8,0.0
2028-11-03,EC_Earth3P_HR,23.7,29.5,17.5,0.0
2028-11-04,EC_Earth3P_HR,23.8,29.3,18.2,0.0
2028-11-05,EC_Earth3P_HR,24.1,29.2,17.5,0.0
2028-11-06,EC_Earth3P_HR,23.9,28.9,17.2,0.0
2028-11-07,EC_Earth3P_HR,23.7,28.7,17.3,0.0
2028-11-08,EC_Earth3P_HR,22.4,28.7,16.8,0.0
2028-11-09,EC_Earth3P_HR,21.9,28.8,16.1,0.0
2028-11-10,EC_Earth3P_HR,23.1,28.4,15.9,0.0
2028-11-11,EC_Earth3P_HR,23.2,27.8,16.3,0.0
2028-11-12,EC_Earth3P_HR,21.8,26.5,17.3,0.0
2028-11-13,EC_Earth3P_HR,21.1,26.6,16.5,0.0
2028-11-14,EC_Earth3P_HR,21.0,26.2,15.6,0.07
2028-11-15,EC_Earth3P_HR,22.1,26.9,15.2,0.0
2028-11-16,EC_Earth3P_HR,20.8,27.1,15.6,0.0
2028-11-17,EC_Earth3P_HR,20.8,27.4,15.9,0.0
2028-11-18,EC_Earth3P_HR,21.2,27.8,15.5,0.0
2028-11-19,EC_Earth3P_HR,20.6,28.1,14.8,0.0
2028-11-20,EC_Earth3P_HR,21.6,27.7,14.4,0.0
2028-11-21,EC_Earth3P_HR,21.9,26.6,18.6,0.0
2028-11-22,EC_Earth3P_HR,21.0,25.3,17.3,0.14
2028-11-23,EC_Earth3P_HR,20.8,26.7,16.3,0.0
2028-11-24,EC_Earth3P_HR,21.6,27.8,16.0,0.56
2028-11-25,EC_Earth3P_HR,21.9,27.3,17.3,0.0
2028-11-26,EC_Earth3P_HR,21.4,24.8,17.9,3.02
2028-11-27,EC_Earth3P_HR,21.1,25.6,17.0,0.35
2028-11-28,EC_Earth3P_HR,20.7,26.6,15.5,0.0
2028-11-29,EC_Earth3P_HR,20.7,25.6,15.4,0.14
2028-11-30,EC_Earth3P_HR,19.8,21.4,17.9,4.47
2028-12-01,EC_Earth3P_HR,20.0,25.3,13.5,0.0
2028-12-02,EC_Earth3P_HR,17.2,23.8,12.1,0.0
2028-12-03,EC_Earth3P_HR,16.0,23.1,10.6,0.0
2028-12-04,EC_Earth3P_HR,17.1,22.7,10.1,0.0
2028-12-05,EC_Earth3P_HR,14.7,15.9,14.0,10.19
2028-12-06,EC_Earth3P_HR,14.9,15.4,13.5,1.51
2028-12-07,EC_Earth3P_HR,15.9,21.6,10.4,0.0
2028-12-08,EC_Earth3P_HR,14.3,21.6,9.0,0.0
2028-12-09,EC_Earth3P_HR,14.2,21.3,8.2,0.0
2028-12-10,EC_Earth3P_HR,14.3,20.8,7.9,0.0
2028-12-11,EC_Earth3P_HR,13.6,20.9,7.9,0.0
2028-12-12,EC_Earth3P_HR,13.8,21.1,8.0,0.0
2028-12-13,EC_Earth3P_HR,15.4,20.7,9.6,0.0
2028-12-14,EC_Earth3P_HR,15.0,21.4,10.4,0.0
2028-12-15,EC_Earth3P_HR,15.5,22.2,10.0,0.0
2028-12-16,EC_Earth3P_HR,16.3,21.8,9.8,0.0
2028-12-17,EC_Earth3P_HR,14.3,21.8,8.5,0.0
2028-12-18,EC_Earth3P_HR,13.4,21.1,7.9,0.0
2028-12-19,EC_Earth3P_HR,13.6,21.0,7.7,0.0
2028-12-20,EC_Earth3P_HR,14.0,21.5,8.4,0.0
2028-12-21,EC_Earth3P_HR,13.7,21.7,8.1,0.0
2028-12-22,EC_Earth3P_HR,14.7,22.3,8.9,0.0
2028-12-23,EC_Earth3P_HR,14.7,22.6,9.1,0.0
2028-12-24,EC_Earth3P_HR,13.1,21.0,6.8,0.0
2028-12-25,EC_Earth3P_HR,14.4,20.8,6.3,0.0
2028-12-26,EC_Earth3P_HR,13.8,20.5,6.9,0.0
2028-12-27,EC_Earth3P_HR,12.8,20.2,6.9,0.0
2028-12-28,EC_Earth3P_HR,12.9,19.3,6.2,0.0
2028-12-29,EC_Earth3P_HR,14.1,20.8,7.7,0.0
2028-12-30,EC_Earth3P_HR,15.5,19.3,12.1,21.33
2028-12-31,EC_Earth3P_HR,16.8,20.2,13.5,5.53
2029-01-01,EC_Earth3P_HR,15.8,20.2,10.4,0.8
2029-01-02,EC_Earth3P_HR,13.6,19.6,8.3,0.0
2029-01-03,EC_Earth3P_HR,12.0,18.9,7.4,0.0
2029-01-04,EC_Earth3P_HR,12.3,18.7,7.3,0.0
2029-01-05,EC_Earth3P_HR,11.6,18.8,6.2,0.0
2029-01-06,EC_Earth3P_HR,12.1,19.9,5.7,0.0
2029-01-07,EC_Earth3P_HR,13.9,20.8,7.4,0.0
2029-01-08,EC_Earth3P_HR,14.4,20.1,9.8,0.0
2029-01-09,EC_Earth3P_HR,15.5,20.2,9.0,0.0
2029-01-10,EC_Earth3P_HR,14.5,21.6,8.7,0.0
2029-01-11,EC_Earth3P_HR,16.2,22.3,7.9,0.0
2029-01-12,EC_Earth3P_HR,15.3,21.8,9.6,0.0
2029-01-13,EC_Earth3P_HR,15.6,21.0,8.7,0.0
2029-01-14,EC_Earth3P_HR,16.9,22.2,11.6,0.91
2029-01-15,EC_Earth3P_HR,17.1,22.9,13.0,1.47
2029-01-16,EC_Earth3P_HR,16.7,22.5,11.5,0.0
2029-01-17,EC_Earth3P_HR,13.2,18.1,8.2,0.0
2029-01-18,EC_Earth3P_HR,11.1,17.1,6.2,0.0
2029-01-19,EC_Earth3P_HR,10.8,18.2,5.3,0.0
2029-01-20,EC_Earth3P_HR,11.7,19.6,5.0,0.0
2029-01-21,EC_Earth3P_HR,12.9,20.8,6.4,0.0
2029-01-22,EC_Earth3P_HR,13.3,20.2,8.0,0.0
2029-01-23,EC_Earth3P_HR,14.2,20.5,8.3,0.0
2029-01-24,EC_Earth3P_HR,14.6,21.2,8.0,0.0
2029-01-25,EC_Earth3P_HR,15.5,22.0,8.5,0.0
2029-01-26,EC_Earth3P_HR,15.5,22.7,9.8,0.0
2029-01-27,EC_Earth3P_HR,17.2,23.2,9.8,0.0
2029-01-28,EC_Earth3P_HR,17.7,24.0,9.8,0.0
2029-01-29,EC_Earth3P_HR,17.8,24.6,9.4,0.23
2029-01-30,EC_Earth3P_HR,16.5,20.6,11.9,7.01
2029-01-31,EC_Earth3P_HR,16.0,21.6,11.6,0.11
2029-02-01,EC_Earth3P_HR,14.9,21.7,9.1,0.0
2029-02-02,EC_Earth3P_HR,14.0,20.5,8.5,0.0
2029-02-03,EC_Earth3P_HR,14.2,20.4,7.9,0.0
2029-02-04,EC_Earth3P_HR,14.3,21.3,9.0,0.0
2029-02-05,EC_Earth3P_HR,13.9,21.5,8.3,0.0
2029-02-06,EC_Earth3P_HR,15.5,23.8,8.0,0.0
2029-02-07,EC_Earth3P_HR,17.6,25.3,10.1,0.0
2029-02-08,EC_Earth3P_HR,17.8,25.3,12.3,0.0
2029-02-09,EC_Earth3P_HR,17.5,23.8,11.7,0.0
2029-02-10,EC_Earth3P_HR,17.3,24.8,11.3,0.0
2029-02-11,EC_Earth3P_HR,18.4,26.1,10.4,0.0
2029-02-12,EC_Earth3P_HR,17.4,24.9,10.9,0.0
2029-02-13,EC_Earth3P_HR,19.9,25.7,11.8,0.11
2029-02-14,EC_Earth3P_HR,18.9,24.7,13.1,0.0
2029-02-15,EC_Earth3P_HR,17.3,23.4,10.7,0.0
2029-02-16,EC_Earth3P_HR,15.5,21.8,10.7,0.0
2029-02-17,EC_Earth3P_HR,15.3,21.6,10.0,0.0
2029-02-18,EC_Earth3P_HR,15.5,23.3,9.1,0.0
2029-02-19,EC_Earth3P_HR,17.2,25.3,9.1,0.0
2029-02-20,EC_Earth3P_HR,18.8,26.0,11.5,0.0
2029-02-21,EC_Earth3P_HR,16.9,23.5,11.5,0.0
2029-02-22,EC_Earth3P_HR,17.7,24.7,10.6,0.0
2029-02-23,EC_Earth3P_HR,20.2,27.8,13.7,0.0
2029-02-24,EC_Earth3P_HR,18.8,26.9,11.4,0.0
2029-02-25,EC_Earth3P_HR,19.3,26.7,10.5,0.0
2029-02-26,EC_Earth3P_HR,19.1,27.8,12.6,0.0
2029-02-27,EC_Earth3P_HR,19.1,27.8,11.6,0.0
2029-02-28,EC_Earth3P_HR,18.7,27.3,10.8,0.0
2029-03-01,EC_Earth3P_HR,20.8,28.9,11.8,0.0
2029-03-02,EC_Earth3P_HR,21.9,29.1,16.1,0.9
2029-03-03,EC_Earth3P_HR,19.7,24.0,16.8,11.91
2029-03-04,EC_Earth3P_HR,17.5,20.2,15.6,25.63
2029-03-05,EC_Earth3P_HR,16.1,18.5,13.0,10.94
2029-03-06,EC_Earth3P_HR,17.6,23.3,12.9,0.11
2029-03-07,EC_Earth3P_HR,18.7,26.2,12.0,0.0
2029-03-08,EC_Earth3P_HR,20.3,26.9,11.2,0.0
2029-03-09,EC_Earth3P_HR,19.6,26.0,12.9,0.0
2029-03-10,EC_Earth3P_HR,19.6,25.7,14.9,2.98
2029-03-11,EC_Earth3P_HR,17.6,22.7,13.6,1.16
2029-03-12,EC_Earth3P_HR,18.4,24.1,13.3,0.0
2029-03-13,EC_Earth3P_HR,20.1,25.5,13.8,0.0
2029-03-14,EC_Earth3P_HR,21.5,27.2,16.3,0.0
2029-03-15,EC_Earth3P_HR,21.9,28.5,15.8,0.0
2029-03-16,EC_Earth3P_HR,22.1,29.2,15.9,0.0
2029-03-17,EC_Earth3P_HR,21.1,28.2,14.7,0.0
2029-03-18,EC_Earth3P_HR,20.2,28.5,13.4,0.0
2029-03-19,EC_Earth3P_HR,20.6,29.7,12.8,0.0
2029-03-20,EC_Earth3P_HR,22.9,31.4,14.4,0.0
2029-03-21,EC_Earth3P_HR,22.9,31.2,15.5,0.0
2029-03-22,EC_Earth3P_HR,23.1,31.9,15.0,0.0
2029-03-23,EC_Earth3P_HR,24.2,32.7,16.2,0.0
2029-03-24,EC_Earth3P_HR,24.9,32.3,18.4,0.0
2029-03-25,EC_Earth3P_HR,25.6,32.9,18.8,0.0
2029-03-26,EC_Earth3P_HR,26.3,34.2,19.0,0.0
2029-03-27,EC_Earth3P_HR,27.7,35.5,19.1,0.0
2029-03-28,EC_Earth3P_HR,27.6,35.9,19.1,0.0
2029-03-29,EC_Earth3P_HR,27.7,37.0,19.3,0.0
2029-03-30,EC_Earth3P_HR,28.0,37.2,20.1,0.0
2029-03-31,EC_Earth3P_HR,28.6,37.2,20.7,0.0
2029-04-01,EC_Earth3P_HR,30.8,38.3,23.0,0.0
2029-04-02,EC_Earth3P_HR,30.4,38.3,24.1,0.0
2029-04-03,EC_Earth3P_HR,29.2,36.3,22.6,0.0
2029-04-04,EC_Earth3P_HR,29.1,36.9,22.1,0.0
2029-04-05,EC_Earth3P_HR,29.5,38.2,21.8,0.0
2029-04-06,EC_Earth3P_HR,30.1,38.7,21.3,0.0
2029-04-07,EC_Earth3P_HR,29.5,38.9,20.8,0.0
2029-04-08,EC_Earth3P_HR,29.6,38.2,21.6,0.0
2029-04-09,EC_Earth3P_HR,29.1,37.8,20.9,0.0
2029-04-10,EC_Earth3P_HR,29.2,38.1,20.5,0.0
2029-04-11,EC_Earth3P_HR,30.7,39.5,21.9,0.0
2029-04-12,EC_Earth3P_HR,30.4,40.9,21.5,0.0
2029-04-13,EC_Earth3P_HR,31.5,40.8,22.1,0.0
2029-04-14,EC_Earth3P_HR,32.7,41.0,22.4,0.0
2029-04-15,EC_Earth3P_HR,34.1,41.4,26.9,0.0
2029-04-16,EC_Earth3P_HR,32.0,40.3,25.3,0.0
2029-04-17,EC_Earth3P_HR,32.0,38.6,25.2,0.0
2029-04-18,EC_Earth3P_HR,33.0,38.5,27.6,0.0
2029-04-19,EC_Earth3P_HR,33.3,38.9,26.8,0.0
2029-04-20,EC_Earth3P_HR,33.9,41.0,26.6,0.0
2029-04-21,EC_Earth3P_HR,33.9,41.4,26.1,0.0
2029-04-22,EC_Earth3P_HR,31.5,38.8,24.6,0.08
2029-04-23,EC_Earth3P_HR,31.2,38.4,24.3,0.0
2029-04-24,EC_Earth3P_HR,32.4,40.3,24.5,0.0
2029-04-25,EC_Earth3P_HR,33.4,39.7,27.3,0.08
2029-04-26,EC_Earth3P_HR,32.6,37.3,27.1,0.0
2029-04-27,EC_Earth3P_HR,32.8,39.0,24.9,0.0
2029-04-28,EC_Earth3P_HR,31.3,39.2,22.5,0.0
2029-04-29,EC_Earth3P_HR,31.8,41.6,22.2,0.0
2029-04-30,EC_Earth3P_HR,32.9,42.6,22.1,0.0
2029-05-01,EC_Earth3P_HR,33.4,42.1,22.5,0.0
2029-05-02,EC_Earth3P_HR,34.0,43.5,24.2,0.0
2029-05-03,EC_Earth3P_HR,34.2,44.0,24.5,0.0
2029-05-04,EC_Earth3P_HR,33.5,41.2,25.3,1.1
2029-05-05,EC_Earth3P_HR,34.9,42.1,27.7,0.17
2029-05-06,EC_Earth3P_HR,35.1,43.1,27.5,0.0
2029-05-07,EC_Earth3P_HR,34.9,42.7,28.0,0.0
2029-05-08,EC_Earth3P_HR,34.8,42.1,27.9,0.0
2029-05-09,EC_Earth3P_HR,35.1,42.1,28.2,0.0
2029-05-10,EC_Earth3P_HR,35.1,41.3,29.7,0.0
2029-05-11,EC_Earth3P_HR,36.3,41.8,30.3,0.0
2029-05-12,EC_Earth3P_HR,36.5,42.3,30.6,0.19
2029-05-13,EC_Earth3P_HR,34.2,41.7,28.2,1.5
2029-05-14,EC_Earth3P_HR,34.6,41.5,28.1,0.0
2029-05-15,EC_Earth3P_HR,35.6,42.1,28.9,0.0
2029-05-16,EC_Earth3P_HR,36.1,43.1,29.2,0.0
2029-05-17,EC_Earth3P_HR,37.5,43.9,29.9,0.0
2029-05-18,EC_Earth3P_HR,37.6,44.7,31.1,0.0
2029-05-19,EC_Earth3P_HR,37.2,44.2,30.7,0.0
2029-05-20,EC_Earth3P_HR,35.9,41.6,30.7,0.0
2029-05-21,EC_Earth3P_HR,37.0,41.2,32.1,0.0
2029-05-22,EC_Earth3P_HR,37.0,42.7,32.0,0.0
2029-05-23,EC_Earth3P_HR,34.9,38.9,31.1,0.0
2029-05-24,EC_Earth3P_HR,36.2,41.3,31.0,0.49
2029-05-25,EC_Earth3P_HR,37.4,43.6,31.0,0.1
2029-05-26,EC_Earth3P_HR,33.1,39.0,24.6,2.44
2029-05-27,EC_Earth3P_HR,31.5,35.9,24.5,8.71
2029-05-28,EC_Earth3P_HR,29.8,33.8,24.6,7.26
2029-05-29,EC_Earth3P_HR,27.7,30.9,24.6,8.94
2029-05-30,EC_Earth3P_HR,27.1,31.1,24.3,6.2
2029-05-31,EC_Earth3P_HR,27.6,31.9,24.4,2.36
2029-06-01,EC_Earth3P_HR,29.0,32.5,25.4,0.59
2029-06-02,EC_Earth3P_HR,30.8,34.9,26.3,4.94
2029-06-03,EC_Earth3P_HR,31.1,34.8,26.6,0.2
2029-06-04,EC_Earth3P_HR,33.3,37.1,28.0,0.59
2029-06-05,EC_Earth3P_HR,32.3,37.2,27.9,1.78
2029-06-06,EC_Earth3P_HR,31.4,35.8,27.3,0.69
2029-06-07,EC_Earth3P_HR,29.2,32.2,27.3,9.54
2029-06-08,EC_Earth3P_HR,30.6,34.3,27.8,1.69
2029-06-09,EC_Earth3P_HR,29.7,34.6,25.9,5.67
2029-06-10,EC_Earth3P_HR,28.9,33.1,25.9,5.08
2029-06-11,EC_Earth3P_HR,30.3,33.5,27.2,1.99
2029-06-12,EC_Earth3P_HR,29.1,30.9,27.0,5.69
2029-06-13,EC_Earth3P_HR,30.6,34.4,27.1,4.1
2029-06-14,EC_Earth3P_HR,31.1,34.7,27.5,3.3
2029-06-15,EC_Earth3P_HR,31.0,33.5,28.1,2.5
2029-06-16,EC_Earth3P_HR,31.9,35.3,28.5,0.0
2029-06-17,EC_Earth3P_HR,31.5,34.4,28.4,0.5
2029-06-18,EC_Earth3P_HR,29.9,34.0,26.7,8.02
2029-06-19,EC_Earth3P_HR,28.8,31.8,26.0,4.92
2029-06-20,EC_Earth3P_HR,28.8,32.9,26.0,13.95
2029-06-21,EC_Earth3P_HR,29.5,33.7,26.3,11.15
2029-06-22,EC_Earth3P_HR,29.4,33.0,26.7,19.7
2029-06-23,EC_Earth3P_HR,29.9,33.5,27.0,3.62
2029-06-24,EC_Earth3P_HR,30.1,33.5,27.5,3.32
2029-06-25,EC_Earth3P_HR,30.2,33.2,27.5,4.43
2029-06-26,EC_Earth3P_HR,30.2,33.7,26.8,1.51
2029-06-27,EC_Earth3P_HR,30.2,33.5,26.8,3.63
2029-06-28,EC_Earth3P_HR,30.0,33.6,27.2,2.72
2029-06-29,EC_Earth3P_HR,30.3,34.0,27.1,3.93
2029-06-30,EC_Earth3P_HR,29.4,32.2,27.0,8.17
2029-07-01,EC_Earth3P_HR,28.8,32.1,26.8,12.21
2029-07-02,EC_Earth3P_HR,30.0,32.8,26.8,5.05
2029-07-03,EC_Earth3P_HR,31.2,33.7,28.1,1.31
2029-07-04,EC_Earth3P_HR,31.8,34.8,28.4,0.91
2029-07-05,EC_Earth3P_HR,30.7,33.9,27.7,5.85
2029-07-06,EC_Earth3P_HR,29.9,33.5,27.4,16.03
2029-07-07,EC_Earth3P_HR,28.1,28.8,26.8,24.28
2029-07-08,EC_Earth3P_HR,28.5,31.9,26.2,31.11
2029-07-09,EC_Earth3P_HR,28.9,32.1,26.1,10.46
2029-07-10,EC_Earth3P_HR,30.8,34.5,27.3,8.85
2029-07-11,EC_Earth3P_HR,30.2,32.8,27.3,0.7
2029-07-12,EC_Earth3P_HR,29.9,32.6,26.7,0.3
2029-07-13,EC_Earth3P_HR,29.3,32.9,26.6,0.3
2029-07-14,EC_Earth3P_HR,29.3,31.2,27.0,2.81
2029-07-15,EC_Earth3P_HR,29.1,32.2,26.6,8.22
2029-07-16,EC_Earth3P_HR,30.0,32.7,26.7,0.8
2029-07-17,EC_Earth3P_HR,29.5,32.9,26.8,7.11
2029-07-18,EC_Earth3P_HR,29.7,32.6,26.8,13.51
2029-07-19,EC_Earth3P_HR,29.1,32.0,26.7,16.8
2029-07-20,EC_Earth3P_HR,28.9,31.6,26.5,13.29
2029-07-21,EC_Earth3P_HR,29.5,32.5,26.6,4.59
2029-07-22,EC_Earth3P_HR,29.4,32.3,27.0,8.19
2029-07-23,EC_Earth3P_HR,29.5,33.4,26.6,11.37
2029-07-24,EC_Earth3P_HR,30.6,34.0,26.6,6.08
2029-07-25,EC_Earth3P_HR,30.5,33.1,27.4,17.64
2029-07-26,EC_Earth3P_HR,28.9,31.6,26.8,8.56
2029-07-27,EC_Earth3P_HR,28.9,32.1,26.8,8.06
2029-07-28,EC_Earth3P_HR,29.2,31.7,26.9,8.26
2029-07-29,EC_Earth3P_HR,28.9,32.8,26.1,10.24
2029-07-30,EC_Earth3P_HR,29.3,32.9,26.3,8.54
2029-07-31,EC_Earth3P_HR,29.1,32.2,26.9,7.55
2029-08-01,EC_Earth3P_HR,28.4,31.1,26.7,7.34
2029-08-02,EC_Earth3P_HR,27.8,29.9,26.4,10.31
2029-08-03,EC_Earth3P_HR,28.3,31.3,26.4,7.63
2029-08-04,EC_Earth3P_HR,29.2,32.7,26.5,14.56
2029-08-05,EC_Earth3P_HR,29.1,32.3,26.6,7.72
2029-08-06,EC_Earth3P_HR,28.5,32.0,26.5,23.15
2029-08-07,EC_Earth3P_HR,29.1,32.8,26.4,5.14
2029-08-08,EC_Earth3P_HR,28.9,32.6,26.8,6.62
2029-08-09,EC_Earth3P_HR,30.4,32.8,27.2,2.86
2029-08-10,EC_Earth3P_HR,31.4,34.6,27.7,0.79
2029-08-11,EC_Earth3P_HR,31.8,35.3,27.5,0.59
2029-08-12,EC_Earth3P_HR,32.7,36.1,28.4,0.3
2029-08-13,EC_Earth3P_HR,30.2,32.0,28.7,10.74
2029-08-14,EC_Earth3P_HR,30.4,32.4,28.3,0.49
2029-08-15,EC_Earth3P_HR,29.2,32.1,26.2,3.05
2029-08-16,EC_Earth3P_HR,29.5,32.6,26.1,0.79
2029-08-17,EC_Earth3P_HR,29.8,32.4,27.5,2.26
2029-08-18,EC_Earth3P_HR,28.8,31.1,26.3,3.44
2029-08-19,EC_Earth3P_HR,28.3,30.4,26.2,4.03
2029-08-20,EC_Earth3P_HR,28.7,32.7,26.3,1.57
2029-08-21,EC_Earth3P_HR,29.2,32.7,25.9,0.98
2029-08-22,EC_Earth3P_HR,29.2,32.9,25.8,1.18
2029-08-23,EC_Earth3P_HR,29.0,32.8,25.8,0.88
2029-08-24,EC_Earth3P_HR,29.4,33.0,25.8,1.86
2029-08-25,EC_Earth3P_HR,30.1,33.1,26.4,16.44
2029-08-26,EC_Earth3P_HR,28.6,31.1,26.3,17.21
2029-08-27,EC_Earth3P_HR,26.7,28.0,25.0,37.04
2029-08-28,EC_Earth3P_HR,26.5,29.2,24.9,15.04
2029-08-29,EC_Earth3P_HR,26.6,29.6,25.2,7.03
2029-08-30,EC_Earth3P_HR,27.4,31.2,25.0,5.17
2029-08-31,EC_Earth3P_HR,28.4,32.4,25.0,4.49
2029-09-01,EC_Earth3P_HR,28.7,32.5,25.6,4.48
2029-09-02,EC_Earth3P_HR,28.7,32.1,26.2,8.86
2029-09-03,EC_Earth3P_HR,28.0,30.5,25.6,11.67
2029-09-04,EC_Earth3P_HR,28.0,31.4,25.6,8.25
2029-09-05,EC_Earth3P_HR,28.4,31.9,25.5,5.72
2029-09-06,EC_Earth3P_HR,28.8,32.4,25.2,1.65
2029-09-07,EC_Earth3P_HR,28.0,31.8,24.9,4.54
2029-09-08,EC_Earth3P_HR,28.5,32.6,24.9,2.8
2029-09-09,EC_Earth3P_HR,29.0,32.8,25.2,2.02
2029-09-10,EC_Earth3P_HR,28.9,33.1,25.5,1.25
2029-09-11,EC_Earth3P_HR,29.3,33.2,25.7,4.41
2029-09-12,EC_Earth3P_HR,27.6,30.8,26.3,32.38
2029-09-13,EC_Earth3P_HR,28.8,31.6,26.1,0.76
2029-09-14,EC_Earth3P_HR,29.5,33.1,25.8,0.29
2029-09-15,EC_Earth3P_HR,29.7,33.2,26.0,0.0
2029-09-16,EC_Earth3P_HR,29.4,32.6,26.0,0.19
2029-09-17,EC_Earth3P_HR,29.0,32.1,26.1,2.47
2029-09-18,EC_Earth3P_HR,28.9,32.7,25.8,1.89
2029-09-19,EC_Earth3P_HR,28.9,32.7,25.5,0.94
2029-09-20,EC_Earth3P_HR,29.2,33.3,25.1,0.75
2029-09-21,EC_Earth3P_HR,28.8,33.1,25.0,0.66
2029-09-22,EC_Earth3P_HR,28.5,32.7,24.6,0.19
2029-09-23,EC_Earth3P_HR,28.5,32.7,24.6,0.28
2029-09-24,EC_Earth3P_HR,28.4,32.5,24.5,0.84
2029-09-25,EC_Earth3P_HR,28.9,32.4,25.3,3.44
2029-09-26,EC_Earth3P_HR,28.3,31.6,25.2,4.08
2029-09-27,EC_Earth3P_HR,27.7,31.4,24.8,1.85
2029-09-28,EC_Earth3P_HR,26.2,28.7,24.2,2.58
2029-09-29,EC_Earth3P_HR,26.9,30.0,24.0,0.18
2029-09-30,EC_Earth3P_HR,26.8,29.9,23.5,0.0
2029-10-01,EC_Earth3P_HR,25.2,28.3,22.0,11.12
2029-10-02,EC_Earth3P_HR,26.9,31.4,22.5,1.18
2029-10-03,EC_Earth3P_HR,28.3,32.5,24.0,3.44
2029-10-04,EC_Earth3P_HR,28.0,32.3,24.9,8.73
2029-10-05,EC_Earth3P_HR,27.0,31.1,24.9,15.06
2029-10-06,EC_Earth3P_HR,26.8,29.8,24.5,6.69
2029-10-07,EC_Earth3P_HR,26.8,30.5,24.2,8.35
2029-10-08,EC_Earth3P_HR,26.3,29.5,23.8,15.82
2029-10-09,EC_Earth3P_HR,25.8,29.8,24.1,10.81
2029-10-10,EC_Earth3P_HR,26.9,30.5,23.5,0.09
2029-10-11,EC_Earth3P_HR,26.5,30.2,23.3,0.35
2029-10-12,EC_Earth3P_HR,26.2,29.3,23.2,0.17
2029-10-13,EC_Earth3P_HR,25.4,28.9,22.4,6.18
2029-10-14,EC_Earth3P_HR,23.5,25.0,22.1,3.58
2029-10-15,EC_Earth3P_HR,23.8,25.7,22.1,1.35
2029-10-16,EC_Earth3P_HR,24.7,27.5,22.4,0.92
2029-10-17,EC_Earth3P_HR,25.4,29.0,21.5,0.67
2029-10-18,EC_Earth3P_HR,24.8,30.2,19.5,0.0
2029-10-19,EC_Earth3P_HR,24.3,29.9,19.4,0.0
2029-10-20,EC_Earth3P_HR,24.8,29.6,19.3,0.0
2029-10-21,EC_Earth3P_HR,25.0,29.5,19.6,0.0
2029-10-22,EC_Earth3P_HR,24.8,29.4,19.2,0.0
2029-10-23,EC_Earth3P_HR,24.2,29.2,18.8,0.0
2029-10-24,EC_Earth3P_HR,24.2,29.0,18.5,0.0
2029-10-25,EC_Earth3P_HR,23.7,29.2,18.3,0.0
2029-10-26,EC_Earth3P_HR,24.7,29.5,19.3,0.0
2029-10-27,EC_Earth3P_HR,23.9,28.9,19.1,1.09
2029-10-28,EC_Earth3P_HR,24.0,28.7,18.9,0.36
2029-10-29,EC_Earth3P_HR,24.2,29.0,18.8,0.0
2029-10-30,EC_Earth3P_HR,24.6,29.1,18.5,0.0
2029-10-31,EC_Earth3P_HR,23.8,28.6,17.8,0.0
2029-11-01,EC_Earth3P_HR,22.3,28.2,17.3,0.0
2029-11-02,EC_Earth3P_HR,22.3,28.7,16.3,0.0
2029-11-03,EC_Earth3P_HR,20.6,28.0,14.0,0.0
2029-11-04,EC_Earth3P_HR,19.4,26.8,13.2,0.0
2029-11-05,EC_Earth3P_HR,19.5,26.6,12.9,0.0
2029-11-06,EC_Earth3P_HR,20.2,26.7,14.2,0.0
2029-11-07,EC_Earth3P_HR,21.4,25.9,15.6,0.7
2029-11-08,EC_Earth3P_HR,21.1,26.0,16.6,0.77
2029-11-09,EC_Earth3P_HR,20.3,26.5,14.3,0.0
2029-11-10,EC_Earth3P_HR,19.4,26.8,13.3,0.0
2029-11-11,EC_Earth3P_HR,18.8,26.5,12.6,0.0
2029-11-12,EC_Earth3P_HR,19.2,26.5,12.3,0.0
2029-11-13,EC_Earth3P_HR,19.9,26.7,13.1,0.0
2029-11-14,EC_Earth3P_HR,20.0,27.3,14.0,0.0
2029-11-15,EC_Earth3P_HR,19.5,27.0,13.3,0.0
2029-11-16,EC_Earth3P_HR,19.0,26.8,12.9,0.0
2029-11-17,EC_Earth3P_HR,18.9,26.9,12.7,0.0
2029-11-18,EC_Earth3P_HR,18.8,26.9,12.4,0.0
2029-11-19,EC_Earth3P_HR,18.9,26.9,12.7,0.0
2029-11-20,EC_Earth3P_HR,19.5,26.0,12.3,0.0
2029-11-21,EC_Earth3P_HR,19.4,25.2,11.9,0.0
2029-11-22,EC_Earth3P_HR,17.7,25.1,11.4,0.0
2029-11-23,EC_Earth3P_HR,18.1,25.2,12.5,0.0
2029-11-24,EC_Earth3P_HR,18.2,25.2,12.6,0.0
2029-11-25,EC_Earth3P_HR,17.6,25.0,11.8,0.0
2029-11-26,EC_Earth3P_HR,18.8,25.3,11.8,0.0
2029-11-27,EC_Earth3P_HR,18.2,25.5,11.5,0.0
2029-11-28,EC_Earth3P_HR,16.9,24.6,10.6,0.0
2029-11-29,EC_Earth3P_HR,17.8,23.6,9.8,0.0
2029-11-30,EC_Earth3P_HR,17.6,23.4,10.3,0.0
2029-12-01,EC_Earth3P_HR,16.9,23.3,10.0,0.0
2029-12-02,EC_Earth3P_HR,16.5,23.3,10.1,0.0
2029-12-03,EC_Earth3P_HR,16.1,23.1,10.3,0.0
2029-12-04,EC_Earth3P_HR,15.9,22.9,10.3,0.0
2029-12-05,EC_Earth3P_HR,15.3,23.0,9.5,0.0
2029-12-06,EC_Earth3P_HR,16.9,23.6,9.8,0.0
2029-12-07,EC_Earth3P_HR,17.3,23.5,11.4,0.0
2029-12-08,EC_Earth3P_HR,15.3,22.6,10.1,0.0
2029-12-09,EC_Earth3P_HR,15.5,23.0,9.7,0.0
2029-12-10,EC_Earth3P_HR,16.7,22.9,11.0,0.0
2029-12-11,EC_Earth3P_HR,17.0,23.2,9.4,0.0
2029-12-12,EC_Earth3P_HR,15.3,23.7,8.9,0.0
2029-12-13,EC_Earth3P_HR,15.5,23.8,9.2,0.0
2029-12-14,EC_Earth3P_HR,16.6,23.7,10.7,0.0
2029-12-15,EC_Earth3P_HR,15.6,23.3,10.4,0.0
2029-12-16,EC_Earth3P_HR,14.8,22.4,8.9,0.0
2029-12-17,EC_Earth3P_HR,14.6,22.6,8.3,0.0
2029-12-18,EC_Earth3P_HR,13.4,21.8,7.1,0.0
2029-12-19,EC_Earth3P_HR,14.4,21.9,6.6,0.0
2029-12-20,EC_Earth3P_HR,14.9,21.8,7.5,0.0
2029-12-21,EC_Earth3P_HR,14.7,21.3,7.2,0.0
2029-12-22,EC_Earth3P_HR,15.1,20.7,7.8,0.0
2029-12-23,EC_Earth3P_HR,14.1,20.8,7.2,0.0
2029-12-24,EC_Earth3P_HR,15.5,20.7,7.2,0.0
2029-12-25,EC_Earth3P_HR,14.7,20.8,7.1,0.0
2029-12-26,EC_Earth3P_HR,13.3,21.5,7.1,0.0
2029-12-27,EC_Earth3P_HR,16.3,22.2,8.7,0.1
2029-12-28,EC_Earth3P_HR,19.1,23.2,14.7,0.0
2029-12-29,EC_Earth3P_HR,20.1,24.3,15.2,0.0
2029-12-30,EC_Earth3P_HR,16.1,20.1,11.0,0.0
2029-12-31,EC_Earth3P_HR,11.8,16.9,7.0,0.0
2030-01-01,EC_Earth3P_HR,12.0,19.6,6.4,0.0
2030-01-02,EC_Earth3P_HR,15.1,20.4,7.0,0.0
2030-01-03,EC_Earth3P_HR,16.5,21.7,10.8,0.0
2030-01-04,EC_Earth3P_HR,16.5,20.9,14.3,22.16
2030-01-05,EC_Earth3P_HR,14.6,14.3,14.9,66.58
2030-01-06,EC_Earth3P_HR,14.6,14.7,13.0,8.97
2030-01-07,EC_Earth3P_HR,14.9,19.3,12.4,0.11
2030-01-08,EC_Earth3P_HR,14.6,19.1,10.9,0.0
2030-01-09,EC_Earth3P_HR,13.4,18.2,9.1,0.0
2030-01-10,EC_Earth3P_HR,11.0,16.3,6.9,0.0
2030-01-11,EC_Earth3P_HR,11.9,17.2,6.5,0.0
2030-01-12,EC_Earth3P_HR,12.4,18.0,7.9,0.0
2030-01-13,EC_Earth3P_HR,11.7,17.7,6.8,0.0
2030-01-14,EC_Earth3P_HR,12.5,19.2,6.4,0.0
2030-01-15,EC_Earth3P_HR,12.5,19.3,7.9,0.0
2030-01-16,EC_Earth3P_HR,12.7,18.9,8.0,0.0
2030-01-17,EC_Earth3P_HR,12.4,18.8,7.4,0.0
2030-01-18,EC_Earth3P_HR,12.1,19.0,6.6,0.0
2030-01-19,EC_Earth3P_HR,11.8,19.1,6.4,0.0
2030-01-20,EC_Earth3P_HR,12.2,18.9,5.7,0.0
2030-01-21,EC_Earth3P_HR,12.8,19.7,6.7,0.0
2030-01-22,EC_Earth3P_HR,13.0,20.0,7.7,0.0
2030-01-23,EC_Earth3P_HR,13.5,20.6,8.0,0.0
2030-01-24,EC_Earth3P_HR,13.9,21.1,7.7,0.0
2030-01-25,EC_Earth3P_HR,13.7,20.9,8.3,0.0
2030-01-26,EC_Earth3P_HR,13.3,20.3,7.6,0.0
2030-01-27,EC_Earth3P_HR,14.7,19.6,8.5,0.0
2030-01-28,EC_Earth3P_HR,15.4,20.6,10.2,0.0
2030-01-29,EC_Earth3P_HR,16.4,23.0,9.3,0.0
2030-01-30,EC_Earth3P_HR,15.4,21.8,9.9,0.0
2030-01-31,EC_Earth3P_HR,14.4,20.3,9.4,0.0
2030-02-01,EC_Earth3P_HR,13.0,19.1,8.4,0.0
2030-02-02,EC_Earth3P_HR,12.9,19.6,7.9,0.0
2030-02-03,EC_Earth3P_HR,12.6,20.0,7.6,0.0
2030-02-04,EC_Earth3P_HR,13.5,20.8,7.2,0.0
2030-02-05,EC_Earth3P_HR,14.9,21.4,9.4,0.0
2030-02-06,EC_Earth3P_HR,14.6,20.9,9.1,0.0
2030-02-07,EC_Earth3P_HR,14.1,20.9,8.2,0.0
2030-02-08,EC_Earth3P_HR,14.4,22.2,8.1,0.0
2030-02-09,EC_Earth3P_HR,14.7,21.9,8.2,0.0
2030-02-10,EC_Earth3P_HR,16.2,23.2,9.8,0.0
2030-02-11,EC_Earth3P_HR,16.2,23.5,10.9,0.0
2030-02-12,EC_Earth3P_HR,15.9,24.0,10.0,0.0
2030-02-13,EC_Earth3P_HR,16.5,24.8,9.6,0.0
2030-02-14,EC_Earth3P_HR,17.1,25.2,10.3,0.0
2030-02-15,EC_Earth3P_HR,18.6,26.5,10.1,0.0
2030-02-16,EC_Earth3P_HR,19.4,25.7,14.3,0.0
2030-02-17,EC_Earth3P_HR,17.7,23.7,12.4,0.0
2030-02-18,EC_Earth3P_HR,16.8,22.9,11.7,0.0
2030-02-19,EC_Earth3P_HR,18.6,24.2,12.6,0.0
2030-02-20,EC_Earth3P_HR,19.1,25.5,13.4,0.0
2030-02-21,EC_Earth3P_HR,16.6,24.1,9.7,0.0
2030-02-22,EC_Earth3P_HR,16.9,25.4,9.2,0.0
2030-02-23,EC_Earth3P_HR,19.9,27.9,12.4,0.0
2030-02-24,EC_Earth3P_HR,20.9,27.7,12.5,0.0
2030-02-25,EC_Earth3P_HR,16.4,21.5,11.4,0.0
2030-02-26,EC_Earth3P_HR,16.9,23.0,11.3,0.0
2030-02-27,EC_Earth3P_HR,17.7,24.4,11.5,0.0
2030-02-28,EC_Earth3P_HR,17.4,25.3,10.2,0.0
2030-03-01,EC_Earth3P_HR,18.9,27.2,9.4,0.0
2030-03-02,EC_Earth3P_HR,20.9,29.5,12.4,0.0
2030-03-03,EC_Earth3P_HR,20.5,30.4,12.0,0.0
2030-03-04,EC_Earth3P_HR,20.6,30.1,13.6,0.0
2030-03-05,EC_Earth3P_HR,20.2,29.4,13.1,0.0
2030-03-06,EC_Earth3P_HR,22.1,30.1,12.9,0.0
2030-03-07,EC_Earth3P_HR,23.4,31.1,16.3,0.0
2030-03-08,EC_Earth3P_HR,23.5,30.8,17.4,0.0
2030-03-09,EC_Earth3P_HR,23.3,31.3,17.0,0.0
2030-03-10,EC_Earth3P_HR,23.5,32.4,16.4,0.0
2030-03-11,EC_Earth3P_HR,23.1,31.8,15.2,0.0
2030-03-12,EC_Earth3P_HR,22.0,30.4,14.6,0.0
2030-03-13,EC_Earth3P_HR,22.3,31.8,13.8,0.0
2030-03-14,EC_Earth3P_HR,21.9,31.3,13.0,0.0
2030-03-15,EC_Earth3P_HR,23.2,32.6,14.7,0.0
2030-03-16,EC_Earth3P_HR,23.0,32.3,14.9,0.0
2030-03-17,EC_Earth3P_HR,23.2,32.7,14.7,0.0
2030-03-18,EC_Earth3P_HR,24.8,33.8,14.2,0.0
2030-03-19,EC_Earth3P_HR,24.4,32.5,15.4,0.4
2030-03-20,EC_Earth3P_HR,24.6,31.2,18.8,0.0
2030-03-21,EC_Earth3P_HR,25.0,32.2,18.8,0.0
2030-03-22,EC_Earth3P_HR,25.8,33.6,18.5,0.0
2030-03-23,EC_Earth3P_HR,25.7,33.5,18.0,0.0
2030-03-24,EC_Earth3P_HR,27.0,35.1,18.9,0.0
2030-03-25,EC_Earth3P_HR,28.0,36.8,18.8,0.0
2030-03-26,EC_Earth3P_HR,27.3,37.0,18.3,0.0
2030-03-27,EC_Earth3P_HR,25.1,33.4,15.9,0.0
2030-03-28,EC_Earth3P_HR,24.7,35.1,15.2,0.0
2030-03-29,EC_Earth3P_HR,26.5,35.1,15.9,0.0
2030-03-30,EC_Earth3P_HR,28.0,36.2,19.3,0.0
2030-03-31,EC_Earth3P_HR,27.2,37.3,18.8,0.0
2030-04-01,EC_Earth3P_HR,28.5,37.7,19.4,0.0
2030-04-02,EC_Earth3P_HR,28.5,35.8,21.9,0.0
2030-04-03,EC_Earth3P_HR,28.2,35.0,21.5,0.0
2030-04-04,EC_Earth3P_HR,26.8,33.8,20.0,0.0
2030-04-05,EC_Earth3P_HR,28.0,35.9,19.6,0.0
2030-04-06,EC_Earth3P_HR,29.3,38.0,20.9,0.0
2030-04-07,EC_Earth3P_HR,30.1,38.1,23.5,0.0
2030-04-08,EC_Earth3P_HR,29.3,35.4,23.7,0.0
2030-04-09,EC_Earth3P_HR,30.1,36.9,23.3,0.0
2030-04-10,EC_Earth3P_HR,30.5,38.2,21.9,0.0
2030-04-11,EC_Earth3P_HR,30.8,39.3,21.2,0.0
2030-04-12,EC_Earth3P_HR,32.1,39.1,25.0,0.0
2030-04-13,EC_Earth3P_HR,31.7,39.9,24.5,0.0
2030-04-14,EC_Earth3P_HR,31.2,40.8,22.7,0.0
2030-04-15,EC_Earth3P_HR,31.3,41.2,22.0,0.0
2030-04-16,EC_Earth3P_HR,32.5,41.8,21.7,0.0
2030-04-17,EC_Earth3P_HR,33.3,41.8,24.2,0.0
2030-04-18,EC_Earth3P_HR,32.7,41.8,23.7,0.0
2030-04-19,EC_Earth3P_HR,33.2,41.8,23.3,0.0
2030-04-20,EC_Earth3P_HR,32.3,40.9,23.0,0.0
2030-04-21,EC_Earth3P_HR,32.3,41.3,22.9,0.0
2030-04-22,EC_Earth3P_HR,32.1,41.0,24.0,0.0
2030-04-23,EC_Earth3P_HR,33.8,41.8,24.9,0.0
2030-04-24,EC_Earth3P_HR,32.6,41.4,24.9,0.0
2030-04-25,EC_Earth3P_HR,32.9,41.8,25.0,0.0
2030-04-26,EC_Earth3P_HR,33.1,41.1,23.0,0.17
2030-04-27,EC_Earth3P_HR,31.9,40.5,23.6,0.0
2030-04-28,EC_Earth3P_HR,32.3,39.9,25.6,0.0
2030-04-29,EC_Earth3P_HR,32.3,39.0,26.3,0.58
2030-04-30,EC_Earth3P_HR,32.9,39.4,26.1,0.08
2030-05-01,EC_Earth3P_HR,29.0,39.3,23.1,1.89
2030-05-02,EC_Earth3P_HR,28.9,36.1,23.4,0.82
2030-05-03,EC_Earth3P_HR,30.3,36.7,23.7,0.0
2030-05-04,EC_Earth3P_HR,31.9,39.0,23.6,0.0
2030-05-05,EC_Earth3P_HR,33.7,41.2,24.3,0.77
2030-05-06,EC_Earth3P_HR,31.2,37.1,24.8,0.17
2030-05-07,EC_Earth3P_HR,30.2,34.3,25.0,4.16
2030-05-08,EC_Earth3P_HR,31.7,38.4,24.9,1.17
2030-05-09,EC_Earth3P_HR,30.5,38.2,24.8,1.09
2030-05-10,EC_Earth3P_HR,28.3,35.5,22.7,3.75
2030-05-11,EC_Earth3P_HR,28.6,35.5,21.8,1.29
2030-05-12,EC_Earth3P_HR,29.2,36.7,21.6,0.0
2030-05-13,EC_Earth3P_HR,31.4,39.5,22.3,0.0
2030-05-14,EC_Earth3P_HR,32.5,39.0,25.5,0.0
2030-05-15,EC_Earth3P_HR,31.7,37.8,25.0,0.0
2030-05-16,EC_Earth3P_HR,32.8,39.4,24.9,0.0
2030-05-17,EC_Earth3P_HR,33.4,40.4,25.6,0.0
2030-05-18,EC_Earth3P_HR,34.9,41.9,27.5,0.0
2030-05-19,EC_Earth3P_HR,34.6,41.5,27.7,0.0
2030-05-20,EC_Earth3P_HR,35.5,42.8,27.6,0.0
2030-05-21,EC_Earth3P_HR,35.5,42.7,28.0,0.0
2030-05-22,EC_Earth3P_HR,36.1,43.8,28.0,0.0
2030-05-23,EC_Earth3P_HR,37.3,44.2,28.0,0.0
2030-05-24,EC_Earth3P_HR,36.7,43.1,29.7,0.0
2030-05-25,EC_Earth3P_HR,36.5,42.1,29.6,0.0
2030-05-26,EC_Earth3P_HR,37.6,44.3,30.1,0.0
2030-05-27,EC_Earth3P_HR,38.2,44.5,31.9,0.0
2030-05-28,EC_Earth3P_HR,38.4,45.1,32.3,0.0
2030-05-29,EC_Earth3P_HR,38.8,44.8,32.3,0.0
2030-05-30,EC_Earth3P_HR,39.1,44.7,33.1,0.0
2030-05-31,EC_Earth3P_HR,39.0,44.2,33.7,0.1
2030-06-01,EC_Earth3P_HR,38.8,44.9,30.0,0.0
2030-06-02,EC_Earth3P_HR,37.8,46.2,29.8,0.0
2030-06-03,EC_Earth3P_HR,39.0,46.4,31.2,0.0
2030-06-04,EC_Earth3P_HR,38.2,45.9,30.3,0.0
2030-06-05,EC_Earth3P_HR,37.8,44.7,30.2,0.0
2030-06-06,EC_Earth3P_HR,37.3,43.0,31.2,0.0
2030-06-07,EC_Earth3P_HR,35.8,42.2,27.9,11.62
2030-06-08,EC_Earth3P_HR,33.0,36.4,27.8,3.68
2030-06-09,EC_Earth3P_HR,31.8,35.4,28.0,15.73
2030-06-10,EC_Earth3P_HR,31.2,34.3,27.7,6.18
2030-06-11,EC_Earth3P_HR,31.2,34.5,27.7,4.79
2030-06-12,EC_Earth3P_HR,31.5,34.4,29.6,5.39
2030-06-13,EC_Earth3P_HR,32.3,36.7,29.7,0.9
2030-06-14,EC_Earth3P_HR,31.9,35.3,29.6,1.7
2030-06-15,EC_Earth3P_HR,31.7,35.3,27.5,4.4
2030-06-16,EC_Earth3P_HR,29.0,32.4,26.9,17.32
2030-06-17,EC_Earth3P_HR,28.9,33.1,26.3,24.24
2030-06-18,EC_Earth3P_HR,28.8,33.0,26.5,23.86
2030-06-19,EC_Earth3P_HR,28.4,31.8,26.4,34.81
2030-06-20,EC_Earth3P_HR,29.1,33.6,26.3,15.26
2030-06-21,EC_Earth3P_HR,29.9,33.2,27.5,4.32
2030-06-22,EC_Earth3P_HR,30.6,33.0,28.1,0.6
2030-06-23,EC_Earth3P_HR,30.9,34.0,27.7,0.4
2030-06-24,EC_Earth3P_HR,31.2,34.3,27.7,1.61
2030-06-25,EC_Earth3P_HR,30.8,34.5,27.5,8.45
2030-06-26,EC_Earth3P_HR,30.7,33.3,27.6,2.62
2030-06-27,EC_Earth3P_HR,30.7,33.7,27.1,14.41
2030-06-28,EC_Earth3P_HR,29.1,31.9,27.0,12.4
2030-06-29,EC_Earth3P_HR,29.9,32.4,27.2,17.14
2030-06-30,EC_Earth3P_HR,31.5,35.5,28.4,0.5
2030-07-01,EC_Earth3P_HR,32.1,35.3,28.4,0.0
2030-07-02,EC_Earth3P_HR,32.3,35.0,29.4,0.1
2030-07-03,EC_Earth3P_HR,31.8,35.3,28.9,0.71
2030-07-04,EC_Earth3P_HR,32.0,34.5,28.9,3.43
2030-07-05,EC_Earth3P_HR,30.9,33.4,27.6,21.99
2030-07-06,EC_Earth3P_HR,28.5,29.3,27.2,22.99
2030-07-07,EC_Earth3P_HR,28.2,30.4,27.0,17.53
2030-07-08,EC_Earth3P_HR,30.6,33.3,27.1,3.12
2030-07-09,EC_Earth3P_HR,32.2,35.1,28.9,0.3
2030-07-10,EC_Earth3P_HR,31.7,34.0,28.5,1.81
2030-07-11,EC_Earth3P_HR,30.8,33.8,27.6,0.2
2030-07-12,EC_Earth3P_HR,29.9,33.1,27.0,10.35
2030-07-13,EC_Earth3P_HR,29.4,31.6,27.0,8.63
2030-07-14,EC_Earth3P_HR,29.6,32.8,27.0,7.83
2030-07-15,EC_Earth3P_HR,30.1,33.8,26.7,15.94
2030-07-16,EC_Earth3P_HR,28.8,31.6,26.7,15.03
2030-07-17,EC_Earth3P_HR,28.4,31.1,26.6,31.65
2030-07-18,EC_Earth3P_HR,28.0,30.3,26.6,11.21
2030-07-19,EC_Earth3P_HR,28.5,31.3,26.6,3.0
2030-07-20,EC_Earth3P_HR,29.3,33.4,26.6,12.4
2030-07-21,EC_Earth3P_HR,28.9,31.5,27.0,13.59
2030-07-22,EC_Earth3P_HR,29.3,32.8,27.0,8.39
2030-07-23,EC_Earth3P_HR,29.7,32.5,27.1,6.29
2030-07-24,EC_Earth3P_HR,29.4,32.3,27.0,18.15
2030-07-25,EC_Earth3P_HR,28.7,32.1,26.6,6.48
2030-07-26,EC_Earth3P_HR,29.4,32.8,26.6,5.48
2030-07-27,EC_Earth3P_HR,29.6,32.3,27.2,7.47
2030-07-28,EC_Earth3P_HR,30.6,33.0,27.6,8.75
2030-07-29,EC_Earth3P_HR,31.6,34.7,27.9,1.49
2030-07-30,EC_Earth3P_HR,29.9,32.0,28.1,2.98
2030-07-31,EC_Earth3P_HR,30.2,33.4,27.7,2.78
2030-08-01,EC_Earth3P_HR,30.3,33.3,27.7,0.89
2030-08-02,EC_Earth3P_HR,30.2,33.9,27.3,8.23
2030-08-03,EC_Earth3P_HR,29.9,32.4,27.1,20.82
2030-08-04,EC_Earth3P_HR,29.4,32.6,27.0,10.01
2030-08-05,EC_Earth3P_HR,29.0,32.0,26.5,23.27
2030-08-06,EC_Earth3P_HR,29.4,32.2,26.5,4.16
2030-08-07,EC_Earth3P_HR,31.0,33.5,27.1,12.26
2030-08-08,EC_Earth3P_HR,29.0,32.9,27.1,10.48
2030-08-09,EC_Earth3P_HR,29.8,32.5,27.2,6.22
2030-08-10,EC_Earth3P_HR,31.1,34.1,27.3,3.16
2030-08-11,EC_Earth3P_HR,30.9,34.4,27.3,10.16
2030-08-12,EC_Earth3P_HR,28.5,30.2,26.7,11.14
2030-08-13,EC_Earth3P_HR,28.8,32.5,26.7,15.67
2030-08-14,EC_Earth3P_HR,29.2,33.8,26.8,8.86
2030-08-15,EC_Earth3P_HR,28.8,31.2,27.0,17.03
2030-08-16,EC_Earth3P_HR,29.2,32.9,26.8,3.25
2030-08-17,EC_Earth3P_HR,30.3,34.2,26.8,0.98
2030-08-18,EC_Earth3P_HR,30.5,33.5,27.3,1.28
2030-08-19,EC_Earth3P_HR,30.5,33.7,27.4,1.67
2030-08-20,EC_Earth3P_HR,30.0,33.0,26.9,11.78
2030-08-21,EC_Earth3P_HR,28.4,31.3,26.2,18.24
2030-08-22,EC_Earth3P_HR,28.8,32.4,26.2,8.72
2030-08-23,EC_Earth3P_HR,29.7,33.4,26.2,6.66
2030-08-24,EC_Earth3P_HR,29.3,32.7,27.4,7.74
2030-08-25,EC_Earth3P_HR,29.8,33.4,27.2,4.4
2030-08-26,EC_Earth3P_HR,29.9,32.6,27.1,10.86
2030-08-27,EC_Earth3P_HR,29.4,31.8,26.7,5.28
2030-08-28,EC_Earth3P_HR,29.3,32.3,26.7,2.93
2030-08-29,EC_Earth3P_HR,29.2,31.9,26.5,7.52
2030-08-30,EC_Earth3P_HR,29.0,32.0,26.4,10.34
2030-08-31,EC_Earth3P_HR,27.9,32.3,25.2,12.77
2030-09-01,EC_Earth3P_HR,27.6,29.6,25.2,0.58
2030-09-02,EC_Earth3P_HR,28.3,31.4,25.6,3.41
2030-09-03,EC_Earth3P_HR,28.6,32.4,25.6,2.24
2030-09-04,EC_Earth3P_HR,28.5,32.1,25.8,3.11
2030-09-05,EC_Earth3P_HR,28.7,31.5,26.1,5.72
2030-09-06,EC_Earth3P_HR,28.5,32.0,26.0,7.75
2030-09-07,EC_Earth3P_HR,27.7,31.5,26.1,16.34
2030-09-08,EC_Earth3P_HR,28.5,32.3,26.0,5.89
2030-09-09,EC_Earth3P_HR,28.9,32.4,26.0,7.42
2030-09-10,EC_Earth3P_HR,29.2,32.1,26.0,1.64
2030-09-11,EC_Earth3P_HR,28.4,31.9,26.1,1.15
2030-09-12,EC_Earth3P_HR,27.0,28.7,26.2,23.67
2030-09-13,EC_Earth3P_HR,28.3,31.8,26.2,9.28
2030-09-14,EC_Earth3P_HR,28.5,32.2,26.0,7.16
2030-09-15,EC_Earth3P_HR,28.0,31.2,26.0,4.48
2030-09-16,EC_Earth3P_HR,27.7,31.1,25.9,5.23
2030-09-17,EC_Earth3P_HR,27.6,30.4,26.0,7.5
2030-09-18,EC_Earth3P_HR,28.4,31.3,26.1,3.31
2030-09-19,EC_Earth3P_HR,28.7,32.2,26.2,3.68
2030-09-20,EC_Earth3P_HR,28.1,31.6,25.3,20.07
2030-09-21,EC_Earth3P_HR,27.0,29.3,24.8,15.04
2030-09-22,EC_Earth3P_HR,26.5,30.1,24.4,10.41
2030-09-23,EC_Earth3P_HR,26.5,29.4,24.4,8.42
2030-09-24,EC_Earth3P_HR,26.6,28.9,24.2,3.17
2030-09-25,EC_Earth3P_HR,27.2,30.5,24.3,1.86
2030-09-26,EC_Earth3P_HR,27.0,31.2,24.5,1.48
2030-09-27,EC_Earth3P_HR,27.0,30.0,24.5,3.51
2030-09-28,EC_Earth3P_HR,27.8,31.7,24.5,1.94
2030-09-29,EC_Earth3P_HR,28.3,32.4,25.0,6.98
2030-09-30,EC_Earth3P_HR,28.5,32.7,25.0,7.32
2030-10-01,EC_Earth3P_HR,27.7,32.2,25.4,2.1
2030-10-02,EC_Earth3P_HR,27.8,31.5,25.0,7.72
2030-10-03,EC_Earth3P_HR,28.1,32.2,25.0,7.42
2030-10-04,EC_Earth3P_HR,28.5,32.3,25.7,1.08
2030-10-05,EC_Earth3P_HR,28.8,32.8,25.9,2.15
2030-10-06,EC_Earth3P_HR,27.8,31.7,26.0,5.99
2030-10-07,EC_Earth3P_HR,27.0,29.9,25.2,31.93
2030-10-08,EC_Earth3P_HR,25.7,26.7,25.0,29.64
2030-10-09,EC_Earth3P_HR,26.2,28.0,24.3,1.23
2030-10-10,EC_Earth3P_HR,26.1,29.1,23.5,1.05
2030-10-11,EC_Earth3P_HR,26.9,31.0,22.9,0.78
2030-10-12,EC_Earth3P_HR,26.7,32.3,20.6,0.0
2030-10-13,EC_Earth3P_HR,26.6,32.0,20.5,0.0
2030-10-14,EC_Earth3P_HR,26.6,31.5,21.0,0.0
2030-10-15,EC_Earth3P_HR,27.0,31.0,22.0,0.76
2030-10-16,EC_Earth3P_HR,26.1,31.0,21.4,0.34
2030-10-17,EC_Earth3P_HR,25.8,30.8,20.5,0.0
2030-10-18,EC_Earth3P_HR,26.2,30.3,21.4,0.25
2030-10-19,EC_Earth3P_HR,25.5,30.4,21.0,0.0
2030-10-20,EC_Earth3P_HR,25.8,30.2,20.1,0.0
2030-10-21,EC_Earth3P_HR,25.0,29.6,20.2,0.0
2030-10-22,EC_Earth3P_HR,25.1,29.7,19.5,0.0
2030-10-23,EC_Earth3P_HR,24.7,29.9,19.8,0.0
2030-10-24,EC_Earth3P_HR,24.9,29.8,19.7,0.31
2030-10-25,EC_Earth3P_HR,24.4,29.3,19.4,0.08
2030-10-26,EC_Earth3P_HR,23.9,28.7,19.1,0.6
2030-10-27,EC_Earth3P_HR,23.8,29.6,18.8,0.0
2030-10-28,EC_Earth3P_HR,23.7,29.8,17.4,0.0
2030-10-29,EC_Earth3P_HR,24.1,29.6,17.0,0.0
2030-10-30,EC_Earth3P_HR,23.6,29.2,17.9,0.0
2030-10-31,EC_Earth3P_HR,22.6,28.9,17.5,0.0
2030-11-01,EC_Earth3P_HR,23.2,30.6,17.4,0.0
2030-11-02,EC_Earth3P_HR,24.2,31.0,17.9,0.0
2030-11-03,EC_Earth3P_HR,23.6,31.2,17.5,0.0
2030-11-04,EC_Earth3P_HR,23.7,31.1,18.2,0.0
2030-11-05,EC_Earth3P_HR,24.3,30.7,17.8,0.0
2030-11-06,EC_Earth3P_HR,23.3,30.2,17.9,0.0
2030-11-07,EC_Earth3P_HR,24.1,29.7,18.1,0.0
2030-11-08,EC_Earth3P_HR,23.5,29.3,16.5,0.0
2030-11-09,EC_Earth3P_HR,22.9,28.9,15.5,0.0
2030-11-10,EC_Earth3P_HR,23.3,27.6,15.4,0.0
2030-11-11,EC_Earth3P_HR,23.5,28.0,17.2,0.0
2030-11-12,EC_Earth3P_HR,22.3,28.6,16.5,0.0
2030-11-13,EC_Earth3P_HR,20.8,28.7,13.5,0.0
2030-11-14,EC_Earth3P_HR,20.7,27.9,13.0,0.0
2030-11-15,EC_Earth3P_HR,20.3,27.5,14.0,0.0
2030-11-16,EC_Earth3P_HR,20.5,26.9,16.0,0.0
2030-11-17,EC_Earth3P_HR,21.6,26.7,16.0,0.0
2030-11-18,EC_Earth3P_HR,22.4,26.2,17.3,0.0
2030-11-19,EC_Earth3P_HR,22.4,26.6,17.0,0.0
2030-11-20,EC_Earth3P_HR,22.0,27.8,16.4,0.0
2030-11-21,EC_Earth3P_HR,23.6,29.2,18.3,0.0
2030-11-22,EC_Earth3P_HR,24.4,29.0,19.2,0.0
2030-11-23,EC_Earth3P_HR,21.7,26.3,17.4,0.07
2030-11-24,EC_Earth3P_HR,21.0,26.9,14.5,0.0
2030-11-25,EC_Earth3P_HR,17.6,24.4,12.2,0.0
2030-11-26,EC_Earth3P_HR,17.3,24.2,11.9,0.0
2030-11-27,EC_Earth3P_HR,17.1,23.8,12.3,0.0
2030-11-28,EC_Earth3P_HR,17.2,24.2,12.2,0.0
2030-11-29,EC_Earth3P_HR,18.5,24.3,13.3,3.0
2030-11-30,EC_Earth3P_HR,17.0,22.5,12.7,0.0
2030-12-01,EC_Earth3P_HR,17.2,23.9,11.6,0.0
2030-12-02,EC_Earth3P_HR,16.5,24.1,10.6,0.0
2030-12-03,EC_Earth3P_HR,15.6,23.8,9.1,0.0
2030-12-04,EC_Earth3P_HR,15.7,23.3,8.5,0.0
2030-12-05,EC_Earth3P_HR,16.2,23.8,9.3,0.0
2030-12-06,EC_Earth3P_HR,16.7,24.0,10.4,0.0
2030-12-07,EC_Earth3P_HR,16.5,23.7,11.0,0.0
2030-12-08,EC_Earth3P_HR,17.0,23.4,10.6,0.0
2030-12-09,EC_Earth3P_HR,17.1,23.2,10.3,0.0
2030-12-10,EC_Earth3P_HR,16.7,23.2,10.0,0.0
2030-12-11,EC_Earth3P_HR,16.9,23.0,10.4,0.0
2030-12-12,EC_Earth3P_HR,16.2,23.4,9.9,0.0
2030-12-13,EC_Earth3P_HR,17.2,24.5,11.5,0.0
2030-12-14,EC_Earth3P_HR,17.7,24.3,12.3,0.0
2030-12-15,EC_Earth3P_HR,16.1,23.2,10.2,0.0
2030-12-16,EC_Earth3P_HR,16.3,23.4,9.6,0.0
2030-12-17,EC_Earth3P_HR,19.1,25.7,12.6,0.0
2030-12-18,EC_Earth3P_HR,19.3,25.7,12.7,0.0
2030-12-19,EC_Earth3P_HR,18.4,26.1,12.2,0.0
2030-12-20,EC_Earth3P_HR,16.1,24.4,8.9,0.0
2030-12-21,EC_Earth3P_HR,17.2,23.6,8.4,0.0
2030-12-22,EC_Earth3P_HR,15.5,23.4,9.6,0.0
2030-12-23,EC_Earth3P_HR,16.0,24.0,9.0,0.0
2030-12-24,EC_Earth3P_HR,15.7,24.3,8.5,0.0
2030-12-25,EC_Earth3P_HR,15.2,23.6,8.8,0.0
2030-12-26,EC_Earth3P_HR,16.8,23.8,8.1,0.0
2030-12-27,EC_Earth3P_HR,16.1,23.4,9.8,0.0
2030-12-28,EC_Earth3P_HR,17.8,22.3,12.8,0.3
2030-12-29,EC_Earth3P_HR,17.2,18.6,15.3,2.7
2030-12-30,EC_Earth3P_HR,18.4,22.7,14.1,0.0
2030-12-31,EC_Earth3P_HR,18.2,23.1,14.6,0.22
2031-01-01,EC_Earth3P_HR,17.9,23.3,12.9,0.11
2031-01-02,EC_Earth3P_HR,15.9,21.2,11.1,0.0
2031-01-03,EC_Earth3P_HR,14.2,20.4,9.7,0.0
2031-01-04,EC_Earth3P_HR,14.2,21.1,8.9,0.0
2031-01-05,EC_Earth3P_HR,15.4,21.9,9.7,0.0
2031-01-06,EC_Earth3P_HR,16.8,23.5,11.7,0.0
2031-01-07,EC_Earth3P_HR,17.0,24.4,11.7,0.0
2031-01-08,EC_Earth3P_HR,17.2,25.8,11.2,0.0
2031-01-09,EC_Earth3P_HR,18.1,25.8,10.3,0.0
2031-01-10,EC_Earth3P_HR,18.4,25.0,13.1,0.0
2031-01-11,EC_Earth3P_HR,17.8,23.7,14.0,0.0
2031-01-12,EC_Earth3P_HR,19.3,24.5,14.0,0.0
2031-01-13,EC_Earth3P_HR,19.0,23.9,15.9,0.11
2031-01-14,EC_Earth3P_HR,18.2,22.6,14.8,0.57
2031-01-15,EC_Earth3P_HR,18.5,24.8,12.9,0.0
2031-01-16,EC_Earth3P_HR,16.8,24.0,11.4,0.0
2031-01-17,EC_Earth3P_HR,16.7,23.5,10.8,0.0
2031-01-18,EC_Earth3P_HR,16.6,22.7,12.5,0.0
2031-01-19,EC_Earth3P_HR,16.6,21.8,12.8,5.33
2031-01-20,EC_Earth3P_HR,18.3,21.9,13.9,4.31
2031-01-21,EC_Earth3P_HR,18.3,21.1,14.9,2.27
2031-01-22,EC_Earth3P_HR,19.7,25.1,14.8,1.02
2031-01-23,EC_Earth3P_HR,18.8,23.3,14.7,0.79
2031-01-24,EC_Earth3P_HR,18.2,24.4,13.9,0.0
2031-01-25,EC_Earth3P_HR,18.2,22.0,15.2,15.06
2031-01-26,EC_Earth3P_HR,17.8,20.1,16.0,11.32
2031-01-27,EC_Earth3P_HR,16.4,20.2,10.8,0.34
2031-01-28,EC_Earth3P_HR,13.9,19.5,9.0,0.0
2031-01-29,EC_Earth3P_HR,13.6,19.2,8.6,0.0
2031-01-30,EC_Earth3P_HR,14.7,21.7,8.9,0.0
2031-01-31,EC_Earth3P_HR,14.2,16.4,11.3,10.86
2031-02-01,EC_Earth3P_HR,16.4,21.1,13.4,2.71
2031-02-02,EC_Earth3P_HR,17.5,22.4,12.2,0.0
2031-02-03,EC_Earth3P_HR,19.0,24.8,14.0,0.0
2031-02-04,EC_Earth3P_HR,20.2,24.4,15.8,0.34
2031-02-05,EC_Earth3P_HR,18.2,23.1,12.7,0.0
2031-02-06,EC_Earth3P_HR,18.3,24.2,12.0,2.6
2031-02-07,EC_Earth3P_HR,17.4,19.9,13.4,31.85
2031-02-08,EC_Earth3P_HR,17.5,22.6,13.1,0.0
2031-02-09,EC_Earth3P_HR,17.7,22.3,13.4,0.0
2031-02-10,EC_Earth3P_HR,16.0,20.9,11.6,0.0
2031-02-11,EC_Earth3P_HR,15.0,20.7,9.8,0.0
2031-02-12,EC_Earth3P_HR,15.6,21.6,9.3,0.0
2031-02-13,EC_Earth3P_HR,16.5,22.0,11.1,0.11
2031-02-14,EC_Earth3P_HR,16.4,22.2,11.0,5.53
2031-02-15,EC_Earth3P_HR,14.6,19.7,11.0,0.0
2031-02-16,EC_Earth3P_HR,15.0,19.5,11.2,0.23
2031-02-17,EC_Earth3P_HR,15.7,21.1,11.5,0.34
2031-02-18,EC_Earth3P_HR,16.6,21.6,11.7,0.0
2031-02-19,EC_Earth3P_HR,16.7,22.3,12.6,0.0
2031-02-20,EC_Earth3P_HR,17.1,21.7,11.7,0.0
2031-02-21,EC_Earth3P_HR,16.1,22.0,11.2,0.0
2031-02-22,EC_Earth3P_HR,17.5,23.0,11.0,0.0
2031-02-23,EC_Earth3P_HR,17.7,24.2,11.0,0.0
2031-02-24,EC_Earth3P_HR,17.5,24.4,12.0,0.0
2031-02-25,EC_Earth3P_HR,17.4,24.9,11.3,0.0
2031-02-26,EC_Earth3P_HR,18.1,24.1,12.3,0.0
2031-02-27,EC_Earth3P_HR,19.0,25.4,12.8,0.0
2031-02-28,EC_Earth3P_HR,19.8,26.8,13.7,0.0
2031-03-01,EC_Earth3P_HR,20.4,27.3,13.9,0.0
2031-03-02,EC_Earth3P_HR,20.5,27.3,14.4,0.0
2031-03-03,EC_Earth3P_HR,21.4,27.1,14.4,0.0
2031-03-04,EC_Earth3P_HR,21.2,27.4,14.8,0.0
2031-03-05,EC_Earth3P_HR,21.7,28.7,15.4,0.0
2031-03-06,EC_Earth3P_HR,21.4,27.8,14.6,0.0
2031-03-07,EC_Earth3P_HR,20.4,28.1,13.5,0.0
2031-03-08,EC_Earth3P_HR,21.3,29.1,13.9,0.11
2031-03-09,EC_Earth3P_HR,22.0,29.2,14.9,0.0
2031-03-10,EC_Earth3P_HR,22.6,29.7,16.0,4.06
2031-03-11,EC_Earth3P_HR,20.1,24.8,14.7,0.42
2031-03-12,EC_Earth3P_HR,21.1,27.4,14.6,0.0
2031-03-13,EC_Earth3P_HR,21.6,27.3,15.7,0.0
2031-03-14,EC_Earth3P_HR,21.7,28.8,15.3,0.0
2031-03-15,EC_Earth3P_HR,21.9,27.8,16.2,0.0
2031-03-16,EC_Earth3P_HR,22.5,29.4,15.8,0.0
2031-03-17,EC_Earth3P_HR,22.6,29.4,16.0,0.0
2031-03-18,EC_Earth3P_HR,22.5,29.6,15.5,0.0
2031-03-19,EC_Earth3P_HR,22.1,29.9,15.3,0.0
2031-03-20,EC_Earth3P_HR,20.7,26.2,15.2,0.1
2031-03-21,EC_Earth3P_HR,23.1,29.9,14.8,0.0
2031-03-22,EC_Earth3P_HR,24.5,30.9,17.6,0.0
2031-03-23,EC_Earth3P_HR,26.5,32.9,19.5,0.0
2031-03-24,EC_Earth3P_HR,26.1,32.7,20.1,0.1
2031-03-25,EC_Earth3P_HR,25.1,31.4,19.9,0.87
2031-03-26,EC_Earth3P_HR,25.2,30.7,19.9,0.0
2031-03-27,EC_Earth3P_HR,25.8,31.4,20.7,0.0
2031-03-28,EC_Earth3P_HR,26.2,31.5,22.2,0.0
2031-03-29,EC_Earth3P_HR,27.0,32.1,22.4,0.0
2031-03-30,EC_Earth3P_HR,28.0,33.8,22.8,0.0
2031-03-31,EC_Earth3P_HR,27.0,33.1,22.3,0.19
2031-04-01,EC_Earth3P_HR,23.9,27.0,21.2,2.24
2031-04-02,EC_Earth3P_HR,20.9,22.2,19.4,12.44
2031-04-03,EC_Earth3P_HR,23.4,28.1,19.4,1.29
2031-04-04,EC_Earth3P_HR,24.9,31.1,19.8,0.0
2031-04-05,EC_Earth3P_HR,24.0,30.1,18.2,0.0
2031-04-06,EC_Earth3P_HR,23.5,30.4,16.8,0.0
2031-04-07,EC_Earth3P_HR,24.5,32.0,16.4,0.54
2031-04-08,EC_Earth3P_HR,27.2,34.0,20.0,0.54
2031-04-09,EC_Earth3P_HR,25.4,32.5,18.6,0.0
2031-04-10,EC_Earth3P_HR,24.7,31.6,18.4,0.0
2031-04-11,EC_Earth3P_HR,25.3,32.2,18.2,0.0
2031-04-12,EC_Earth3P_HR,25.6,32.5,18.7,0.0
2031-04-13,EC_Earth3P_HR,26.3,33.3,19.5,0.0
2031-04-14,EC_Earth3P_HR,24.8,31.9,17.5,0.0
2031-04-15,EC_Earth3P_HR,24.7,32.3,17.1,0.0
2031-04-16,EC_Earth3P_HR,26.4,33.8,17.3,0.0
2031-04-17,EC_Earth3P_HR,26.7,33.5,18.8,0.0
2031-04-18,EC_Earth3P_HR,27.2,34.1,20.1,0.0
2031-04-19,EC_Earth3P_HR,28.0,34.7,20.3,0.0
2031-04-20,EC_Earth3P_HR,29.3,36.0,20.7,0.0
2031-04-21,EC_Earth3P_HR,30.6,37.8,23.4,0.0
2031-04-22,EC_Earth3P_HR,31.3,39.3,23.0,0.0
2031-04-23,EC_Earth3P_HR,32.4,40.7,23.1,0.0
2031-04-24,EC_Earth3P_HR,32.9,40.2,24.7,0.0
2031-04-25,EC_Earth3P_HR,30.5,35.6,24.3,0.0
2031-04-26,EC_Earth3P_HR,29.6,36.4,22.3,0.0
2031-04-27,EC_Earth3P_HR,29.4,36.4,21.8,0.0
2031-04-28,EC_Earth3P_HR,30.3,37.3,21.4,0.0
2031-04-29,EC_Earth3P_HR,31.4,38.5,24.3,0.0
2031-04-30,EC_Earth3P_HR,32.0,38.5,24.4,0.0
2031-05-01,EC_Earth3P_HR,32.4,38.8,25.4,0.0
2031-05-02,EC_Earth3P_HR,32.4,39.1,25.2,0.0
2031-05-03,EC_Earth3P_HR,32.8,39.8,24.6,0.0
2031-05-04,EC_Earth3P_HR,32.7,39.9,24.4,0.0
2031-05-05,EC_Earth3P_HR,33.1,40.2,24.9,0.0
2031-05-06,EC_Earth3P_HR,32.7,40.0,25.4,0.0
2031-05-07,EC_Earth3P_HR,32.5,40.2,24.6,0.0
2031-05-08,EC_Earth3P_HR,32.7,41.0,23.6,0.0
2031-05-09,EC_Earth3P_HR,33.4,41.4,23.5,0.0
2031-05-10,EC_Earth3P_HR,33.0,39.3,26.4,0.0
2031-05-11,EC_Earth3P_HR,32.1,38.8,26.3,0.0
2031-05-12,EC_Earth3P_HR,32.7,39.0,26.7,0.0
2031-05-13,EC_Earth3P_HR,33.7,39.6,28.3,0.0
2031-05-14,EC_Earth3P_HR,34.3,40.6,28.2,0.0
2031-05-15,EC_Earth3P_HR,34.5,41.4,28.5,0.0
2031-05-16,EC_Earth3P_HR,35.3,41.8,28.5,0.0
2031-05-17,EC_Earth3P_HR,35.7,41.4,30.0,0.0
2031-05-18,EC_Earth3P_HR,33.9,40.2,28.7,1.05
2031-05-19,EC_Earth3P_HR,33.1,39.7,28.2,1.34
2031-05-20,EC_Earth3P_HR,33.1,39.3,28.2,0.96
2031-05-21,EC_Earth3P_HR,32.8,39.1,28.5,5.88
2031-05-22,EC_Earth3P_HR,32.2,36.1,28.9,0.39
2031-05-23,EC_Earth3P_HR,32.7,37.6,28.8,0.48
2031-05-24,EC_Earth3P_HR,33.3,38.2,28.8,0.1
2031-05-25,EC_Earth3P_HR,32.9,38.9,27.6,0.88
2031-05-26,EC_Earth3P_HR,32.9,38.1,27.5,0.59
2031-05-27,EC_Earth3P_HR,33.5,40.2,27.8,0.88
2031-05-28,EC_Earth3P_HR,33.5,39.4,27.4,0.1
2031-05-29,EC_Earth3P_HR,35.3,41.2,29.0,0.0
2031-05-30,EC_Earth3P_HR,35.9,43.2,29.0,0.0
2031-05-31,EC_Earth3P_HR,35.4,43.0,29.0,0.0
2031-06-01,EC_Earth3P_HR,36.0,42.4,29.4,0.0
2031-06-02,EC_Earth3P_HR,36.9,42.5,30.8,0.0
2031-06-03,EC_Earth3P_HR,37.7,43.1,32.2,0.0
2031-06-04,EC_Earth3P_HR,35.7,40.3,31.6,0.0
2031-06-05,EC_Earth3P_HR,35.4,40.4,31.1,0.1
2031-06-06,EC_Earth3P_HR,34.8,39.7,30.9,0.0
2031-06-07,EC_Earth3P_HR,35.1,39.3,30.8,0.0
2031-06-08,EC_Earth3P_HR,35.1,39.6,31.2,0.2
2031-06-09,EC_Earth3P_HR,35.7,39.9,31.5,0.3
2031-06-10,EC_Earth3P_HR,35.8,40.3,31.5,0.0
2031-06-11,EC_Earth3P_HR,35.5,39.4,30.9,0.0
2031-06-12,EC_Earth3P_HR,35.0,40.2,30.7,0.0
2031-06-13,EC_Earth3P_HR,32.9,37.7,29.8,4.59
2031-06-14,EC_Earth3P_HR,31.8,36.2,29.8,1.9
2031-06-15,EC_Earth3P_HR,33.4,37.7,29.4,0.1
2031-06-16,EC_Earth3P_HR,32.2,36.7,28.7,1.0
2031-06-17,EC_Earth3P_HR,33.4,37.7,28.7,0.0
2031-06-18,EC_Earth3P_HR,34.5,38.0,29.5,0.0
2031-06-19,EC_Earth3P_HR,35.1,38.7,30.2,0.0
2031-06-20,EC_Earth3P_HR,35.9,39.8,31.1,0.6
2031-06-21,EC_Earth3P_HR,35.5,39.8,29.8,0.3
2031-06-22,EC_Earth3P_HR,34.0,39.1,28.1,6.33
2031-06-23,EC_Earth3P_HR,31.8,36.2,28.1,7.14
2031-06-24,EC_Earth3P_HR,31.1,35.5,27.7,8.05
2031-06-25,EC_Earth3P_HR,29.8,33.2,27.3,17.41
2031-06-26,EC_Earth3P_HR,28.9,32.0,27.2,14.9
2031-06-27,EC_Earth3P_HR,28.7,30.8,26.7,21.16
2031-06-28,EC_Earth3P_HR,28.9,32.1,26.7,32.65
2031-06-29,EC_Earth3P_HR,28.7,31.8,26.9,16.84
2031-06-30,EC_Earth3P_HR,29.2,32.5,26.6,4.54
2031-07-01,EC_Earth3P_HR,28.7,31.6,26.6,4.95
2031-07-02,EC_Earth3P_HR,30.1,33.2,26.7,1.72
2031-07-03,EC_Earth3P_HR,30.5,33.6,28.0,0.81
2031-07-04,EC_Earth3P_HR,30.7,33.5,27.9,0.81
2031-07-05,EC_Earth3P_HR,30.0,32.9,26.5,0.3
2031-07-06,EC_Earth3P_HR,30.1,33.7,26.5,1.61
2031-07-07,EC_Earth3P_HR,30.0,34.3,26.3,16.53
2031-07-08,EC_Earth3P_HR,30.1,33.6,26.3,8.06
2031-07-09,EC_Earth3P_HR,30.3,33.4,26.8,6.94
2031-07-10,EC_Earth3P_HR,30.4,33.7,27.3,4.33
2031-07-11,EC_Earth3P_HR,31.2,34.5,27.4,6.63
2031-07-12,EC_Earth3P_HR,30.5,34.0,27.2,27.33
2031-07-13,EC_Earth3P_HR,28.9,32.4,26.7,25.8
2031-07-14,EC_Earth3P_HR,28.8,31.6,26.7,14.05
2031-07-15,EC_Earth3P_HR,28.6,31.3,27.0,11.43
2031-07-16,EC_Earth3P_HR,28.4,31.0,26.8,20.54
2031-07-17,EC_Earth3P_HR,28.4,31.4,26.6,14.12
2031-07-18,EC_Earth3P_HR,28.8,32.1,26.6,11.91
2031-07-19,EC_Earth3P_HR,28.2,30.0,26.6,8.8
2031-07-20,EC_Earth3P_HR,28.8,32.8,26.6,12.9
2031-07-21,EC_Earth3P_HR,29.8,32.4,27.1,5.2
2031-07-22,EC_Earth3P_HR,29.3,32.2,27.1,2.3
2031-07-23,EC_Earth3P_HR,29.4,32.9,26.8,4.59
2031-07-24,EC_Earth3P_HR,29.4,32.8,26.8,4.79
2031-07-25,EC_Earth3P_HR,30.2,33.7,27.1,1.69
2031-07-26,EC_Earth3P_HR,30.6,33.1,27.0,8.57
2031-07-27,EC_Earth3P_HR,29.5,32.7,26.6,17.52
2031-07-28,EC_Earth3P_HR,29.3,32.2,26.6,4.58
2031-07-29,EC_Earth3P_HR,29.2,33.1,26.6,2.19
2031-07-30,EC_Earth3P_HR,29.4,32.8,26.7,5.47
2031-07-31,EC_Earth3P_HR,29.7,33.2,27.2,2.98
2031-08-01,EC_Earth3P_HR,28.8,32.9,26.8,9.73
2031-08-02,EC_Earth3P_HR,28.5,32.0,26.4,5.75
2031-08-03,EC_Earth3P_HR,29.1,32.2,26.4,1.78
2031-08-04,EC_Earth3P_HR,29.7,32.9,26.4,7.93
2031-08-05,EC_Earth3P_HR,28.7,32.0,26.3,11.09
2031-08-06,EC_Earth3P_HR,29.2,33.0,26.4,9.9
2031-08-07,EC_Earth3P_HR,29.4,32.7,26.5,4.35
2031-08-08,EC_Earth3P_HR,28.9,32.1,26.5,5.54
2031-08-09,EC_Earth3P_HR,29.9,32.8,26.8,2.27
2031-08-10,EC_Earth3P_HR,30.1,33.1,27.6,4.25
2031-08-11,EC_Earth3P_HR,30.7,33.5,27.7,1.68
2031-08-12,EC_Earth3P_HR,30.3,32.6,27.8,2.37
2031-08-13,EC_Earth3P_HR,30.4,33.7,26.7,12.02
2031-08-14,EC_Earth3P_HR,29.6,32.1,26.7,10.15
2031-08-15,EC_Earth3P_HR,29.6,32.7,27.1,5.71
2031-08-16,EC_Earth3P_HR,29.5,32.7,26.9,5.51
2031-08-17,EC_Earth3P_HR,29.6,33.0,27.1,11.6
2031-08-18,EC_Earth3P_HR,30.3,33.2,27.4,2.46
2031-08-19,EC_Earth3P_HR,30.9,34.0,27.6,2.06
2031-08-20,EC_Earth3P_HR,31.4,34.6,27.9,0.79
2031-08-21,EC_Earth3P_HR,30.8,33.7,27.7,5.69
2031-08-22,EC_Earth3P_HR,29.9,32.6,26.9,6.47
2031-08-23,EC_Earth3P_HR,29.3,31.8,26.9,7.05
2031-08-24,EC_Earth3P_HR,29.2,31.7,26.9,9.6
2031-08-25,EC_Earth3P_HR,29.4,32.5,27.0,4.99
2031-08-26,EC_Earth3P_HR,28.8,32.5,26.8,13.5
2031-08-27,EC_Earth3P_HR,28.4,31.1,26.6,17.01
2031-08-28,EC_Earth3P_HR,27.5,29.9,26.0,15.93
2031-08-29,EC_Earth3P_HR,28.6,32.4,26.0,5.86
2031-08-30,EC_Earth3P_HR,29.6,32.7,27.2,7.61
2031-08-31,EC_Earth3P_HR,29.2,32.3,26.9,10.73
2031-09-01,EC_Earth3P_HR,27.9,30.9,26.1,4.97
2031-09-02,EC_Earth3P_HR,27.6,30.7,25.5,5.55
2031-09-03,EC_Earth3P_HR,28.0,30.9,25.5,1.65
2031-09-04,EC_Earth3P_HR,27.7,30.9,25.8,6.61
2031-09-05,EC_Earth3P_HR,29.1,32.5,25.9,1.45
2031-09-06,EC_Earth3P_HR,29.7,33.4,25.8,0.1
2031-09-07,EC_Earth3P_HR,29.8,33.8,26.1,2.03
2031-09-08,EC_Earth3P_HR,28.8,31.9,26.5,12.74
2031-09-09,EC_Earth3P_HR,28.9,33.5,25.9,5.49
2031-09-10,EC_Earth3P_HR,28.9,33.4,25.9,1.64
2031-09-11,EC_Earth3P_HR,29.1,33.3,26.3,1.25
2031-09-12,EC_Earth3P_HR,29.0,32.5,26.3,4.51
2031-09-13,EC_Earth3P_HR,28.9,33.0,26.3,2.78
2031-09-14,EC_Earth3P_HR,29.5,32.8,26.2,1.81
2031-09-15,EC_Earth3P_HR,30.4,33.9,26.6,1.05
2031-09-16,EC_Earth3P_HR,29.1,32.7,26.9,6.37
2031-09-17,EC_Earth3P_HR,29.6,33.3,26.7,1.33
2031-09-18,EC_Earth3P_HR,29.6,33.2,26.4,5.02
2031-09-19,EC_Earth3P_HR,28.1,32.1,25.3,10.96
2031-09-20,EC_Earth3P_HR,28.0,32.4,25.1,2.55
2031-09-21,EC_Earth3P_HR,28.5,32.3,25.0,0.94
2031-09-22,EC_Earth3P_HR,28.7,32.9,25.6,1.5
2031-09-23,EC_Earth3P_HR,28.5,31.8,26.2,8.14
2031-09-24,EC_Earth3P_HR,28.5,31.9,26.4,4.85
2031-09-25,EC_Earth3P_HR,28.1,31.3,26.0,8.84
2031-09-26,EC_Earth3P_HR,27.5,30.6,25.8,14.76
2031-09-27,EC_Earth3P_HR,27.9,31.6,25.7,6.48
2031-09-28,EC_Earth3P_HR,28.2,31.3,25.8,7.01
2031-09-29,EC_Earth3P_HR,28.5,32.2,25.4,5.33
2031-09-30,EC_Earth3P_HR,28.4,31.3,25.3,1.37
2031-10-01,EC_Earth3P_HR,28.5,32.2,25.8,4.66
2031-10-02,EC_Earth3P_HR,27.4,31.0,25.5,5.73
2031-10-03,EC_Earth3P_HR,26.7,29.0,25.0,9.69
2031-10-04,EC_Earth3P_HR,26.3,28.7,25.0,14.98
2031-10-05,EC_Earth3P_HR,26.5,29.5,25.1,13.3
2031-10-06,EC_Earth3P_HR,27.7,31.0,25.1,1.97
2031-10-07,EC_Earth3P_HR,27.9,31.7,25.1,4.1
2031-10-08,EC_Earth3P_HR,27.8,32.0,25.3,7.09
2031-10-09,EC_Earth3P_HR,27.8,31.9,25.0,6.17
2031-10-10,EC_Earth3P_HR,27.5,31.8,24.7,4.38
2031-10-11,EC_Earth3P_HR,28.1,31.8,24.7,1.05
2031-10-12,EC_Earth3P_HR,28.1,31.7,24.7,1.3
2031-10-13,EC_Earth3P_HR,28.0,31.9,25.0,0.86
2031-10-14,EC_Earth3P_HR,28.0,31.7,24.8,1.54
2031-10-15,EC_Earth3P_HR,27.8,32.2,24.2,0.08
2031-10-16,EC_Earth3P_HR,27.9,32.2,24.1,0.17
2031-10-17,EC_Earth3P_HR,27.9,32.3,24.0,0.0
2031-10-18,EC_Earth3P_HR,27.6,31.1,24.0,0.5
2031-10-19,EC_Earth3P_HR,26.8,31.7,23.6,7.38
2031-10-20,EC_Earth3P_HR,26.0,30.0,23.4,1.22
2031-10-21,EC_Earth3P_HR,26.3,30.0,23.5,1.2
2031-10-22,EC_Earth3P_HR,26.1,29.9,22.9,0.64
2031-10-23,EC_Earth3P_HR,26.2,30.2,21.5,0.39
2031-10-24,EC_Earth3P_HR,24.7,30.1,19.9,0.0
2031-10-25,EC_Earth3P_HR,23.9,29.2,19.1,0.0
2031-10-26,EC_Earth3P_HR,23.5,29.7,18.2,0.0
2031-10-27,EC_Earth3P_HR,23.2,29.6,17.8,0.0
2031-10-28,EC_Earth3P_HR,22.2,28.9,16.2,0.0
2031-10-29,EC_Earth3P_HR,23.3,28.4,16.0,0.0
2031-10-30,EC_Earth3P_HR,23.7,28.2,17.2,0.0
2031-10-31,EC_Earth3P_HR,23.3,28.2,16.7,0.0
2031-11-01,EC_Earth3P_HR,23.5,28.1,18.1,0.0
2031-11-02,EC_Earth3P_HR,23.1,28.5,18.1,0.0
2031-11-03,EC_Earth3P_HR,24.2,28.8,19.4,0.0
2031-11-04,EC_Earth3P_HR,24.7,28.6,20.9,0.0
2031-11-05,EC_Earth3P_HR,25.2,29.3,20.7,0.0
2031-11-06,EC_Earth3P_HR,24.1,29.3,19.5,0.0
2031-11-07,EC_Earth3P_HR,23.6,28.8,18.7,0.0
2031-11-08,EC_Earth3P_HR,23.4,29.1,18.5,0.0
2031-11-09,EC_Earth3P_HR,23.2,28.8,18.3,0.0
2031-11-10,EC_Earth3P_HR,22.7,28.2,16.7,0.0
2031-11-11,EC_Earth3P_HR,21.5,27.8,16.2,0.0
2031-11-12,EC_Earth3P_HR,20.5,27.4,14.6,0.0
2031-11-13,EC_Earth3P_HR,21.5,26.9,14.2,0.0
2031-11-14,EC_Earth3P_HR,21.0,26.7,15.8,0.0
2031-11-15,EC_Earth3P_HR,21.0,26.9,15.6,0.0
2031-11-16,EC_Earth3P_HR,22.0,27.3,15.9,0.0
2031-11-17,EC_Earth3P_HR,22.2,27.2,16.4,0.0
2031-11-18,EC_Earth3P_HR,21.8,26.6,16.4,0.0
2031-11-19,EC_Earth3P_HR,20.9,26.7,15.8,0.0
2031-11-20,EC_Earth3P_HR,21.3,26.1,15.5,0.0
2031-11-21,EC_Earth3P_HR,20.7,25.3,14.8,0.0
2031-11-22,EC_Earth3P_HR,19.0,24.7,13.9,0.0
2031-11-23,EC_Earth3P_HR,18.4,25.3,12.7,0.0
2031-11-24,EC_Earth3P_HR,17.3,24.9,11.2,0.0
2031-11-25,EC_Earth3P_HR,17.3,24.4,10.7,0.0
2031-11-26,EC_Earth3P_HR,18.4,24.2,11.4,0.0
2031-11-27,EC_Earth3P_HR,17.7,24.4,11.9,0.0
2031-11-28,EC_Earth3P_HR,17.3,24.2,12.2,0.0
2031-11-29,EC_Earth3P_HR,17.5,24.6,11.8,0.0
2031-11-30,EC_Earth3P_HR,17.9,25.0,12.1,0.0
2031-12-01,EC_Earth3P_HR,18.2,24.8,11.9,0.0
2031-12-02,EC_Earth3P_HR,17.3,24.5,11.8,0.0
2031-12-03,EC_Earth3P_HR,16.8,23.8,11.3,0.0
2031-12-04,EC_Earth3P_HR,16.0,23.3,10.9,0.0
2031-12-05,EC_Earth3P_HR,17.6,23.9,10.4,0.0
2031-12-06,EC_Earth3P_HR,18.4,23.4,12.2,0.98
2031-12-07,EC_Earth3P_HR,20.3,26.1,15.2,0.0
2031-12-08,EC_Earth3P_HR,22.6,27.4,16.9,0.0
2031-12-09,EC_Earth3P_HR,23.0,27.2,19.6,0.0
2031-12-10,EC_Earth3P_HR,21.0,24.1,17.5,0.23
2031-12-11,EC_Earth3P_HR,19.3,25.1,13.2,0.0
2031-12-12,EC_Earth3P_HR,17.1,23.4,12.6,0.0
2031-12-13,EC_Earth3P_HR,18.7,23.4,12.5,0.32
2031-12-14,EC_Earth3P_HR,18.6,21.5,15.9,3.81
2031-12-15,EC_Earth3P_HR,19.5,22.5,16.5,5.5
2031-12-16,EC_Earth3P_HR,18.4,22.1,14.4,0.33
2031-12-17,EC_Earth3P_HR,16.4,21.5,11.3,0.0
2031-12-18,EC_Earth3P_HR,14.6,20.4,9.4,0.0
2031-12-19,EC_Earth3P_HR,14.4,20.5,8.8,0.0
2031-12-20,EC_Earth3P_HR,16.2,20.9,10.5,0.0
2031-12-21,EC_Earth3P_HR,15.0,21.0,10.5,0.0
2031-12-22,EC_Earth3P_HR,15.3,21.0,10.0,0.0
2031-12-23,EC_Earth3P_HR,14.6,21.3,9.5,0.0
2031-12-24,EC_Earth3P_HR,14.8,21.6,9.7,0.0
2031-12-25,EC_Earth3P_HR,14.7,21.5,9.5,0.0
2031-12-26,EC_Earth3P_HR,14.4,21.4,9.0,0.0
2031-12-27,EC_Earth3P_HR,14.9,21.9,9.3,0.0
2031-12-28,EC_Earth3P_HR,15.0,22.4,9.9,0.0
2031-12-29,EC_Earth3P_HR,14.7,22.2,9.3,0.0
2031-12-30,EC_Earth3P_HR,14.2,21.9,8.7,0.0
2031-12-31,EC_Earth3P_HR,14.1,21.4,8.0,0.0
2032-01-01,EC_Earth3P_HR,13.5,21.0,7.8,0.0
2032-01-02,EC_Earth3P_HR,14.1,21.0,8.8,0.0
2032-01-03,EC_Earth3P_HR,14.8,20.9,9.8,0.0
2032-01-04,EC_Earth3P_HR,13.2,19.6,8.6,0.0
2032-01-05,EC_Earth3P_HR,12.9,20.4,7.6,0.0
2032-01-06,EC_Earth3P_HR,14.8,21.1,7.1,0.0
2032-01-07,EC_Earth3P_HR,14.6,21.8,8.0,0.0
2032-01-08,EC_Earth3P_HR,14.5,20.7,8.6,0.0
2032-01-09,EC_Earth3P_HR,11.2,17.9,5.5,0.0
2032-01-10,EC_Earth3P_HR,11.6,18.8,5.0,0.0
2032-01-11,EC_Earth3P_HR,12.4,20.1,6.1,0.0
2032-01-12,EC_Earth3P_HR,12.2,19.8,6.8,0.0
2032-01-13,EC_Earth3P_HR,13.7,19.3,6.3,0.0
2032-01-14,EC_Earth3P_HR,14.8,19.9,7.0,0.0
2032-01-15,EC_Earth3P_HR,12.9,20.8,6.4,0.0
2032-01-16,EC_Earth3P_HR,15.6,22.6,8.8,0.0
2032-01-17,EC_Earth3P_HR,15.5,22.4,10.0,0.0
2032-01-18,EC_Earth3P_HR,15.4,22.1,9.6,0.0
2032-01-19,EC_Earth3P_HR,15.6,22.1,9.8,0.0
2032-01-20,EC_Earth3P_HR,14.1,20.4,8.8,0.0
2032-01-21,EC_Earth3P_HR,15.0,22.5,8.3,0.0
2032-01-22,EC_Earth3P_HR,16.6,22.4,9.0,0.0
2032-01-23,EC_Earth3P_HR,17.3,23.6,9.5,0.0
2032-01-24,EC_Earth3P_HR,18.6,24.3,10.8,0.0
2032-01-25,EC_Earth3P_HR,19.0,24.6,11.1,0.0
2032-01-26,EC_Earth3P_HR,17.6,24.9,11.4,0.0
2032-01-27,EC_Earth3P_HR,16.8,23.4,9.6,0.0
2032-01-28,EC_Earth3P_HR,14.3,21.9,8.7,0.0
2032-01-29,EC_Earth3P_HR,16.2,23.3,9.0,0.0
2032-01-30,EC_Earth3P_HR,16.9,24.3,11.5,0.0
2032-01-31,EC_Earth3P_HR,17.1,24.3,11.3,0.0
2032-02-01,EC_Earth3P_HR,16.9,24.2,10.6,0.0
2032-02-02,EC_Earth3P_HR,18.0,24.8,11.5,0.0
2032-02-03,EC_Earth3P_HR,18.7,25.2,11.7,0.0
2032-02-04,EC_Earth3P_HR,17.3,24.1,11.2,0.0
2032-02-05,EC_Earth3P_HR,18.7,24.5,13.7,0.0
2032-02-06,EC_Earth3P_HR,19.3,25.6,14.0,0.0
2032-02-07,EC_Earth3P_HR,19.9,26.9,13.5,0.0
2032-02-08,EC_Earth3P_HR,20.7,27.5,16.4,0.0
2032-02-09,EC_Earth3P_HR,22.1,27.6,17.9,1.58
2032-02-10,EC_Earth3P_HR,18.4,21.3,16.0,11.63
2032-02-11,EC_Earth3P_HR,17.7,21.4,13.8,0.23
2032-02-12,EC_Earth3P_HR,17.6,21.8,13.6,0.0
2032-02-13,EC_Earth3P_HR,18.5,23.1,14.2,0.0
2032-02-14,EC_Earth3P_HR,18.5,24.1,13.4,0.0
2032-02-15,EC_Earth3P_HR,18.9,23.5,12.9,1.47
2032-02-16,EC_Earth3P_HR,17.3,17.2,17.4,38.91
2032-02-17,EC_Earth3P_HR,18.0,18.7,17.4,20.19
2032-02-18,EC_Earth3P_HR,17.2,21.8,11.1,10.03
2032-02-19,EC_Earth3P_HR,14.7,19.6,10.9,0.45
2032-02-20,EC_Earth3P_HR,14.4,18.1,10.5,0.0
2032-02-21,EC_Earth3P_HR,14.7,18.8,10.8,0.0
2032-02-22,EC_Earth3P_HR,15.6,19.3,12.8,0.23
2032-02-23,EC_Earth3P_HR,16.6,21.9,11.9,0.0
2032-02-24,EC_Earth3P_HR,17.4,23.1,11.3,0.11
2032-02-25,EC_Earth3P_HR,17.9,22.2,14.9,7.66
2032-02-26,EC_Earth3P_HR,17.3,21.0,13.9,2.59
2032-02-27,EC_Earth3P_HR,16.8,22.1,11.7,0.0
2032-02-28,EC_Earth3P_HR,15.7,21.1,11.3,0.0
2032-02-29,EC_Earth3P_HR,15.6,21.8,10.8,0.0
2032-03-01,EC_Earth3P_HR,16.0,23.0,10.6,0.0
2032-03-02,EC_Earth3P_HR,18.9,24.4,12.0,0.0
2032-03-03,EC_Earth3P_HR,19.9,24.0,15.8,15.47
2032-03-04,EC_Earth3P_HR,17.2,21.9,12.7,0.11
2032-03-05,EC_Earth3P_HR,17.1,22.6,12.2,0.0
2032-03-06,EC_Earth3P_HR,17.5,22.6,12.2,0.0
2032-03-07,EC_Earth3P_HR,17.1,23.0,12.4,0.0
2032-03-08,EC_Earth3P_HR,17.3,23.6,12.0,0.0
2032-03-09,EC_Earth3P_HR,18.9,25.6,12.4,0.0
2032-03-10,EC_Earth3P_HR,20.9,27.2,15.2,0.0
2032-03-11,EC_Earth3P_HR,19.6,25.5,13.6,0.0
2032-03-12,EC_Earth3P_HR,18.9,25.6,13.2,0.0
2032-03-13,EC_Earth3P_HR,19.5,26.1,13.7,0.0
2032-03-14,EC_Earth3P_HR,21.1,28.2,14.4,0.0
2032-03-15,EC_Earth3P_HR,21.1,26.7,15.0,0.0
2032-03-16,EC_Earth3P_HR,22.9,26.6,18.4,0.0
2032-03-17,EC_Earth3P_HR,26.0,30.6,21.6,0.0
2032-03-18,EC_Earth3P_HR,24.3,31.4,18.8,1.41
2032-03-19,EC_Earth3P_HR,22.4,28.4,17.9,0.0
2032-03-20,EC_Earth3P_HR,22.9,29.3,17.7,0.0
2032-03-21,EC_Earth3P_HR,24.0,30.8,17.9,0.0
2032-03-22,EC_Earth3P_HR,25.9,32.6,20.1,0.1
2032-03-23,EC_Earth3P_HR,24.6,30.8,18.5,0.0
2032-03-24,EC_Earth3P_HR,23.9,31.3,17.5,0.0
2032-03-25,EC_Earth3P_HR,24.5,32.7,17.1,0.0
2032-03-26,EC_Earth3P_HR,25.4,33.8,16.9,0.0
2032-03-27,EC_Earth3P_HR,26.4,32.9,20.3,0.0
2032-03-28,EC_Earth3P_HR,25.0,33.1,17.8,0.0
2032-03-29,EC_Earth3P_HR,25.9,34.8,17.4,0.0
2032-03-30,EC_Earth3P_HR,27.2,34.6,20.1,0.0
2032-03-31,EC_Earth3P_HR,25.7,32.6,19.4,0.0
2032-04-01,EC_Earth3P_HR,24.8,31.1,18.9,0.0
2032-04-02,EC_Earth3P_HR,24.0,31.4,17.4,0.0
2032-04-03,EC_Earth3P_HR,25.7,33.5,16.8,0.0
2032-04-04,EC_Earth3P_HR,28.4,36.4,20.1,0.0
2032-04-05,EC_Earth3P_HR,27.8,35.6,22.5,2.92
2032-04-06,EC_Earth3P_HR,23.9,28.6,18.9,2.63
2032-04-07,EC_Earth3P_HR,24.8,31.5,18.8,0.0
2032-04-08,EC_Earth3P_HR,24.4,31.2,17.9,0.0
2032-04-09,EC_Earth3P_HR,23.2,29.8,17.8,0.0
2032-04-10,EC_Earth3P_HR,23.6,31.2,16.4,0.0
2032-04-11,EC_Earth3P_HR,24.2,32.1,16.1,0.0
2032-04-12,EC_Earth3P_HR,27.6,35.1,18.6,0.0
2032-04-13,EC_Earth3P_HR,29.6,36.5,22.2,0.0
2032-04-14,EC_Earth3P_HR,29.7,36.9,23.1,0.0
2032-04-15,EC_Earth3P_HR,29.8,36.6,23.0,0.0
2032-04-16,EC_Earth3P_HR,30.1,37.2,22.7,0.0
2032-04-17,EC_Earth3P_HR,29.8,37.5,22.5,0.0
2032-04-18,EC_Earth3P_HR,30.7,37.9,22.3,0.0
2032-04-19,EC_Earth3P_HR,31.4,39.6,23.4,0.0
2032-04-20,EC_Earth3P_HR,32.8,40.5,23.2,0.0
2032-04-21,EC_Earth3P_HR,33.5,42.1,25.0,0.0
2032-04-22,EC_Earth3P_HR,33.8,41.4,24.7,0.0
2032-04-23,EC_Earth3P_HR,33.2,39.7,27.2,0.0
2032-04-24,EC_Earth3P_HR,33.5,39.9,27.5,0.0
2032-04-25,EC_Earth3P_HR,32.6,39.1,25.4,0.0
2032-04-26,EC_Earth3P_HR,31.9,38.9,25.3,0.0
2032-04-27,EC_Earth3P_HR,32.5,38.9,25.5,0.0
2032-04-28,EC_Earth3P_HR,32.2,39.5,24.6,0.0
2032-04-29,EC_Earth3P_HR,32.9,40.2,24.4,0.0
2032-04-30,EC_Earth3P_HR,32.6,39.2,25.5,0.0
2032-05-01,EC_Earth3P_HR,31.7,38.4,24.0,0.0
2032-05-02,EC_Earth3P_HR,32.6,38.9,24.1,0.0
2032-05-03,EC_Earth3P_HR,33.2,39.1,27.0,0.0
2032-05-04,EC_Earth3P_HR,33.7,40.7,25.4,0.0
2032-05-05,EC_Earth3P_HR,33.8,41.9,25.4,0.0
2032-05-06,EC_Earth3P_HR,36.2,43.6,28.3,0.0
2032-05-07,EC_Earth3P_HR,34.4,41.9,26.6,2.05
2032-05-08,EC_Earth3P_HR,32.8,41.3,25.6,0.99
2032-05-09,EC_Earth3P_HR,31.8,37.7,25.3,0.0
2032-05-10,EC_Earth3P_HR,31.1,37.5,25.3,0.37
2032-05-11,EC_Earth3P_HR,31.7,36.9,25.0,0.0
2032-05-12,EC_Earth3P_HR,33.0,39.6,24.7,0.0
2032-05-13,EC_Earth3P_HR,33.2,39.1,26.2,0.0
2032-05-14,EC_Earth3P_HR,34.1,40.4,26.8,0.0
2032-05-15,EC_Earth3P_HR,34.9,41.0,28.3,0.0
2032-05-16,EC_Earth3P_HR,34.9,40.3,28.8,0.0
2032-05-17,EC_Earth3P_HR,34.3,40.7,26.4,0.0
2032-05-18,EC_Earth3P_HR,33.8,41.2,25.2,0.0
2032-05-19,EC_Earth3P_HR,34.3,42.4,25.1,0.0
2032-05-20,EC_Earth3P_HR,35.3,43.2,25.6,0.0
2032-05-21,EC_Earth3P_HR,34.9,43.6,25.5,0.0
2032-05-22,EC_Earth3P_HR,35.7,44.0,25.4,0.0
2032-05-23,EC_Earth3P_HR,35.6,43.3,28.5,0.0
2032-05-24,EC_Earth3P_HR,35.2,42.1,28.5,1.07
2032-05-25,EC_Earth3P_HR,35.2,41.3,29.2,0.0
2032-05-26,EC_Earth3P_HR,35.9,42.1,29.7,0.0
2032-05-27,EC_Earth3P_HR,35.1,41.3,29.8,0.2
2032-05-28,EC_Earth3P_HR,35.3,41.2,28.9,0.1
2032-05-29,EC_Earth3P_HR,34.2,40.2,27.9,0.79
2032-05-30,EC_Earth3P_HR,32.6,39.7,26.7,14.57
2032-05-31,EC_Earth3P_HR,32.3,37.2,26.6,0.2
2032-06-01,EC_Earth3P_HR,34.8,40.3,29.7,0.3
2032-06-02,EC_Earth3P_HR,35.8,42.2,30.3,0.0
2032-06-03,EC_Earth3P_HR,36.2,43.5,30.2,0.3
2032-06-04,EC_Earth3P_HR,34.9,41.4,30.0,1.68
2032-06-05,EC_Earth3P_HR,30.8,37.9,28.2,18.75
2032-06-06,EC_Earth3P_HR,32.0,37.5,28.3,0.4
2032-06-07,EC_Earth3P_HR,32.5,38.4,25.4,0.0
2032-06-08,EC_Earth3P_HR,32.8,39.9,25.4,0.0
2032-06-09,EC_Earth3P_HR,34.2,39.6,27.2,0.0
2032-06-10,EC_Earth3P_HR,34.5,39.3,29.7,0.0
2032-06-11,EC_Earth3P_HR,33.0,35.5,29.3,6.38
2032-06-12,EC_Earth3P_HR,34.6,38.7,29.3,0.1
2032-06-13,EC_Earth3P_HR,36.3,40.7,31.6,0.0
2032-06-14,EC_Earth3P_HR,36.6,41.1,32.2,0.0
2032-06-15,EC_Earth3P_HR,37.0,41.3,32.2,0.0
2032-06-16,EC_Earth3P_HR,37.0,42.2,31.2,0.1
2032-06-17,EC_Earth3P_HR,32.5,37.0,28.3,5.21
2032-06-18,EC_Earth3P_HR,30.2,32.0,28.2,5.01
2032-06-19,EC_Earth3P_HR,29.7,33.0,26.9,16.05
2032-06-20,EC_Earth3P_HR,29.7,33.7,26.9,10.84
2032-06-21,EC_Earth3P_HR,30.1,34.5,27.4,2.31
2032-06-22,EC_Earth3P_HR,29.4,33.7,26.5,7.44
2032-06-23,EC_Earth3P_HR,30.0,33.8,26.4,3.42
2032-06-24,EC_Earth3P_HR,31.8,34.8,28.5,0.5
2032-06-25,EC_Earth3P_HR,31.9,35.0,27.9,9.16
2032-06-26,EC_Earth3P_HR,30.3,33.6,27.7,18.74
2032-06-27,EC_Earth3P_HR,30.0,31.9,27.8,19.65
2032-06-28,EC_Earth3P_HR,29.2,31.6,27.3,14.92
2032-06-29,EC_Earth3P_HR,29.1,31.2,26.9,12.0
2032-06-30,EC_Earth3P_HR,29.6,32.5,26.8,27.55
2032-07-01,EC_Earth3P_HR,30.1,33.4,26.8,14.13
2032-07-02,EC_Earth3P_HR,30.3,33.5,26.9,16.26
2032-07-03,EC_Earth3P_HR,30.0,33.0,26.9,11.91
2032-07-04,EC_Earth3P_HR,30.1,34.1,26.8,24.62
2032-07-05,EC_Earth3P_HR,28.8,31.2,26.7,9.78
2032-07-06,EC_Earth3P_HR,28.8,32.5,26.7,18.64
2032-07-07,EC_Earth3P_HR,28.7,32.2,26.8,22.86
2032-07-08,EC_Earth3P_HR,28.6,31.3,26.8,17.01
2032-07-09,EC_Earth3P_HR,28.9,31.8,26.9,17.6
2032-07-10,EC_Earth3P_HR,29.2,31.4,26.9,4.83
2032-07-11,EC_Earth3P_HR,29.6,32.4,27.1,4.12
2032-07-12,EC_Earth3P_HR,28.8,31.1,26.2,11.45
2032-07-13,EC_Earth3P_HR,29.1,32.2,26.2,8.53
2032-07-14,EC_Earth3P_HR,29.8,33.0,27.1,7.32
2032-07-15,EC_Earth3P_HR,30.3,32.8,27.1,2.0
2032-07-16,EC_Earth3P_HR,30.9,33.9,27.8,2.2
2032-07-17,EC_Earth3P_HR,30.5,33.7,27.8,2.3
2032-07-18,EC_Earth3P_HR,30.8,34.3,27.9,4.9
2032-07-19,EC_Earth3P_HR,30.0,33.2,27.3,15.1
2032-07-20,EC_Earth3P_HR,30.1,34.0,27.2,7.29
2032-07-21,EC_Earth3P_HR,31.0,34.6,27.5,1.0
2032-07-22,EC_Earth3P_HR,30.3,33.7,28.3,1.0
2032-07-23,EC_Earth3P_HR,29.5,32.3,27.2,3.89
2032-07-24,EC_Earth3P_HR,29.4,32.8,27.1,2.99
2032-07-25,EC_Earth3P_HR,29.8,33.0,27.0,0.6
2032-07-26,EC_Earth3P_HR,30.5,34.1,27.1,0.2
2032-07-27,EC_Earth3P_HR,30.9,34.4,27.4,2.89
2032-07-28,EC_Earth3P_HR,30.2,33.7,27.4,11.93
2032-07-29,EC_Earth3P_HR,30.1,33.3,27.4,5.57
2032-07-30,EC_Earth3P_HR,29.3,32.6,26.6,2.88
2032-07-31,EC_Earth3P_HR,28.4,31.5,26.4,19.46
2032-08-01,EC_Earth3P_HR,28.5,31.0,26.3,2.58
2032-08-02,EC_Earth3P_HR,28.9,31.4,26.9,7.44
2032-08-03,EC_Earth3P_HR,29.4,33.3,27.0,9.22
2032-08-04,EC_Earth3P_HR,28.9,32.5,26.2,9.31
2032-08-05,EC_Earth3P_HR,28.1,31.2,26.2,12.17
2032-08-06,EC_Earth3P_HR,28.1,31.1,26.2,15.83
2032-08-07,EC_Earth3P_HR,28.2,31.3,26.3,5.24
2032-08-08,EC_Earth3P_HR,28.4,32.3,26.3,13.04
2032-08-09,EC_Earth3P_HR,28.8,32.2,26.2,4.34
2032-08-10,EC_Earth3P_HR,29.2,32.6,26.7,10.95
2032-08-11,EC_Earth3P_HR,29.8,32.8,26.9,10.65
2032-08-12,EC_Earth3P_HR,29.7,32.7,26.9,2.27
2032-08-13,EC_Earth3P_HR,29.5,31.9,26.6,46.6
2032-08-14,EC_Earth3P_HR,27.3,28.4,26.4,40.86
2032-08-15,EC_Earth3P_HR,28.0,29.8,26.3,5.02
2032-08-16,EC_Earth3P_HR,27.6,30.0,26.1,14.85
2032-08-17,EC_Earth3P_HR,27.9,31.2,26.0,5.11
2032-08-18,EC_Earth3P_HR,28.4,32.0,26.1,6.19
2032-08-19,EC_Earth3P_HR,28.4,31.5,26.1,7.76
2032-08-20,EC_Earth3P_HR,28.6,32.0,26.4,20.51
2032-08-21,EC_Earth3P_HR,28.0,30.8,25.8,27.85
2032-08-22,EC_Earth3P_HR,27.7,29.9,25.9,10.39
2032-08-23,EC_Earth3P_HR,28.9,32.4,26.2,10.77
2032-08-24,EC_Earth3P_HR,28.2,31.6,25.8,5.87
2032-08-25,EC_Earth3P_HR,27.6,30.6,25.1,25.53
2032-08-26,EC_Earth3P_HR,28.1,32.0,25.1,3.91
2032-08-27,EC_Earth3P_HR,28.9,33.9,25.3,2.54
2032-08-28,EC_Earth3P_HR,30.3,34.1,26.8,0.0
2032-08-29,EC_Earth3P_HR,30.4,33.6,27.5,0.1
2032-08-30,EC_Earth3P_HR,30.5,34.1,27.1,0.39
2032-08-31,EC_Earth3P_HR,30.7,34.5,27.0,0.58
2032-09-01,EC_Earth3P_HR,30.2,33.5,26.4,8.18
2032-09-02,EC_Earth3P_HR,28.7,31.3,26.2,5.35
2032-09-03,EC_Earth3P_HR,29.3,32.1,26.2,6.22
2032-09-04,EC_Earth3P_HR,29.9,33.3,27.1,1.75
2032-09-05,EC_Earth3P_HR,29.9,32.5,27.2,0.48
2032-09-06,EC_Earth3P_HR,29.5,32.1,27.0,0.97
2032-09-07,EC_Earth3P_HR,29.2,32.3,26.2,3.19
2032-09-08,EC_Earth3P_HR,28.7,32.1,26.2,1.54
2032-09-09,EC_Earth3P_HR,29.1,33.0,26.1,3.18
2032-09-10,EC_Earth3P_HR,29.1,32.4,26.1,3.46
2032-09-11,EC_Earth3P_HR,29.9,33.2,26.4,1.63
2032-09-12,EC_Earth3P_HR,30.7,34.1,26.9,3.83
2032-09-13,EC_Earth3P_HR,29.7,33.5,26.8,3.06
2032-09-14,EC_Earth3P_HR,28.7,32.7,26.2,7.06
2032-09-15,EC_Earth3P_HR,27.6,30.2,25.8,17.32
2032-09-16,EC_Earth3P_HR,28.0,31.4,25.8,7.41
2032-09-17,EC_Earth3P_HR,28.4,32.7,25.9,5.12
2032-09-18,EC_Earth3P_HR,28.4,32.3,26.2,9.46
2032-09-19,EC_Earth3P_HR,29.3,32.6,26.5,1.42
2032-09-20,EC_Earth3P_HR,29.3,32.8,26.3,1.51
2032-09-21,EC_Earth3P_HR,29.2,32.7,26.2,1.13
2032-09-22,EC_Earth3P_HR,29.0,31.9,26.3,1.78
2032-09-23,EC_Earth3P_HR,28.7,31.9,25.6,15.32
2032-09-24,EC_Earth3P_HR,28.0,31.6,25.5,26.45
2032-09-25,EC_Earth3P_HR,28.0,31.0,25.9,7.89
2032-09-26,EC_Earth3P_HR,27.7,31.5,25.4,17.5
2032-09-27,EC_Earth3P_HR,27.5,31.2,25.0,12.92
2032-09-28,EC_Earth3P_HR,27.6,31.3,25.0,6.44
2032-09-29,EC_Earth3P_HR,27.7,31.2,25.4,9.08
2032-09-30,EC_Earth3P_HR,28.0,32.1,25.3,5.85
2032-10-01,EC_Earth3P_HR,28.6,32.4,25.7,4.64
2032-10-02,EC_Earth3P_HR,28.2,31.6,26.1,17.14
2032-10-03,EC_Earth3P_HR,27.2,30.7,25.6,21.05
2032-10-04,EC_Earth3P_HR,27.3,30.7,25.4,24.65
2032-10-05,EC_Earth3P_HR,26.1,28.9,24.3,15.67
2032-10-06,EC_Earth3P_HR,26.9,30.2,22.8,0.89
2032-10-07,EC_Earth3P_HR,26.4,31.4,22.1,0.09
2032-10-08,EC_Earth3P_HR,26.4,31.3,22.0,0.09
2032-10-09,EC_Earth3P_HR,26.4,30.9,22.2,0.18
2032-10-10,EC_Earth3P_HR,26.6,31.3,21.7,0.7
2032-10-11,EC_Earth3P_HR,25.7,31.0,21.3,0.0
2032-10-12,EC_Earth3P_HR,26.2,31.2,21.6,0.0
2032-10-13,EC_Earth3P_HR,26.1,31.2,21.5,0.0
2032-10-14,EC_Earth3P_HR,26.2,30.4,21.2,0.26
2032-10-15,EC_Earth3P_HR,25.6,30.1,21.4,0.84
2032-10-16,EC_Earth3P_HR,26.0,30.8,21.5,0.08
2032-10-17,EC_Earth3P_HR,25.8,31.0,21.2,0.0
2032-10-18,EC_Earth3P_HR,25.4,30.7,20.4,0.0
2032-10-19,EC_Earth3P_HR,24.8,30.5,20.0,0.0
2032-10-20,EC_Earth3P_HR,25.0,30.4,19.7,0.0
2032-10-21,EC_Earth3P_HR,24.5,30.2,19.6,0.0
2032-10-22,EC_Earth3P_HR,24.2,30.2,19.3,0.0
2032-10-23,EC_Earth3P_HR,24.5,30.5,19.2,0.0
2032-10-24,EC_Earth3P_HR,24.0,30.9,18.0,0.0
2032-10-25,EC_Earth3P_HR,23.4,30.4,17.5,0.0
2032-10-26,EC_Earth3P_HR,23.9,30.4,18.1,0.0
2032-10-27,EC_Earth3P_HR,23.3,30.3,17.7,0.0
2032-10-28,EC_Earth3P_HR,22.7,29.9,16.4,0.0
2032-10-29,EC_Earth3P_HR,24.1,29.9,15.9,0.0
2032-10-30,EC_Earth3P_HR,24.7,29.8,17.5,0.0
2032-10-31,EC_Earth3P_HR,23.1,29.9,17.2,0.0
2032-11-01,EC_Earth3P_HR,22.8,30.1,16.6,0.0
2032-11-02,EC_Earth3P_HR,24.0,30.3,16.2,0.0
2032-11-03,EC_Earth3P_HR,24.2,30.3,17.6,0.0
2032-11-04,EC_Earth3P_HR,23.3,30.1,17.2,0.0
2032-11-05,EC_Earth3P_HR,23.1,30.1,16.7,0.0
2032-11-06,EC_Earth3P_HR,22.5,30.1,16.1,0.0
2032-11-07,EC_Earth3P_HR,22.3,30.2,15.6,0.0
2032-11-08,EC_Earth3P_HR,22.1,30.0,15.3,0.0
2032-11-09,EC_Earth3P_HR,21.7,30.2,14.8,0.0
2032-11-10,EC_Earth3P_HR,22.2,30.5,14.9,0.0
2032-11-11,EC_Earth3P_HR,22.8,31.3,16.2,0.0
2032-11-12,EC_Earth3P_HR,22.3,30.6,15.3,0.0
2032-11-13,EC_Earth3P_HR,21.6,29.6,14.7,0.0
2032-11-14,EC_Earth3P_HR,23.1,29.5,16.4,0.0
2032-11-15,EC_Earth3P_HR,22.3,29.3,16.5,0.0
2032-11-16,EC_Earth3P_HR,22.0,29.6,15.4,0.0
2032-11-17,EC_Earth3P_HR,20.5,29.3,13.7,0.0
2032-11-18,EC_Earth3P_HR,21.8,29.2,13.1,0.0
2032-11-19,EC_Earth3P_HR,21.9,28.8,13.4,0.0
2032-11-20,EC_Earth3P_HR,20.8,27.8,14.4,0.0
2032-11-21,EC_Earth3P_HR,20.9,26.4,17.1,0.0
2032-11-22,EC_Earth3P_HR,23.1,29.3,17.0,0.0
2032-11-23,EC_Earth3P_HR,24.5,30.3,19.4,0.0
2032-11-24,EC_Earth3P_HR,21.9,27.9,17.0,0.0
2032-11-25,EC_Earth3P_HR,20.9,27.3,15.8,0.0
2032-11-26,EC_Earth3P_HR,19.5,26.2,15.0,0.0
2032-11-27,EC_Earth3P_HR,19.8,26.8,14.5,0.0
2032-11-28,EC_Earth3P_HR,18.8,25.9,12.4,0.0
2032-11-29,EC_Earth3P_HR,17.1,25.0,10.5,0.0
2032-11-30,EC_Earth3P_HR,17.4,26.4,10.0,0.0
2032-12-01,EC_Earth3P_HR,18.7,27.0,10.7,0.0
2032-12-02,EC_Earth3P_HR,19.5,27.8,13.2,0.0
2032-12-03,EC_Earth3P_HR,18.0,26.0,12.2,0.0
2032-12-04,EC_Earth3P_HR,20.3,26.2,11.8,0.0
2032-12-05,EC_Earth3P_HR,20.3,26.7,13.0,0.0
2032-12-06,EC_Earth3P_HR,20.9,26.2,12.4,0.0
2032-12-07,EC_Earth3P_HR,18.8,26.2,12.0,0.0
2032-12-08,EC_Earth3P_HR,16.9,25.5,11.2,0.0
2032-12-09,EC_Earth3P_HR,18.5,25.0,11.1,0.0
2032-12-10,EC_Earth3P_HR,20.0,25.5,10.8,0.0
2032-12-11,EC_Earth3P_HR,19.0,25.9,11.9,0.0
2032-12-12,EC_Earth3P_HR,19.5,25.9,12.0,0.0
2032-12-13,EC_Earth3P_HR,19.5,26.3,12.5,0.0
2032-12-14,EC_Earth3P_HR,18.9,26.7,12.8,0.0
2032-12-15,EC_Earth3P_HR,19.8,26.8,13.6,0.0
2032-12-16,EC_Earth3P_HR,20.6,27.5,13.9,0.0
2032-12-17,EC_Earth3P_HR,17.4,24.8,11.7,0.0
2032-12-18,EC_Earth3P_HR,17.1,24.9,11.1,0.0
2032-12-19,EC_Earth3P_HR,17.5,25.1,11.5,0.0
2032-12-20,EC_Earth3P_HR,16.6,23.4,11.4,0.0
2032-12-21,EC_Earth3P_HR,18.0,23.9,11.4,0.0
2032-12-22,EC_Earth3P_HR,19.1,24.8,11.3,0.0
2032-12-23,EC_Earth3P_HR,18.6,25.2,12.2,0.0
2032-12-24,EC_Earth3P_HR,17.5,25.0,11.6,0.0
2032-12-25,EC_Earth3P_HR,17.0,24.8,11.0,0.0
2032-12-26,EC_Earth3P_HR,16.7,25.1,10.3,0.0
2032-12-27,EC_Earth3P_HR,16.4,25.2,10.0,0.0
2032-12-28,EC_Earth3P_HR,17.0,24.6,9.8,0.0
2032-12-29,EC_Earth3P_HR,16.5,24.4,9.9,0.0
2032-12-30,EC_Earth3P_HR,16.2,24.2,10.5,0.0
2032-12-31,EC_Earth3P_HR,15.6,23.9,9.9,0.0
2033-01-01,EC_Earth3P_HR,14.8,23.5,8.2,0.0
2033-01-02,EC_Earth3P_HR,16.7,23.4,7.5,0.0
2033-01-03,EC_Earth3P_HR,15.2,23.5,8.7,0.0
2033-01-04,EC_Earth3P_HR,17.7,25.5,10.5,0.0
2033-01-05,EC_Earth3P_HR,17.1,23.9,11.4,0.0
2033-01-06,EC_Earth3P_HR,15.7,23.4,10.2,0.0
2033-01-07,EC_Earth3P_HR,15.4,23.9,9.2,0.0
2033-01-08,EC_Earth3P_HR,16.1,23.4,8.0,0.0
2033-01-09,EC_Earth3P_HR,17.1,25.0,11.1,0.0
2033-01-10,EC_Earth3P_HR,18.3,24.9,14.3,1.14
2033-01-11,EC_Earth3P_HR,18.2,24.5,14.0,0.91
2033-01-12,EC_Earth3P_HR,18.7,25.6,13.4,0.0
2033-01-13,EC_Earth3P_HR,17.4,24.7,11.4,0.0
2033-01-14,EC_Earth3P_HR,17.9,24.6,10.8,0.0
2033-01-15,EC_Earth3P_HR,17.8,23.6,12.5,0.0
2033-01-16,EC_Earth3P_HR,15.8,21.3,11.1,0.0
2033-01-17,EC_Earth3P_HR,15.4,20.3,10.4,0.0
2033-01-18,EC_Earth3P_HR,14.0,20.2,8.6,0.0
2033-01-19,EC_Earth3P_HR,14.1,21.1,7.7,0.0
2033-01-20,EC_Earth3P_HR,14.4,21.6,8.8,0.0
2033-01-21,EC_Earth3P_HR,15.5,22.0,9.6,0.0
2033-01-22,EC_Earth3P_HR,17.0,22.5,11.6,0.0
2033-01-23,EC_Earth3P_HR,16.9,23.0,12.1,0.0
2033-01-24,EC_Earth3P_HR,17.7,23.4,13.6,0.0
2033-01-25,EC_Earth3P_HR,17.1,22.1,13.4,0.0
2033-01-26,EC_Earth3P_HR,16.6,21.8,12.1,1.24
2033-01-27,EC_Earth3P_HR,17.6,22.9,11.9,0.23
2033-01-28,EC_Earth3P_HR,16.8,20.2,14.8,11.77
2033-01-29,EC_Earth3P_HR,16.0,19.8,11.7,2.04
2033-01-30,EC_Earth3P_HR,14.2,18.6,10.0,0.57
2033-01-31,EC_Earth3P_HR,14.3,20.0,9.5,0.0
2033-02-01,EC_Earth3P_HR,13.3,20.4,8.0,0.0
2033-02-02,EC_Earth3P_HR,13.5,20.9,7.4,0.0
2033-02-03,EC_Earth3P_HR,13.5,21.2,7.1,0.0
2033-02-04,EC_Earth3P_HR,13.9,21.6,7.5,0.0
2033-02-05,EC_Earth3P_HR,14.9,22.3,7.8,0.0
2033-02-06,EC_Earth3P_HR,16.0,22.8,9.9,0.0
2033-02-07,EC_Earth3P_HR,15.8,19.6,10.7,0.68
2033-02-08,EC_Earth3P_HR,16.0,23.0,9.7,0.0
2033-02-09,EC_Earth3P_HR,16.3,23.7,10.1,0.0
2033-02-10,EC_Earth3P_HR,17.3,23.8,10.4,0.0
2033-02-11,EC_Earth3P_HR,15.5,19.4,10.8,10.72
2033-02-12,EC_Earth3P_HR,14.2,18.8,9.7,2.26
2033-02-13,EC_Earth3P_HR,15.0,21.7,9.4,0.0
2033-02-14,EC_Earth3P_HR,17.6,25.8,9.7,0.0
2033-02-15,EC_Earth3P_HR,17.4,23.7,11.3,0.0
2033-02-16,EC_Earth3P_HR,15.3,21.9,9.3,0.0
2033-02-17,EC_Earth3P_HR,14.7,22.2,8.4,0.0
2033-02-18,EC_Earth3P_HR,16.0,23.8,8.1,0.0
2033-02-19,EC_Earth3P_HR,17.3,24.6,10.4,0.0
2033-02-20,EC_Earth3P_HR,18.4,26.3,12.1,0.0
2033-02-21,EC_Earth3P_HR,19.5,27.2,12.2,0.0
2033-02-22,EC_Earth3P_HR,18.7,26.8,11.3,0.0
2033-02-23,EC_Earth3P_HR,18.9,27.1,10.6,0.0
2033-02-24,EC_Earth3P_HR,21.6,29.3,11.7,0.0
2033-02-25,EC_Earth3P_HR,19.7,25.9,14.1,0.0
2033-02-26,EC_Earth3P_HR,18.9,26.6,12.2,0.0
2033-02-27,EC_Earth3P_HR,18.6,27.3,11.4,0.0
2033-02-28,EC_Earth3P_HR,18.9,28.1,11.0,0.0
2033-03-01,EC_Earth3P_HR,19.3,28.6,10.4,0.0
2033-03-02,EC_Earth3P_HR,20.4,29.1,12.3,0.0
2033-03-03,EC_Earth3P_HR,20.6,29.3,13.1,0.0
2033-03-04,EC_Earth3P_HR,22.6,31.5,14.6,0.0
2033-03-05,EC_Earth3P_HR,21.9,30.8,13.7,0.0
2033-03-06,EC_Earth3P_HR,23.4,32.0,15.4,0.0
2033-03-07,EC_Earth3P_HR,22.4,31.9,14.6,0.0
2033-03-08,EC_Earth3P_HR,23.7,33.4,13.8,0.0
2033-03-09,EC_Earth3P_HR,25.2,34.9,16.2,0.0
2033-03-10,EC_Earth3P_HR,26.4,35.9,17.9,0.0
2033-03-11,EC_Earth3P_HR,26.4,34.8,19.1,0.0
2033-03-12,EC_Earth3P_HR,25.6,33.8,18.5,0.0
2033-03-13,EC_Earth3P_HR,26.1,34.6,18.4,0.0
2033-03-14,EC_Earth3P_HR,26.6,35.3,18.8,0.0
2033-03-15,EC_Earth3P_HR,27.9,35.9,19.0,0.0
2033-03-16,EC_Earth3P_HR,29.4,36.2,20.2,0.0
2033-03-17,EC_Earth3P_HR,28.9,36.9,21.3,1.93
2033-03-18,EC_Earth3P_HR,28.1,36.5,21.3,0.3
2033-03-19,EC_Earth3P_HR,26.6,34.5,20.3,0.0
2033-03-20,EC_Earth3P_HR,25.9,33.2,19.6,0.0
2033-03-21,EC_Earth3P_HR,25.8,33.6,19.1,0.0
2033-03-22,EC_Earth3P_HR,26.5,34.8,18.4,0.0
2033-03-23,EC_Earth3P_HR,28.2,36.6,20.9,0.0
2033-03-24,EC_Earth3P_HR,29.1,35.9,23.3,0.0
2033-03-25,EC_Earth3P_HR,27.8,33.7,20.9,0.0
2033-03-26,EC_Earth3P_HR,27.9,35.1,20.2,0.0
2033-03-27,EC_Earth3P_HR,29.2,36.6,21.9,0.0
2033-03-28,EC_Earth3P_HR,29.8,38.4,21.3,0.0
2033-03-29,EC_Earth3P_HR,31.7,39.1,21.7,0.0
2033-03-30,EC_Earth3P_HR,32.9,39.6,26.1,0.0
2033-03-31,EC_Earth3P_HR,32.5,38.5,26.5,0.0
2033-04-01,EC_Earth3P_HR,31.1,36.4,26.0,0.0
2033-04-02,EC_Earth3P_HR,30.7,37.1,25.4,0.0
2033-04-03,EC_Earth3P_HR,31.3,39.1,23.6,0.0
2033-04-04,EC_Earth3P_HR,31.0,39.7,22.7,0.0
2033-04-05,EC_Earth3P_HR,31.6,39.5,22.4,0.0
2033-04-06,EC_Earth3P_HR,31.6,39.1,23.2,0.0
2033-04-07,EC_Earth3P_HR,29.7,37.7,20.2,0.0
2033-04-08,EC_Earth3P_HR,28.9,37.6,19.8,0.0
2033-04-09,EC_Earth3P_HR,29.2,37.0,20.5,0.0
2033-04-10,EC_Earth3P_HR,29.1,35.3,24.1,0.0
2033-04-11,EC_Earth3P_HR,29.7,35.0,24.3,0.0
2033-04-12,EC_Earth3P_HR,29.2,35.4,23.9,0.0
2033-04-13,EC_Earth3P_HR,29.6,36.7,24.0,0.09
2033-04-14,EC_Earth3P_HR,30.5,36.8,24.1,0.26
2033-04-15,EC_Earth3P_HR,29.9,36.7,22.7,0.52
2033-04-16,EC_Earth3P_HR,30.9,37.5,22.4,0.0
2033-04-17,EC_Earth3P_HR,31.1,38.9,23.1,0.0
2033-04-18,EC_Earth3P_HR,31.5,39.7,22.5,0.0
2033-04-19,EC_Earth3P_HR,32.7,40.8,23.4,0.0
2033-04-20,EC_Earth3P_HR,33.5,39.9,28.1,0.0
2033-04-21,EC_Earth3P_HR,34.9,41.4,27.8,0.0
2033-04-22,EC_Earth3P_HR,35.6,41.3,29.3,0.0
2033-04-23,EC_Earth3P_HR,35.0,40.5,28.0,0.0
2033-04-24,EC_Earth3P_HR,34.6,40.1,27.8,0.0
2033-04-25,EC_Earth3P_HR,35.1,40.7,27.5,0.0
2033-04-26,EC_Earth3P_HR,34.2,40.9,26.6,1.51
2033-04-27,EC_Earth3P_HR,33.4,40.1,26.4,0.0
2033-04-28,EC_Earth3P_HR,32.7,39.3,26.0,0.0
2033-04-29,EC_Earth3P_HR,32.6,40.7,24.9,0.0
2033-04-30,EC_Earth3P_HR,33.4,42.5,24.6,0.0
2033-05-01,EC_Earth3P_HR,33.5,42.3,24.8,0.0
2033-05-02,EC_Earth3P_HR,34.8,43.7,24.4,0.0
2033-05-03,EC_Earth3P_HR,36.7,44.3,28.1,0.0
2033-05-04,EC_Earth3P_HR,35.5,43.6,27.8,0.0
2033-05-05,EC_Earth3P_HR,35.8,43.3,27.6,0.0
2033-05-06,EC_Earth3P_HR,35.0,43.6,25.5,0.0
2033-05-07,EC_Earth3P_HR,34.3,43.4,24.0,0.0
2033-05-08,EC_Earth3P_HR,33.6,42.7,24.3,0.0
2033-05-09,EC_Earth3P_HR,33.6,42.4,26.5,0.0
2033-05-10,EC_Earth3P_HR,32.8,39.9,26.6,0.09
2033-05-11,EC_Earth3P_HR,31.5,39.5,24.3,3.88
2033-05-12,EC_Earth3P_HR,27.6,31.6,23.6,3.44
2033-05-13,EC_Earth3P_HR,29.8,36.4,23.8,0.65
2033-05-14,EC_Earth3P_HR,31.1,37.0,25.0,0.0
2033-05-15,EC_Earth3P_HR,32.8,38.3,26.9,0.0
2033-05-16,EC_Earth3P_HR,34.9,40.7,28.8,1.04
2033-05-17,EC_Earth3P_HR,34.4,41.7,27.1,2.0
2033-05-18,EC_Earth3P_HR,33.7,41.0,27.2,1.15
2033-05-19,EC_Earth3P_HR,34.3,41.4,27.1,0.0
2033-05-20,EC_Earth3P_HR,34.7,41.7,27.0,0.19
2033-05-21,EC_Earth3P_HR,33.1,39.3,25.4,6.76
2033-05-22,EC_Earth3P_HR,30.6,37.2,25.4,0.29
2033-05-23,EC_Earth3P_HR,31.4,39.0,25.3,1.94
2033-05-24,EC_Earth3P_HR,31.8,38.6,25.3,0.0
2033-05-25,EC_Earth3P_HR,32.3,40.2,24.5,0.0
2033-05-26,EC_Earth3P_HR,31.7,39.9,24.4,0.0
2033-05-27,EC_Earth3P_HR,32.4,39.7,24.3,0.0
2033-05-28,EC_Earth3P_HR,34.4,42.1,24.3,0.0
2033-05-29,EC_Earth3P_HR,36.0,44.7,26.1,0.0
2033-05-30,EC_Earth3P_HR,36.4,45.2,27.2,0.0
2033-05-31,EC_Earth3P_HR,36.3,44.8,27.9,0.0
2033-06-01,EC_Earth3P_HR,37.2,43.7,30.3,0.0
2033-06-02,EC_Earth3P_HR,36.4,44.1,30.4,0.0
2033-06-03,EC_Earth3P_HR,35.4,41.8,28.5,1.19
2033-06-04,EC_Earth3P_HR,35.3,41.6,28.5,0.0
2033-06-05,EC_Earth3P_HR,37.7,44.7,30.8,0.0
2033-06-06,EC_Earth3P_HR,38.1,43.7,32.4,0.0
2033-06-07,EC_Earth3P_HR,37.9,42.6,32.9,1.69
2033-06-08,EC_Earth3P_HR,35.8,39.8,32.1,0.1
2033-06-09,EC_Earth3P_HR,35.9,42.1,31.0,1.1
2033-06-10,EC_Earth3P_HR,36.7,41.8,31.0,0.0
2033-06-11,EC_Earth3P_HR,37.5,42.4,31.4,0.0
2033-06-12,EC_Earth3P_HR,37.8,42.5,32.6,0.0
2033-06-13,EC_Earth3P_HR,36.0,42.0,30.4,0.0
2033-06-14,EC_Earth3P_HR,34.3,38.2,30.1,1.2
2033-06-15,EC_Earth3P_HR,30.5,34.3,28.9,7.1
2033-06-16,EC_Earth3P_HR,30.5,34.2,28.5,19.22
2033-06-17,EC_Earth3P_HR,30.6,33.4,28.9,0.9
2033-06-18,EC_Earth3P_HR,30.2,34.4,27.5,8.52
2033-06-19,EC_Earth3P_HR,31.8,35.4,27.4,1.3
2033-06-20,EC_Earth3P_HR,32.2,35.1,28.9,1.81
2033-06-21,EC_Earth3P_HR,33.9,37.5,29.9,0.4
2033-06-22,EC_Earth3P_HR,34.0,37.4,30.2,0.1
2033-06-23,EC_Earth3P_HR,31.8,35.3,28.1,22.52
2033-06-24,EC_Earth3P_HR,29.2,31.1,27.4,26.76
2033-06-25,EC_Earth3P_HR,28.0,28.9,26.5,19.63
2033-06-26,EC_Earth3P_HR,26.1,28.0,24.1,9.27
2033-06-27,EC_Earth3P_HR,27.0,29.1,24.1,3.63
2033-06-28,EC_Earth3P_HR,28.7,32.0,24.8,7.56
2033-06-29,EC_Earth3P_HR,30.7,33.8,27.0,0.91
2033-06-30,EC_Earth3P_HR,32.0,35.1,28.2,0.81
2033-07-01,EC_Earth3P_HR,32.2,35.6,27.8,10.7
2033-07-02,EC_Earth3P_HR,31.2,34.8,27.7,0.81
2033-07-03,EC_Earth3P_HR,31.2,34.4,27.7,0.61
2033-07-04,EC_Earth3P_HR,30.8,34.0,27.0,6.46
2033-07-05,EC_Earth3P_HR,30.0,32.9,26.9,12.1
2033-07-06,EC_Earth3P_HR,29.9,33.3,26.9,10.89
2033-07-07,EC_Earth3P_HR,30.2,33.7,27.3,2.72
2033-07-08,EC_Earth3P_HR,31.6,34.5,27.7,4.53
2033-07-09,EC_Earth3P_HR,31.3,34.8,27.6,1.21
2033-07-10,EC_Earth3P_HR,31.0,34.3,28.1,1.51
2033-07-11,EC_Earth3P_HR,31.4,34.2,28.0,1.11
2033-07-12,EC_Earth3P_HR,30.8,33.7,27.9,4.62
2033-07-13,EC_Earth3P_HR,31.3,33.7,28.1,0.8
2033-07-14,EC_Earth3P_HR,31.6,33.4,29.3,0.2
2033-07-15,EC_Earth3P_HR,31.6,33.6,28.7,0.5
2033-07-16,EC_Earth3P_HR,31.1,34.4,27.5,1.5
2033-07-17,EC_Earth3P_HR,29.7,33.8,27.5,18.42
2033-07-18,EC_Earth3P_HR,31.1,34.2,27.5,4.7
2033-07-19,EC_Earth3P_HR,31.6,34.6,28.0,1.6
2033-07-20,EC_Earth3P_HR,32.4,35.5,28.9,1.2
2033-07-21,EC_Earth3P_HR,31.2,32.5,27.9,6.59
2033-07-22,EC_Earth3P_HR,30.7,33.6,27.4,7.49
2033-07-23,EC_Earth3P_HR,30.0,33.4,26.8,24.94
2033-07-24,EC_Earth3P_HR,29.6,32.8,26.8,7.98
2033-07-25,EC_Earth3P_HR,29.5,33.2,27.5,12.06
2033-07-26,EC_Earth3P_HR,29.6,32.2,27.0,2.09
2033-07-27,EC_Earth3P_HR,30.2,33.3,27.0,0.8
2033-07-28,EC_Earth3P_HR,29.9,33.7,26.9,0.8
2033-07-29,EC_Earth3P_HR,29.0,32.8,26.1,0.89
2033-07-30,EC_Earth3P_HR,30.0,33.8,26.4,0.1
2033-07-31,EC_Earth3P_HR,31.5,34.7,27.0,3.28
2033-08-01,EC_Earth3P_HR,30.3,33.1,27.5,2.48
2033-08-02,EC_Earth3P_HR,30.2,33.0,27.4,7.74
2033-08-03,EC_Earth3P_HR,29.9,32.8,26.9,9.91
2033-08-04,EC_Earth3P_HR,29.8,33.2,26.9,10.6
2033-08-05,EC_Earth3P_HR,29.5,32.3,27.1,7.92
2033-08-06,EC_Earth3P_HR,28.6,31.5,26.9,12.86
2033-08-07,EC_Earth3P_HR,28.1,30.3,26.4,25.81
2033-08-08,EC_Earth3P_HR,28.6,32.1,26.4,6.92
2033-08-09,EC_Earth3P_HR,29.2,31.9,26.7,3.06
2033-08-10,EC_Earth3P_HR,29.5,32.5,26.7,2.86
2033-08-11,EC_Earth3P_HR,28.1,29.7,25.7,16.67
2033-08-12,EC_Earth3P_HR,29.4,32.8,26.2,1.68
2033-08-13,EC_Earth3P_HR,29.9,33.6,26.8,1.68
2033-08-14,EC_Earth3P_HR,29.6,32.9,26.7,7.39
2033-08-15,EC_Earth3P_HR,28.4,31.7,26.4,10.83
2033-08-16,EC_Earth3P_HR,28.5,32.4,26.3,18.2
2033-08-17,EC_Earth3P_HR,28.6,32.9,26.2,8.75
2033-08-18,EC_Earth3P_HR,30.5,33.4,26.2,2.85
2033-08-19,EC_Earth3P_HR,30.6,33.4,27.0,10.21
2033-08-20,EC_Earth3P_HR,29.5,32.7,27.4,2.36
2033-08-21,EC_Earth3P_HR,28.6,31.9,26.2,12.75
2033-08-22,EC_Earth3P_HR,28.2,31.1,25.8,13.13
2033-08-23,EC_Earth3P_HR,28.2,32.1,25.8,6.76
2033-08-24,EC_Earth3P_HR,27.9,30.5,26.1,5.97
2033-08-25,EC_Earth3P_HR,28.5,32.1,26.1,2.94
2033-08-26,EC_Earth3P_HR,28.8,32.2,26.1,2.84
2033-08-27,EC_Earth3P_HR,29.9,33.4,26.3,1.08
2033-08-28,EC_Earth3P_HR,29.0,33.1,26.4,2.64
2033-08-29,EC_Earth3P_HR,27.3,30.1,25.0,2.05
2033-08-30,EC_Earth3P_HR,26.5,28.8,25.0,1.95
2033-08-31,EC_Earth3P_HR,28.6,31.4,25.1,0.49
2033-09-01,EC_Earth3P_HR,28.7,31.7,25.5,4.48
2033-09-02,EC_Earth3P_HR,28.5,31.4,25.4,2.92
2033-09-03,EC_Earth3P_HR,28.9,32.2,25.8,3.69
2033-09-04,EC_Earth3P_HR,28.5,31.9,26.2,12.81
2033-09-05,EC_Earth3P_HR,28.1,31.9,25.8,15.02
2033-09-06,EC_Earth3P_HR,27.2,30.4,25.4,13.45
2033-09-07,EC_Earth3P_HR,27.1,29.3,25.3,8.99
2033-09-08,EC_Earth3P_HR,28.1,32.1,25.1,6.95
2033-09-09,EC_Earth3P_HR,29.0,32.5,25.2,1.83
2033-09-10,EC_Earth3P_HR,29.6,33.6,25.5,0.77
2033-09-11,EC_Earth3P_HR,29.4,33.9,24.6,0.58
2033-09-12,EC_Earth3P_HR,29.6,34.2,24.5,0.1
2033-09-13,EC_Earth3P_HR,29.3,34.2,24.9,0.0
2033-09-14,EC_Earth3P_HR,29.7,33.7,24.9,0.1
2033-09-15,EC_Earth3P_HR,28.3,31.7,26.0,9.62
2033-09-16,EC_Earth3P_HR,28.8,32.4,25.9,11.02
2033-09-17,EC_Earth3P_HR,28.3,32.2,25.8,9.2
2033-09-18,EC_Earth3P_HR,28.4,31.4,26.3,8.23
2033-09-19,EC_Earth3P_HR,28.7,31.9,26.2,2.74
2033-09-20,EC_Earth3P_HR,28.5,32.2,26.1,3.11
2033-09-21,EC_Earth3P_HR,27.4,30.8,25.5,31.76
2033-09-22,EC_Earth3P_HR,27.0,30.1,25.5,29.52
2033-09-23,EC_Earth3P_HR,27.1,30.8,25.4,5.98
2033-09-24,EC_Earth3P_HR,28.0,31.0,25.2,1.4
2033-09-25,EC_Earth3P_HR,28.6,32.1,25.1,0.09
2033-09-26,EC_Earth3P_HR,28.1,32.4,23.7,0.0
2033-09-27,EC_Earth3P_HR,27.6,32.7,22.7,0.0
2033-09-28,EC_Earth3P_HR,27.0,32.2,22.1,0.0
2033-09-29,EC_Earth3P_HR,26.9,31.9,22.0,0.0
2033-09-30,EC_Earth3P_HR,27.0,32.3,21.9,0.27
2033-10-01,EC_Earth3P_HR,25.6,31.7,20.3,2.19
2033-10-02,EC_Earth3P_HR,25.7,30.8,20.3,0.0
2033-10-03,EC_Earth3P_HR,25.8,30.9,21.1,0.09
2033-10-04,EC_Earth3P_HR,26.1,31.0,21.4,0.0
2033-10-05,EC_Earth3P_HR,26.6,31.3,21.5,0.0
2033-10-06,EC_Earth3P_HR,26.5,31.5,21.2,0.0
2033-10-07,EC_Earth3P_HR,26.4,31.6,21.4,0.0
2033-10-08,EC_Earth3P_HR,26.4,31.6,21.2,0.0
2033-10-09,EC_Earth3P_HR,27.3,31.5,22.2,0.0
2033-10-10,EC_Earth3P_HR,26.0,31.0,20.6,0.0
2033-10-11,EC_Earth3P_HR,26.8,31.1,20.4,0.0
2033-10-12,EC_Earth3P_HR,27.3,31.6,22.5,0.0
2033-10-13,EC_Earth3P_HR,26.5,31.3,21.0,0.0
2033-10-14,EC_Earth3P_HR,26.1,31.3,21.0,0.0
2033-10-15,EC_Earth3P_HR,26.3,31.4,21.9,0.0
2033-10-16,EC_Earth3P_HR,27.3,31.6,22.8,0.08
2033-10-17,EC_Earth3P_HR,27.7,31.8,24.1,0.17
2033-10-18,EC_Earth3P_HR,26.4,30.8,24.3,15.16
2033-10-19,EC_Earth3P_HR,26.0,28.7,24.3,9.3
2033-10-20,EC_Earth3P_HR,25.5,28.5,23.3,12.2
2033-10-21,EC_Earth3P_HR,26.7,30.6,23.2,0.64
2033-10-22,EC_Earth3P_HR,26.8,30.7,23.7,0.55
2033-10-23,EC_Earth3P_HR,26.9,30.2,23.1,1.09
2033-10-24,EC_Earth3P_HR,25.8,31.0,19.9,0.0
2033-10-25,EC_Earth3P_HR,24.0,30.3,18.4,0.0
2033-10-26,EC_Earth3P_HR,23.5,29.9,18.3,0.0
2033-10-27,EC_Earth3P_HR,23.1,29.1,18.1,0.0
2033-10-28,EC_Earth3P_HR,22.7,28.3,17.5,0.0
2033-10-29,EC_Earth3P_HR,22.9,28.1,17.3,0.0
2033-10-30,EC_Earth3P_HR,24.1,28.3,19.0,0.0
2033-10-31,EC_Earth3P_HR,24.2,28.4,18.5,0.0
2033-11-01,EC_Earth3P_HR,24.2,28.4,17.8,0.0
2033-11-02,EC_Earth3P_HR,22.9,28.6,17.6,0.0
2033-11-03,EC_Earth3P_HR,23.4,28.4,19.0,0.38
2033-11-04,EC_Earth3P_HR,23.9,28.7,19.5,0.0
2033-11-05,EC_Earth3P_HR,24.1,29.9,19.2,0.0
2033-11-06,EC_Earth3P_HR,23.9,29.6,18.8,0.0
2033-11-07,EC_Earth3P_HR,22.8,29.4,16.7,0.0
2033-11-08,EC_Earth3P_HR,21.5,28.6,15.7,0.0
2033-11-09,EC_Earth3P_HR,20.8,28.0,15.2,0.0
2033-11-10,EC_Earth3P_HR,21.2,27.7,14.5,0.0
2033-11-11,EC_Earth3P_HR,21.3,27.4,15.1,0.0
2033-11-12,EC_Earth3P_HR,20.8,26.8,14.9,0.0
2033-11-13,EC_Earth3P_HR,19.5,23.4,16.2,5.64
2033-11-14,EC_Earth3P_HR,19.9,24.2,16.3,0.4
2033-11-15,EC_Earth3P_HR,20.0,26.5,13.1,0.0
2033-11-16,EC_Earth3P_HR,18.3,26.2,12.2,0.0
2033-11-17,EC_Earth3P_HR,18.0,26.0,11.9,0.0
2033-11-18,EC_Earth3P_HR,19.5,25.8,11.8,0.0
2033-11-19,EC_Earth3P_HR,18.5,25.6,11.6,0.0
2033-11-20,EC_Earth3P_HR,18.9,25.2,11.2,0.0
2033-11-21,EC_Earth3P_HR,18.3,24.7,12.2,0.0
2033-11-22,EC_Earth3P_HR,19.7,24.3,13.7,0.0
2033-11-23,EC_Earth3P_HR,18.2,24.4,13.0,0.0
2033-11-24,EC_Earth3P_HR,18.1,24.4,12.7,0.0
2033-11-25,EC_Earth3P_HR,18.6,24.5,12.7,0.0
2033-11-26,EC_Earth3P_HR,18.2,23.8,13.5,0.0
2033-11-27,EC_Earth3P_HR,17.2,23.0,12.0,0.0
2033-11-28,EC_Earth3P_HR,15.0,22.1,8.8,0.0
2033-11-29,EC_Earth3P_HR,15.1,23.1,8.4,0.0
2033-11-30,EC_Earth3P_HR,16.7,23.9,10.8,0.0
2033-12-01,EC_Earth3P_HR,15.4,22.8,9.4,0.0
2033-12-02,EC_Earth3P_HR,15.1,22.8,8.8,0.0
2033-12-03,EC_Earth3P_HR,15.4,23.1,9.4,0.0
2033-12-04,EC_Earth3P_HR,15.7,22.7,9.4,0.0
2033-12-05,EC_Earth3P_HR,15.1,23.1,8.9,0.0
2033-12-06,EC_Earth3P_HR,15.7,23.2,8.9,0.0
2033-12-07,EC_Earth3P_HR,16.1,23.4,9.1,0.0
2033-12-08,EC_Earth3P_HR,15.2,22.0,8.7,0.0
2033-12-09,EC_Earth3P_HR,15.2,20.7,8.0,0.0
2033-12-10,EC_Earth3P_HR,15.6,21.4,8.8,0.0
2033-12-11,EC_Earth3P_HR,15.3,22.6,8.3,0.0
2033-12-12,EC_Earth3P_HR,15.5,23.5,9.4,0.0
2033-12-13,EC_Earth3P_HR,15.3,23.4,9.6,0.0
2033-12-14,EC_Earth3P_HR,15.9,23.3,9.1,0.0
2033-12-15,EC_Earth3P_HR,15.8,23.4,9.5,0.0
2033-12-16,EC_Earth3P_HR,15.9,23.6,9.9,0.0
2033-12-17,EC_Earth3P_HR,17.2,23.4,9.8,0.0
2033-12-18,EC_Earth3P_HR,18.1,23.2,11.3,0.0
2033-12-19,EC_Earth3P_HR,18.3,23.5,12.0,0.0
2033-12-20,EC_Earth3P_HR,17.4,22.3,12.2,0.0
2033-12-21,EC_Earth3P_HR,16.7,23.0,11.9,0.0
2033-12-22,EC_Earth3P_HR,18.1,23.4,11.6,0.0
2033-12-23,EC_Earth3P_HR,16.4,21.5,13.3,0.55
2033-12-24,EC_Earth3P_HR,16.7,22.7,11.1,0.0
2033-12-25,EC_Earth3P_HR,15.3,21.3,10.5,0.0
2033-12-26,EC_Earth3P_HR,16.0,22.1,10.8,0.0
2033-12-27,EC_Earth3P_HR,16.8,23.0,12.1,0.0
2033-12-28,EC_Earth3P_HR,16.6,22.9,11.8,0.0
2033-12-29,EC_Earth3P_HR,16.2,23.0,11.3,0.0
2033-12-30,EC_Earth3P_HR,16.1,22.5,10.5,0.0
2033-12-31,EC_Earth3P_HR,17.4,22.9,12.7,0.0
2034-01-01,EC_Earth3P_HR,17.5,22.4,13.0,0.0
2034-01-02,EC_Earth3P_HR,18.3,21.1,15.3,0.0
2034-01-03,EC_Earth3P_HR,15.8,15.5,15.5,30.12
2034-01-04,EC_Earth3P_HR,17.5,19.1,15.4,0.45
2034-01-05,EC_Earth3P_HR,16.9,19.6,13.4,11.36
2034-01-06,EC_Earth3P_HR,15.6,19.3,12.6,1.7
2034-01-07,EC_Earth3P_HR,14.3,17.8,10.1,0.23
2034-01-08,EC_Earth3P_HR,13.4,18.9,9.5,0.0
2034-01-09,EC_Earth3P_HR,14.4,18.1,10.2,0.0
2034-01-10,EC_Earth3P_HR,13.9,15.9,11.5,3.52
2034-01-11,EC_Earth3P_HR,12.9,14.0,9.7,3.29
2034-01-12,EC_Earth3P_HR,13.6,19.3,9.1,0.0
2034-01-13,EC_Earth3P_HR,13.5,19.2,8.8,0.0
2034-01-14,EC_Earth3P_HR,13.6,19.4,8.7,0.0
2034-01-15,EC_Earth3P_HR,15.5,20.7,9.7,0.23
2034-01-16,EC_Earth3P_HR,17.0,20.1,13.5,2.15
2034-01-17,EC_Earth3P_HR,16.5,20.1,13.6,1.59
2034-01-18,EC_Earth3P_HR,15.0,19.1,10.4,0.11
2034-01-19,EC_Earth3P_HR,13.8,19.6,9.4,0.0
2034-01-20,EC_Earth3P_HR,14.4,20.0,9.0,0.0
2034-01-21,EC_Earth3P_HR,15.0,20.7,10.0,0.0
2034-01-22,EC_Earth3P_HR,15.0,19.7,10.7,0.0
2034-01-23,EC_Earth3P_HR,14.5,19.2,10.2,0.0
2034-01-24,EC_Earth3P_HR,14.1,19.7,9.4,0.0
2034-01-25,EC_Earth3P_HR,14.2,20.1,8.2,0.0
2034-01-26,EC_Earth3P_HR,15.3,20.2,8.4,0.0
2034-01-27,EC_Earth3P_HR,15.0,19.8,10.5,0.23
2034-01-28,EC_Earth3P_HR,15.5,21.8,10.0,0.0
2034-01-29,EC_Earth3P_HR,16.1,22.8,11.1,0.0
2034-01-30,EC_Earth3P_HR,17.2,21.5,11.0,0.0
2034-01-31,EC_Earth3P_HR,15.7,21.5,10.2,0.0
2034-02-01,EC_Earth3P_HR,15.3,21.8,9.6,0.0
2034-02-02,EC_Earth3P_HR,16.0,21.9,9.7,0.0
2034-02-03,EC_Earth3P_HR,17.0,22.4,11.0,0.0
2034-02-04,EC_Earth3P_HR,18.5,23.5,11.2,0.79
2034-02-05,EC_Earth3P_HR,17.3,22.4,13.9,4.29
2034-02-06,EC_Earth3P_HR,16.3,20.3,11.9,2.71
2034-02-07,EC_Earth3P_HR,15.4,21.3,10.4,0.0
2034-02-08,EC_Earth3P_HR,13.8,20.4,8.7,0.0
2034-02-09,EC_Earth3P_HR,15.7,22.0,8.3,0.0
2034-02-10,EC_Earth3P_HR,16.5,22.0,10.1,0.0
2034-02-11,EC_Earth3P_HR,18.0,21.1,15.5,20.54
2034-02-12,EC_Earth3P_HR,16.8,19.2,14.5,9.25
2034-02-13,EC_Earth3P_HR,15.9,17.7,14.0,6.66
2034-02-14,EC_Earth3P_HR,17.1,21.7,12.8,0.0
2034-02-15,EC_Earth3P_HR,15.5,21.3,10.4,0.0
2034-02-16,EC_Earth3P_HR,16.9,21.9,11.1,0.11
2034-02-17,EC_Earth3P_HR,17.3,22.1,14.9,17.59
2034-02-18,EC_Earth3P_HR,15.4,19.0,10.8,1.24
2034-02-19,EC_Earth3P_HR,15.0,20.2,10.8,0.0
2034-02-20,EC_Earth3P_HR,15.2,20.5,10.8,0.0
2034-02-21,EC_Earth3P_HR,14.3,20.5,8.9,0.0
2034-02-22,EC_Earth3P_HR,16.0,21.4,8.4,0.0
2034-02-23,EC_Earth3P_HR,17.3,22.8,12.6,0.0
2034-02-24,EC_Earth3P_HR,18.4,24.7,12.4,0.0
2034-02-25,EC_Earth3P_HR,19.9,26.0,14.0,0.0
2034-02-26,EC_Earth3P_HR,19.8,25.2,16.2,0.0
2034-02-27,EC_Earth3P_HR,20.7,25.8,16.7,0.0
2034-02-28,EC_Earth3P_HR,19.5,24.4,14.4,0.0
2034-03-01,EC_Earth3P_HR,17.1,23.6,11.5,0.0
2034-03-02,EC_Earth3P_HR,18.0,24.4,11.5,0.23
2034-03-03,EC_Earth3P_HR,18.8,23.9,13.9,0.34
2034-03-04,EC_Earth3P_HR,18.6,24.4,13.5,0.0
2034-03-05,EC_Earth3P_HR,18.9,25.4,13.2,0.0
2034-03-06,EC_Earth3P_HR,20.0,26.3,13.4,0.0
2034-03-07,EC_Earth3P_HR,21.9,27.5,15.4,0.0
2034-03-08,EC_Earth3P_HR,21.9,28.0,16.4,0.0
2034-03-09,EC_Earth3P_HR,20.9,25.4,16.4,0.32
2034-03-10,EC_Earth3P_HR,20.2,25.3,16.9,0.75
2034-03-11,EC_Earth3P_HR,23.2,29.2,16.6,0.11
2034-03-12,EC_Earth3P_HR,23.7,29.2,18.6,0.21
2034-03-13,EC_Earth3P_HR,23.3,29.8,17.1,0.0
2034-03-14,EC_Earth3P_HR,22.8,29.3,16.8,0.0
2034-03-15,EC_Earth3P_HR,23.0,29.2,17.6,0.0
2034-03-16,EC_Earth3P_HR,21.3,27.5,14.9,0.0
2034-03-17,EC_Earth3P_HR,20.1,27.8,13.4,0.0
2034-03-18,EC_Earth3P_HR,21.0,28.8,13.0,0.0
2034-03-19,EC_Earth3P_HR,23.5,30.5,14.8,0.1
2034-03-20,EC_Earth3P_HR,25.9,31.7,19.3,0.1
2034-03-21,EC_Earth3P_HR,26.6,33.0,18.6,0.0
2034-03-22,EC_Earth3P_HR,26.1,33.3,18.9,0.89
2034-03-23,EC_Earth3P_HR,25.8,32.5,18.6,0.0
2034-03-24,EC_Earth3P_HR,26.5,33.2,19.5,0.0
2034-03-25,EC_Earth3P_HR,27.3,35.2,20.2,0.0
2034-03-26,EC_Earth3P_HR,28.5,35.0,20.0,0.19
2034-03-27,EC_Earth3P_HR,24.4,29.4,20.4,15.89
2034-03-28,EC_Earth3P_HR,23.1,27.7,18.2,0.29
2034-03-29,EC_Earth3P_HR,21.3,27.1,15.2,0.0
2034-03-30,EC_Earth3P_HR,21.5,28.8,14.8,0.0
2034-03-31,EC_Earth3P_HR,23.2,30.1,15.4,0.0
2034-04-01,EC_Earth3P_HR,23.0,29.6,16.8,0.0
2034-04-02,EC_Earth3P_HR,23.1,29.6,16.6,0.0
2034-04-03,EC_Earth3P_HR,24.4,30.5,17.5,0.0
2034-04-04,EC_Earth3P_HR,24.3,30.9,17.7,1.47
2034-04-05,EC_Earth3P_HR,24.4,30.1,18.2,0.18
2034-04-06,EC_Earth3P_HR,24.3,31.5,17.1,0.0
2034-04-07,EC_Earth3P_HR,25.0,32.6,17.4,0.0
2034-04-08,EC_Earth3P_HR,26.6,33.7,18.9,0.09
2034-04-09,EC_Earth3P_HR,28.2,35.2,20.2,0.0
2034-04-10,EC_Earth3P_HR,29.8,37.4,22.1,0.0
2034-04-11,EC_Earth3P_HR,29.9,35.3,23.9,0.0
2034-04-12,EC_Earth3P_HR,30.5,36.7,24.3,0.0
2034-04-13,EC_Earth3P_HR,31.0,37.9,24.8,0.0
2034-04-14,EC_Earth3P_HR,30.9,37.6,23.6,0.0
2034-04-15,EC_Earth3P_HR,30.0,36.3,23.6,0.0
2034-04-16,EC_Earth3P_HR,29.7,36.3,22.4,0.0
2034-04-17,EC_Earth3P_HR,28.7,36.1,21.8,0.0
2034-04-18,EC_Earth3P_HR,30.1,36.7,21.6,0.0
2034-04-19,EC_Earth3P_HR,29.9,36.6,22.4,0.0
2034-04-20,EC_Earth3P_HR,30.3,37.2,23.0,0.0
2034-04-21,EC_Earth3P_HR,30.6,37.9,23.9,0.34
2034-04-22,EC_Earth3P_HR,29.9,37.0,21.9,0.0
2034-04-23,EC_Earth3P_HR,29.8,37.9,21.4,0.0
2034-04-24,EC_Earth3P_HR,28.8,34.6,22.9,0.08
2034-04-25,EC_Earth3P_HR,30.3,36.7,23.0,0.0
2034-04-26,EC_Earth3P_HR,31.6,38.3,23.5,0.0
2034-04-27,EC_Earth3P_HR,31.9,38.3,24.2,0.0
2034-04-28,EC_Earth3P_HR,32.1,38.9,25.0,0.0
2034-04-29,EC_Earth3P_HR,31.8,38.4,24.7,0.17
2034-04-30,EC_Earth3P_HR,28.7,34.5,21.4,0.66
2034-05-01,EC_Earth3P_HR,26.6,34.2,20.2,2.22
2034-05-02,EC_Earth3P_HR,27.6,34.4,19.9,0.0
2034-05-03,EC_Earth3P_HR,30.7,36.9,22.8,0.0
2034-05-04,EC_Earth3P_HR,29.5,34.4,24.3,0.08
2034-05-05,EC_Earth3P_HR,29.8,35.3,24.3,0.0
2034-05-06,EC_Earth3P_HR,30.0,35.9,24.9,0.0
2034-05-07,EC_Earth3P_HR,30.8,36.0,24.9,0.0
2034-05-08,EC_Earth3P_HR,30.3,34.4,25.5,1.08
2034-05-09,EC_Earth3P_HR,29.0,35.1,24.1,8.7
2034-05-10,EC_Earth3P_HR,27.7,32.1,24.0,6.95
2034-05-11,EC_Earth3P_HR,27.4,35.6,22.6,5.99
2034-05-12,EC_Earth3P_HR,26.8,32.4,21.6,0.0
2034-05-13,EC_Earth3P_HR,28.7,34.9,21.6,0.0
2034-05-14,EC_Earth3P_HR,30.0,37.2,23.8,0.28
2034-05-15,EC_Earth3P_HR,29.5,36.6,23.3,0.76
2034-05-16,EC_Earth3P_HR,28.8,34.9,23.0,0.0
2034-05-17,EC_Earth3P_HR,29.9,36.7,22.9,0.95
2034-05-18,EC_Earth3P_HR,29.3,36.9,23.6,1.43
2034-05-19,EC_Earth3P_HR,28.7,34.0,23.3,4.12
2034-05-20,EC_Earth3P_HR,28.0,32.3,23.3,4.33
2034-05-21,EC_Earth3P_HR,26.3,32.2,22.4,16.89
2034-05-22,EC_Earth3P_HR,25.2,31.5,21.8,7.93
2034-05-23,EC_Earth3P_HR,26.7,31.2,21.8,0.29
2034-05-24,EC_Earth3P_HR,28.2,32.9,22.6,0.0
2034-05-25,EC_Earth3P_HR,29.0,33.5,24.1,6.14
2034-05-26,EC_Earth3P_HR,27.6,33.2,23.7,14.65
2034-05-27,EC_Earth3P_HR,27.3,32.3,23.6,3.91
2034-05-28,EC_Earth3P_HR,28.4,33.3,23.6,0.0
2034-05-29,EC_Earth3P_HR,29.5,34.6,24.7,0.0
2034-05-30,EC_Earth3P_HR,30.3,35.8,24.8,0.0
2034-05-31,EC_Earth3P_HR,32.1,37.3,25.8,0.0
2034-06-01,EC_Earth3P_HR,32.4,38.2,25.7,0.0
2034-06-02,EC_Earth3P_HR,31.7,38.9,25.7,0.0
2034-06-03,EC_Earth3P_HR,33.1,39.8,25.8,0.0
2034-06-04,EC_Earth3P_HR,33.2,40.7,25.9,0.0
2034-06-05,EC_Earth3P_HR,34.2,41.7,26.6,0.0
2034-06-06,EC_Earth3P_HR,34.3,41.0,27.6,0.0
2034-06-07,EC_Earth3P_HR,34.8,40.4,28.8,0.0
2034-06-08,EC_Earth3P_HR,35.0,40.5,29.5,0.0
2034-06-09,EC_Earth3P_HR,34.3,39.4,29.3,0.0
2034-06-10,EC_Earth3P_HR,33.1,38.8,27.0,2.39
2034-06-11,EC_Earth3P_HR,32.9,38.0,27.1,0.1
2034-06-12,EC_Earth3P_HR,33.5,38.9,27.5,2.89
2034-06-13,EC_Earth3P_HR,31.9,36.6,26.7,15.58
2034-06-14,EC_Earth3P_HR,29.7,35.1,26.4,8.5
2034-06-15,EC_Earth3P_HR,30.4,34.8,25.6,12.3
2034-06-16,EC_Earth3P_HR,29.3,33.0,25.8,5.01
2034-06-17,EC_Earth3P_HR,28.5,33.4,25.5,8.41
2034-06-18,EC_Earth3P_HR,29.3,32.8,25.6,0.7
2034-06-19,EC_Earth3P_HR,30.4,33.6,26.6,0.2
2034-06-20,EC_Earth3P_HR,30.3,34.3,27.3,5.72
2034-06-21,EC_Earth3P_HR,28.9,33.9,26.4,7.53
2034-06-22,EC_Earth3P_HR,28.7,33.8,26.2,3.52
2034-06-23,EC_Earth3P_HR,30.7,34.3,26.2,0.7
2034-06-24,EC_Earth3P_HR,31.5,35.5,27.3,0.2
2034-06-25,EC_Earth3P_HR,32.2,35.8,28.5,1.31
2034-06-26,EC_Earth3P_HR,32.6,36.3,28.6,0.6
2034-06-27,EC_Earth3P_HR,33.3,37.1,29.2,1.21
2034-06-28,EC_Earth3P_HR,33.3,37.0,28.6,2.82
2034-06-29,EC_Earth3P_HR,32.6,36.3,28.3,1.21
2034-06-30,EC_Earth3P_HR,32.6,36.3,29.2,1.21
2034-07-01,EC_Earth3P_HR,33.2,36.9,29.0,0.81
2034-07-02,EC_Earth3P_HR,32.7,37.0,27.9,5.65
2034-07-03,EC_Earth3P_HR,31.6,34.8,27.8,6.46
2034-07-04,EC_Earth3P_HR,32.0,35.2,27.8,3.43
2034-07-05,EC_Earth3P_HR,33.0,36.1,29.1,1.01
2034-07-06,EC_Earth3P_HR,32.8,36.3,29.1,0.0
2034-07-07,EC_Earth3P_HR,32.8,36.1,29.0,0.0
2034-07-08,EC_Earth3P_HR,33.1,37.0,29.6,0.2
2034-07-09,EC_Earth3P_HR,33.9,37.7,29.4,0.2
2034-07-10,EC_Earth3P_HR,32.7,38.0,27.2,10.06
2034-07-11,EC_Earth3P_HR,29.7,33.2,27.1,15.48
2034-07-12,EC_Earth3P_HR,30.0,33.6,26.8,14.36
2034-07-13,EC_Earth3P_HR,30.9,34.3,26.9,6.83
2034-07-14,EC_Earth3P_HR,31.0,34.8,27.3,7.42
2034-07-15,EC_Earth3P_HR,30.0,33.4,27.4,4.11
2034-07-16,EC_Earth3P_HR,28.8,30.8,26.7,12.53
2034-07-17,EC_Earth3P_HR,30.1,33.0,26.5,8.71
2034-07-18,EC_Earth3P_HR,31.1,33.9,28.0,7.21
2034-07-19,EC_Earth3P_HR,31.1,34.5,27.9,3.4
2034-07-20,EC_Earth3P_HR,31.4,34.6,28.1,2.2
2034-07-21,EC_Earth3P_HR,31.5,34.2,28.4,3.1
2034-07-22,EC_Earth3P_HR,32.1,35.1,28.8,1.0
2034-07-23,EC_Earth3P_HR,32.2,34.9,28.8,0.5
2034-07-24,EC_Earth3P_HR,32.9,36.0,29.4,0.0
2034-07-25,EC_Earth3P_HR,32.9,36.0,29.6,0.1
2034-07-26,EC_Earth3P_HR,33.3,37.1,29.5,0.1
2034-07-27,EC_Earth3P_HR,34.0,38.0,29.4,0.7
2034-07-28,EC_Earth3P_HR,30.9,32.6,28.6,9.75
2034-07-29,EC_Earth3P_HR,31.5,34.1,28.5,3.68
2034-07-30,EC_Earth3P_HR,31.2,34.5,28.4,2.29
2034-07-31,EC_Earth3P_HR,30.8,34.0,26.9,10.82
2034-08-01,EC_Earth3P_HR,29.9,34.0,27.0,5.46
2034-08-02,EC_Earth3P_HR,30.2,33.1,27.2,10.02
2034-08-03,EC_Earth3P_HR,30.4,34.2,27.3,10.21
2034-08-04,EC_Earth3P_HR,30.0,33.2,27.3,7.33
2034-08-05,EC_Earth3P_HR,29.6,33.6,27.1,31.78
2034-08-06,EC_Earth3P_HR,29.5,32.6,27.3,8.31
2034-08-07,EC_Earth3P_HR,29.6,33.2,26.6,9.1
2034-08-08,EC_Earth3P_HR,29.2,32.9,26.8,16.41
2034-08-09,EC_Earth3P_HR,29.9,32.8,26.9,12.94
2034-08-10,EC_Earth3P_HR,30.5,33.6,27.2,1.48
2034-08-11,EC_Earth3P_HR,30.7,34.1,28.4,1.28
2034-08-12,EC_Earth3P_HR,31.1,34.3,28.3,0.69
2034-08-13,EC_Earth3P_HR,31.3,34.5,28.5,1.28
2034-08-14,EC_Earth3P_HR,31.1,34.6,27.9,2.07
2034-08-15,EC_Earth3P_HR,30.6,34.3,27.8,3.05
2034-08-16,EC_Earth3P_HR,31.3,35.0,28.0,0.98
2034-08-17,EC_Earth3P_HR,31.4,35.1,28.0,1.47
2034-08-18,EC_Earth3P_HR,31.2,34.4,27.7,6.68
2034-08-19,EC_Earth3P_HR,30.3,33.5,27.4,2.65
2034-08-20,EC_Earth3P_HR,30.2,33.1,27.8,4.42
2034-08-21,EC_Earth3P_HR,30.0,32.1,27.6,5.98
2034-08-22,EC_Earth3P_HR,31.4,34.6,28.0,0.69
2034-08-23,EC_Earth3P_HR,31.0,34.1,27.9,1.57
2034-08-24,EC_Earth3P_HR,29.5,32.9,26.8,19.48
2034-08-25,EC_Earth3P_HR,28.9,32.2,26.8,12.53
2034-08-26,EC_Earth3P_HR,29.0,32.5,26.9,13.4
2034-08-27,EC_Earth3P_HR,29.5,32.5,27.0,8.01
2034-08-28,EC_Earth3P_HR,30.7,33.5,26.9,2.64
2034-08-29,EC_Earth3P_HR,31.2,34.5,27.1,7.62
2034-08-30,EC_Earth3P_HR,30.2,33.6,27.4,3.22
2034-08-31,EC_Earth3P_HR,31.5,34.8,27.4,4.68
2034-09-01,EC_Earth3P_HR,31.5,34.6,28.2,7.21
2034-09-02,EC_Earth3P_HR,30.9,33.6,28.0,0.0
2034-09-03,EC_Earth3P_HR,30.7,33.5,27.9,0.19
2034-09-04,EC_Earth3P_HR,31.0,34.3,27.9,0.29
2034-09-05,EC_Earth3P_HR,30.9,34.0,28.0,1.16
2034-09-06,EC_Earth3P_HR,30.0,32.3,27.1,6.58
2034-09-07,EC_Earth3P_HR,29.9,32.8,26.9,2.42
2034-09-08,EC_Earth3P_HR,29.1,32.4,26.5,12.64
2034-09-09,EC_Earth3P_HR,29.7,32.5,26.5,2.7
2034-09-10,EC_Earth3P_HR,30.5,34.0,27.9,5.87
2034-09-11,EC_Earth3P_HR,29.5,33.2,27.6,5.18
2034-09-12,EC_Earth3P_HR,29.6,32.7,27.5,2.97
2034-09-13,EC_Earth3P_HR,30.2,33.4,26.5,7.37
2034-09-14,EC_Earth3P_HR,28.9,32.2,26.4,12.6
2034-09-15,EC_Earth3P_HR,28.8,31.3,26.7,4.76
2034-09-16,EC_Earth3P_HR,28.8,32.3,26.5,18.73
2034-09-17,EC_Earth3P_HR,28.3,31.7,26.2,18.88
2034-09-18,EC_Earth3P_HR,27.9,31.6,25.9,14.01
2034-09-19,EC_Earth3P_HR,27.7,30.4,25.8,15.59
2034-09-20,EC_Earth3P_HR,27.2,30.1,25.5,39.96
2034-09-21,EC_Earth3P_HR,27.6,30.2,25.6,12.97
2034-09-22,EC_Earth3P_HR,29.6,33.3,26.1,1.03
2034-09-23,EC_Earth3P_HR,29.5,32.7,26.3,4.86
2034-09-24,EC_Earth3P_HR,29.0,32.7,26.3,7.18
2034-09-25,EC_Earth3P_HR,29.2,32.1,26.8,5.12
2034-09-26,EC_Earth3P_HR,29.2,32.2,26.6,10.76
2034-09-27,EC_Earth3P_HR,28.0,31.4,25.8,38.55
2034-09-28,EC_Earth3P_HR,27.4,30.3,25.7,33.73
2034-09-29,EC_Earth3P_HR,27.8,31.5,25.8,12.22
2034-09-30,EC_Earth3P_HR,27.9,31.4,26.2,4.85
2034-10-01,EC_Earth3P_HR,28.1,31.4,26.5,15.14
2034-10-02,EC_Earth3P_HR,28.2,31.4,26.2,12.18
2034-10-03,EC_Earth3P_HR,28.0,30.4,26.0,1.81
2034-10-04,EC_Earth3P_HR,27.8,30.2,25.5,0.36
2034-10-05,EC_Earth3P_HR,27.1,29.8,24.6,18.22
2034-10-06,EC_Earth3P_HR,26.0,28.4,24.7,15.46
2034-10-07,EC_Earth3P_HR,26.7,31.0,24.1,8.09
2034-10-08,EC_Earth3P_HR,27.6,31.2,24.1,1.15
2034-10-09,EC_Earth3P_HR,28.1,32.1,24.3,0.88
2034-10-10,EC_Earth3P_HR,27.9,32.3,24.0,0.35
2034-10-11,EC_Earth3P_HR,28.1,32.2,23.7,0.96
2034-10-12,EC_Earth3P_HR,27.7,32.3,24.1,1.9
2034-10-13,EC_Earth3P_HR,27.7,32.5,24.0,6.53
2034-10-14,EC_Earth3P_HR,27.7,32.8,24.0,18.52
2034-10-15,EC_Earth3P_HR,24.0,24.6,22.6,54.89
2034-10-16,EC_Earth3P_HR,23.1,23.5,22.7,86.4
2034-10-17,EC_Earth3P_HR,24.1,25.4,22.9,5.08
2034-10-18,EC_Earth3P_HR,24.6,27.9,21.6,0.91
2034-10-19,EC_Earth3P_HR,25.7,29.6,21.9,0.33
2034-10-20,EC_Earth3P_HR,24.1,30.0,20.2,3.81
2034-10-21,EC_Earth3P_HR,24.3,30.1,19.7,0.0
2034-10-22,EC_Earth3P_HR,24.1,30.2,19.3,0.0
2034-10-23,EC_Earth3P_HR,24.4,30.2,19.0,0.0
2034-10-24,EC_Earth3P_HR,23.6,29.7,17.2,0.0
2034-10-25,EC_Earth3P_HR,21.5,28.1,15.6,0.0
2034-10-26,EC_Earth3P_HR,21.2,28.2,15.3,0.0
2034-10-27,EC_Earth3P_HR,20.9,27.6,15.1,0.0
2034-10-28,EC_Earth3P_HR,20.8,27.7,14.8,0.0
2034-10-29,EC_Earth3P_HR,21.7,28.1,15.1,0.0
2034-10-30,EC_Earth3P_HR,21.5,27.8,15.5,0.0
2034-10-31,EC_Earth3P_HR,21.7,27.8,15.4,0.0
2034-11-01,EC_Earth3P_HR,21.7,28.6,15.2,0.0
2034-11-02,EC_Earth3P_HR,23.5,30.4,17.0,0.0
2034-11-03,EC_Earth3P_HR,23.9,30.7,18.5,0.0
2034-11-04,EC_Earth3P_HR,22.7,29.3,16.5,0.0
2034-11-05,EC_Earth3P_HR,21.6,28.2,16.0,0.0
2034-11-06,EC_Earth3P_HR,21.4,28.3,15.8,0.0
2034-11-07,EC_Earth3P_HR,21.4,28.6,15.2,0.0
2034-11-08,EC_Earth3P_HR,22.0,29.1,15.6,0.0
2034-11-09,EC_Earth3P_HR,21.7,29.1,16.0,0.0
2034-11-10,EC_Earth3P_HR,21.4,28.2,15.1,0.0
2034-11-11,EC_Earth3P_HR,22.4,27.6,14.7,0.0
2034-11-12,EC_Earth3P_HR,23.1,28.5,16.8,0.0
2034-11-13,EC_Earth3P_HR,23.4,28.7,18.7,1.25
2034-11-14,EC_Earth3P_HR,22.8,26.3,19.4,1.71
2034-11-15,EC_Earth3P_HR,22.0,27.0,17.4,0.13
2034-11-16,EC_Earth3P_HR,21.6,26.7,17.0,0.0
2034-11-17,EC_Earth3P_HR,21.2,26.7,16.4,0.0
2034-11-18,EC_Earth3P_HR,20.9,27.1,15.3,0.0
2034-11-19,EC_Earth3P_HR,19.0,25.6,14.0,0.0
2034-11-20,EC_Earth3P_HR,18.3,25.7,12.9,0.0
2034-11-21,EC_Earth3P_HR,17.8,25.9,12.1,0.0
2034-11-22,EC_Earth3P_HR,17.4,25.6,11.4,0.0
2034-11-23,EC_Earth3P_HR,17.1,25.2,11.0,0.0
2034-11-24,EC_Earth3P_HR,16.3,24.4,10.2,0.0
2034-11-25,EC_Earth3P_HR,16.0,24.3,9.6,0.0
2034-11-26,EC_Earth3P_HR,16.1,24.1,9.5,0.0
2034-11-27,EC_Earth3P_HR,17.5,23.8,9.6,0.0
2034-11-28,EC_Earth3P_HR,17.1,23.5,9.7,0.0
2034-11-29,EC_Earth3P_HR,17.1,23.8,10.4,0.0
2034-11-30,EC_Earth3P_HR,16.7,24.3,9.9,0.0
2034-12-01,EC_Earth3P_HR,16.8,23.9,11.0,0.0
2034-12-02,EC_Earth3P_HR,15.2,23.0,8.7,0.0
2034-12-03,EC_Earth3P_HR,17.4,23.4,8.8,0.0
2034-12-04,EC_Earth3P_HR,18.6,24.2,11.0,0.0
2034-12-05,EC_Earth3P_HR,18.5,24.8,10.7,0.0
2034-12-06,EC_Earth3P_HR,17.8,25.2,11.0,0.0
2034-12-07,EC_Earth3P_HR,19.7,26.4,13.9,0.0
2034-12-08,EC_Earth3P_HR,16.6,23.0,10.2,0.0
2034-12-09,EC_Earth3P_HR,14.0,21.1,8.2,0.0
2034-12-10,EC_Earth3P_HR,12.9,21.3,6.8,0.0
2034-12-11,EC_Earth3P_HR,13.4,21.3,6.2,0.0
2034-12-12,EC_Earth3P_HR,13.9,21.4,6.6,0.0
2034-12-13,EC_Earth3P_HR,14.8,22.2,7.4,0.0
2034-12-14,EC_Earth3P_HR,15.7,22.4,7.9,0.0
2034-12-15,EC_Earth3P_HR,17.0,23.0,10.7,0.0
2034-12-16,EC_Earth3P_HR,16.8,21.8,12.1,0.0
2034-12-17,EC_Earth3P_HR,17.6,24.3,11.7,0.0
2034-12-18,EC_Earth3P_HR,17.3,24.1,11.4,0.0
2034-12-19,EC_Earth3P_HR,15.2,23.0,9.7,0.0
2034-12-20,EC_Earth3P_HR,14.5,22.9,8.7,0.0
2034-12-21,EC_Earth3P_HR,15.3,21.8,9.1,0.0
2034-12-22,EC_Earth3P_HR,15.7,19.3,11.9,1.63
2034-12-23,EC_Earth3P_HR,16.7,22.4,10.6,0.0
2034-12-24,EC_Earth3P_HR,13.6,20.8,8.0,0.0
2034-12-25,EC_Earth3P_HR,12.9,20.9,7.1,0.0
2034-12-26,EC_Earth3P_HR,13.2,21.5,6.6,0.0
2034-12-27,EC_Earth3P_HR,14.5,22.1,7.8,0.0
2034-12-28,EC_Earth3P_HR,14.7,22.5,8.5,0.0
2034-12-29,EC_Earth3P_HR,15.3,22.5,8.6,0.0
2034-12-30,EC_Earth3P_HR,15.8,22.2,8.7,0.0
2034-12-31,EC_Earth3P_HR,14.6,22.1,8.5,0.0
2035-01-01,EC_Earth3P_HR,13.9,22.0,8.1,0.0
2035-01-02,EC_Earth3P_HR,13.6,21.5,7.8,0.0
2035-01-03,EC_Earth3P_HR,14.6,21.3,7.4,0.0
2035-01-04,EC_Earth3P_HR,16.6,22.1,11.7,0.0
2035-01-05,EC_Earth3P_HR,17.9,23.5,13.0,0.0
2035-01-06,EC_Earth3P_HR,15.1,21.7,8.8,0.0
2035-01-07,EC_Earth3P_HR,12.8,20.4,7.1,0.0
2035-01-08,EC_Earth3P_HR,15.2,21.3,6.5,0.0
2035-01-09,EC_Earth3P_HR,16.5,21.6,10.2,0.0
2035-01-10,EC_Earth3P_HR,17.5,22.3,9.7,0.0
2035-01-11,EC_Earth3P_HR,18.4,23.2,10.8,0.0
2035-01-12,EC_Earth3P_HR,18.2,23.7,11.4,0.0
2035-01-13,EC_Earth3P_HR,18.7,24.0,11.3,0.0
2035-01-14,EC_Earth3P_HR,18.3,24.9,11.0,0.0
2035-01-15,EC_Earth3P_HR,17.6,24.7,10.9,0.0
2035-01-16,EC_Earth3P_HR,15.0,22.9,9.4,0.0
2035-01-17,EC_Earth3P_HR,15.0,22.6,8.8,0.0
2035-01-18,EC_Earth3P_HR,15.0,22.9,9.0,0.0
2035-01-19,EC_Earth3P_HR,14.7,22.6,8.4,0.0
2035-01-20,EC_Earth3P_HR,15.7,23.4,9.1,0.0
2035-01-21,EC_Earth3P_HR,16.0,23.9,9.8,0.0
2035-01-22,EC_Earth3P_HR,15.5,23.8,9.2,0.0
2035-01-23,EC_Earth3P_HR,15.9,24.1,9.2,0.0
2035-01-24,EC_Earth3P_HR,16.2,24.3,10.0,0.0
2035-01-25,EC_Earth3P_HR,14.8,23.0,8.9,0.0
2035-01-26,EC_Earth3P_HR,14.4,23.4,8.0,0.0
2035-01-27,EC_Earth3P_HR,15.4,23.9,8.2,0.0
2035-01-28,EC_Earth3P_HR,16.8,25.6,9.7,0.0
2035-01-29,EC_Earth3P_HR,17.4,26.1,10.3,0.0
2035-01-30,EC_Earth3P_HR,17.5,24.6,11.1,0.0
2035-01-31,EC_Earth3P_HR,16.2,23.1,9.9,0.0
2035-02-01,EC_Earth3P_HR,17.4,23.9,9.0,0.0
2035-02-02,EC_Earth3P_HR,18.0,23.9,12.4,0.0
2035-02-03,EC_Earth3P_HR,18.2,25.5,11.2,0.0
2035-02-04,EC_Earth3P_HR,19.8,28.2,13.7,0.0
2035-02-05,EC_Earth3P_HR,21.1,27.2,14.7,0.45
2035-02-06,EC_Earth3P_HR,23.5,29.7,14.7,0.0
2035-02-07,EC_Earth3P_HR,23.5,31.2,16.5,0.0
2035-02-08,EC_Earth3P_HR,24.1,31.5,17.9,0.0
2035-02-09,EC_Earth3P_HR,24.3,32.2,18.2,0.0
2035-02-10,EC_Earth3P_HR,24.4,31.2,16.7,0.0
2035-02-11,EC_Earth3P_HR,20.3,26.4,15.0,0.0
2035-02-12,EC_Earth3P_HR,19.9,26.8,14.3,0.0
2035-02-13,EC_Earth3P_HR,21.5,29.2,14.4,0.0
2035-02-14,EC_Earth3P_HR,22.9,29.9,16.6,0.0
2035-02-15,EC_Earth3P_HR,23.1,29.0,17.9,0.0
2035-02-16,EC_Earth3P_HR,24.4,30.2,20.0,0.0
2035-02-17,EC_Earth3P_HR,25.2,30.2,19.9,0.0
2035-02-18,EC_Earth3P_HR,24.0,29.8,18.8,0.0
2035-02-19,EC_Earth3P_HR,22.9,29.5,17.1,0.0
2035-02-20,EC_Earth3P_HR,20.8,27.9,14.6,0.0
2035-02-21,EC_Earth3P_HR,20.8,27.9,13.6,0.0
2035-02-22,EC_Earth3P_HR,22.7,29.9,16.6,0.0
2035-02-23,EC_Earth3P_HR,22.5,28.9,16.6,0.0
2035-02-24,EC_Earth3P_HR,22.1,28.8,16.3,0.0
2035-02-25,EC_Earth3P_HR,23.1,30.1,16.5,0.23
2035-02-26,EC_Earth3P_HR,24.5,31.1,18.3,0.0
2035-02-27,EC_Earth3P_HR,25.2,31.2,19.6,0.0
2035-02-28,EC_Earth3P_HR,23.9,30.7,17.9,0.0
2035-03-01,EC_Earth3P_HR,24.0,32.1,17.1,0.0
2035-03-02,EC_Earth3P_HR,24.8,32.9,18.1,0.0
2035-03-03,EC_Earth3P_HR,24.5,32.9,17.6,0.0
2035-03-04,EC_Earth3P_HR,24.8,32.7,16.4,0.0
2035-03-05,EC_Earth3P_HR,23.4,30.9,16.3,0.0
2035-03-06,EC_Earth3P_HR,22.5,28.2,17.7,0.0
2035-03-07,EC_Earth3P_HR,23.2,30.4,17.2,0.0
2035-03-08,EC_Earth3P_HR,25.1,32.9,17.5,0.0
2035-03-09,EC_Earth3P_HR,24.9,32.0,18.1,0.0
2035-03-10,EC_Earth3P_HR,23.0,30.5,16.2,0.0
2035-03-11,EC_Earth3P_HR,21.9,31.1,14.8,0.0
2035-03-12,EC_Earth3P_HR,23.3,32.5,14.2,0.0
2035-03-13,EC_Earth3P_HR,25.3,33.7,16.3,0.0
2035-03-14,EC_Earth3P_HR,25.3,32.1,19.0,0.0
2035-03-15,EC_Earth3P_HR,24.4,32.1,17.2,0.0
2035-03-16,EC_Earth3P_HR,24.3,33.3,16.7,0.0
2035-03-17,EC_Earth3P_HR,25.9,35.6,17.6,0.0
2035-03-18,EC_Earth3P_HR,27.3,36.7,18.6,0.0
2035-03-19,EC_Earth3P_HR,28.5,36.0,19.5,0.0
2035-03-20,EC_Earth3P_HR,28.7,36.4,21.8,0.0
2035-03-21,EC_Earth3P_HR,28.9,35.3,23.6,0.0
2035-03-22,EC_Earth3P_HR,26.4,31.7,19.6,0.2
2035-03-23,EC_Earth3P_HR,26.7,33.8,19.0,0.0
2035-03-24,EC_Earth3P_HR,26.9,34.4,19.9,0.0
2035-03-25,EC_Earth3P_HR,28.2,36.3,19.2,0.0
2035-03-26,EC_Earth3P_HR,27.4,35.4,20.4,0.0
2035-03-27,EC_Earth3P_HR,25.7,32.3,19.8,0.48
2035-03-28,EC_Earth3P_HR,26.3,32.7,19.3,0.0
2035-03-29,EC_Earth3P_HR,28.5,35.5,19.8,0.0
2035-03-30,EC_Earth3P_HR,30.3,36.6,22.9,0.0
2035-03-31,EC_Earth3P_HR,31.4,37.3,25.7,0.0
2035-04-01,EC_Earth3P_HR,30.1,36.8,22.8,0.0
2035-04-02,EC_Earth3P_HR,28.9,37.4,20.4,0.0
2035-04-03,EC_Earth3P_HR,29.5,38.8,20.2,0.0
2035-04-04,EC_Earth3P_HR,30.5,39.0,21.4,0.0
2035-04-05,EC_Earth3P_HR,30.5,39.7,21.5,0.0
2035-04-06,EC_Earth3P_HR,32.0,41.0,21.2,0.0
2035-04-07,EC_Earth3P_HR,33.4,41.4,26.3,0.0
2035-04-08,EC_Earth3P_HR,32.7,41.0,26.0,0.0
2035-04-09,EC_Earth3P_HR,31.4,39.8,21.2,0.0
2035-04-10,EC_Earth3P_HR,29.7,37.7,20.9,0.0
2035-04-11,EC_Earth3P_HR,31.0,38.8,23.2,0.0
2035-04-12,EC_Earth3P_HR,31.0,40.0,23.3,0.0
2035-04-13,EC_Earth3P_HR,30.6,38.5,23.0,0.0
2035-04-14,EC_Earth3P_HR,30.7,38.8,22.5,0.0
2035-04-15,EC_Earth3P_HR,30.2,39.4,22.0,0.0
2035-04-16,EC_Earth3P_HR,30.7,38.2,24.7,0.0
2035-04-17,EC_Earth3P_HR,32.1,40.1,24.6,0.0
2035-04-18,EC_Earth3P_HR,31.8,40.6,24.3,0.0
2035-04-19,EC_Earth3P_HR,32.4,40.5,24.5,0.0
2035-04-20,EC_Earth3P_HR,34.2,42.5,25.3,0.0
2035-04-21,EC_Earth3P_HR,32.7,40.5,25.3,0.0
2035-04-22,EC_Earth3P_HR,33.2,40.9,24.9,0.0
2035-04-23,EC_Earth3P_HR,34.8,41.0,28.0,0.0
2035-04-24,EC_Earth3P_HR,33.8,40.3,27.0,0.0
2035-04-25,EC_Earth3P_HR,33.8,40.8,26.5,0.0
2035-04-26,EC_Earth3P_HR,34.1,41.3,26.1,0.0
2035-04-27,EC_Earth3P_HR,34.5,41.7,26.5,0.0
2035-04-28,EC_Earth3P_HR,34.8,42.7,26.1,0.0
2035-04-29,EC_Earth3P_HR,35.8,43.8,28.6,0.0
2035-04-30,EC_Earth3P_HR,36.7,43.4,30.8,0.0
2035-05-01,EC_Earth3P_HR,36.4,43.8,29.7,0.0
2035-05-02,EC_Earth3P_HR,35.4,42.7,27.5,0.0
2035-05-03,EC_Earth3P_HR,34.8,42.8,27.0,0.0
2035-05-04,EC_Earth3P_HR,33.9,41.5,26.2,0.0
2035-05-05,EC_Earth3P_HR,34.2,43.1,26.0,0.0
2035-05-06,EC_Earth3P_HR,35.1,43.5,26.5,0.0
2035-05-07,EC_Earth3P_HR,35.8,43.4,27.1,0.0
2035-05-08,EC_Earth3P_HR,35.5,43.6,26.3,0.0
2035-05-09,EC_Earth3P_HR,33.2,39.8,25.9,0.0
2035-05-10,EC_Earth3P_HR,32.2,39.6,25.8,2.01
2035-05-11,EC_Earth3P_HR,31.9,39.1,25.7,0.0
2035-05-12,EC_Earth3P_HR,32.8,40.0,25.6,0.0
2035-05-13,EC_Earth3P_HR,34.2,41.2,25.5,0.0
2035-05-14,EC_Earth3P_HR,35.8,42.5,28.5,0.0
2035-05-15,EC_Earth3P_HR,36.6,43.4,28.7,0.0
2035-05-16,EC_Earth3P_HR,37.9,44.0,31.6,0.0
2035-05-17,EC_Earth3P_HR,37.5,44.2,28.7,0.0
2035-05-18,EC_Earth3P_HR,36.2,43.8,28.4,0.0
2035-05-19,EC_Earth3P_HR,37.0,44.3,29.3,0.0
2035-05-20,EC_Earth3P_HR,36.9,44.3,29.2,0.0
2035-05-21,EC_Earth3P_HR,37.9,44.6,30.4,0.0
2035-05-22,EC_Earth3P_HR,37.2,43.2,28.9,0.0
2035-05-23,EC_Earth3P_HR,36.2,42.6,28.7,0.0
2035-05-24,EC_Earth3P_HR,36.0,43.2,28.8,0.0
2035-05-25,EC_Earth3P_HR,37.6,44.1,30.4,0.0
2035-05-26,EC_Earth3P_HR,37.6,42.8,32.2,0.0
2035-05-27,EC_Earth3P_HR,38.6,44.1,32.3,0.0
2035-05-28,EC_Earth3P_HR,38.6,46.0,30.6,0.0
2035-05-29,EC_Earth3P_HR,37.9,46.4,29.4,0.0
2035-05-30,EC_Earth3P_HR,38.0,46.6,29.4,0.0
2035-05-31,EC_Earth3P_HR,37.6,46.0,30.0,0.0
2035-06-01,EC_Earth3P_HR,37.4,43.9,30.9,0.0
2035-06-02,EC_Earth3P_HR,37.6,43.9,32.3,0.0
2035-06-03,EC_Earth3P_HR,38.2,44.3,32.3,0.0
2035-06-04,EC_Earth3P_HR,38.0,43.0,33.1,0.0
2035-06-05,EC_Earth3P_HR,36.9,41.7,32.8,0.0
2035-06-06,EC_Earth3P_HR,35.4,40.8,30.4,0.5
2035-06-07,EC_Earth3P_HR,33.7,39.4,29.9,0.3
2035-06-08,EC_Earth3P_HR,33.7,39.7,29.7,0.99
2035-06-09,EC_Earth3P_HR,34.7,40.2,29.7,0.0
2035-06-10,EC_Earth3P_HR,35.8,41.2,29.9,1.2
2035-06-11,EC_Earth3P_HR,38.9,44.7,31.2,0.0
2035-06-12,EC_Earth3P_HR,40.1,46.2,31.1,0.0
2035-06-13,EC_Earth3P_HR,40.3,45.9,33.9,0.0
2035-06-14,EC_Earth3P_HR,39.9,45.0,34.9,0.0
2035-06-15,EC_Earth3P_HR,40.4,45.3,34.9,0.0
2035-06-16,EC_Earth3P_HR,40.5,45.3,35.8,0.0
2035-06-17,EC_Earth3P_HR,40.2,44.8,35.7,0.0
2035-06-18,EC_Earth3P_HR,39.8,44.2,34.9,0.0
2035-06-19,EC_Earth3P_HR,40.4,45.5,34.8,0.0
2035-06-20,EC_Earth3P_HR,41.0,46.8,35.3,0.0
2035-06-21,EC_Earth3P_HR,41.0,46.4,35.3,0.0
2035-06-22,EC_Earth3P_HR,41.4,47.3,34.2,0.0
2035-06-23,EC_Earth3P_HR,41.1,47.1,34.1,0.0
2035-06-24,EC_Earth3P_HR,41.5,47.4,33.7,0.0
2035-06-25,EC_Earth3P_HR,40.7,47.4,33.3,0.0
2035-06-26,EC_Earth3P_HR,39.5,46.5,32.3,0.0
2035-06-27,EC_Earth3P_HR,36.3,42.6,31.9,0.71
2035-06-28,EC_Earth3P_HR,36.4,41.3,29.3,18.44
2035-06-29,EC_Earth3P_HR,32.7,36.5,28.1,8.47
2035-06-30,EC_Earth3P_HR,31.3,34.9,27.8,13.01
2035-07-01,EC_Earth3P_HR,31.7,36.0,27.8,0.91
2035-07-02,EC_Earth3P_HR,33.2,36.9,28.1,0.71
2035-07-03,EC_Earth3P_HR,36.1,40.1,29.7,0.0
2035-07-04,EC_Earth3P_HR,37.9,41.9,33.9,0.2
2035-07-05,EC_Earth3P_HR,38.0,41.5,33.1,0.5
2035-07-06,EC_Earth3P_HR,37.7,42.5,32.7,0.5
2035-07-07,EC_Earth3P_HR,36.7,42.1,31.4,0.1
2035-07-08,EC_Earth3P_HR,31.9,35.3,27.8,12.49
2035-07-09,EC_Earth3P_HR,30.3,34.3,27.7,12.88
2035-07-10,EC_Earth3P_HR,30.2,34.2,27.3,22.43
2035-07-11,EC_Earth3P_HR,29.3,32.2,27.2,21.21
2035-07-12,EC_Earth3P_HR,28.6,31.1,27.0,37.67
2035-07-13,EC_Earth3P_HR,28.4,30.9,27.0,16.87
2035-07-14,EC_Earth3P_HR,28.3,30.4,26.5,28.2
2035-07-15,EC_Earth3P_HR,28.2,30.9,26.4,9.83
2035-07-16,EC_Earth3P_HR,29.0,33.3,26.9,7.52
2035-07-17,EC_Earth3P_HR,30.7,34.8,27.0,4.81
2035-07-18,EC_Earth3P_HR,29.5,31.5,27.3,30.13
2035-07-19,EC_Earth3P_HR,28.9,30.1,27.2,7.7
2035-07-20,EC_Earth3P_HR,31.0,34.1,28.6,0.7
2035-07-21,EC_Earth3P_HR,31.2,34.9,28.3,0.9
2035-07-22,EC_Earth3P_HR,32.5,35.8,28.0,0.0
2035-07-23,EC_Earth3P_HR,31.4,33.7,28.5,1.7
2035-07-24,EC_Earth3P_HR,30.7,33.7,27.1,6.78
2035-07-25,EC_Earth3P_HR,27.5,28.4,26.4,5.28
2035-07-26,EC_Earth3P_HR,27.8,29.5,26.3,20.02
2035-07-27,EC_Earth3P_HR,28.8,30.5,26.3,3.09
2035-07-28,EC_Earth3P_HR,29.2,30.9,26.5,5.37
2035-07-29,EC_Earth3P_HR,28.6,30.5,26.3,4.38
2035-07-30,EC_Earth3P_HR,29.1,30.9,27.1,2.98
2035-07-31,EC_Earth3P_HR,29.2,31.6,26.9,9.44
2035-08-01,EC_Earth3P_HR,26.4,26.8,25.4,16.68
2035-08-02,EC_Earth3P_HR,26.9,29.0,24.8,2.28
2035-08-03,EC_Earth3P_HR,28.4,32.7,24.8,3.07
2035-08-04,EC_Earth3P_HR,27.6,29.8,25.5,2.48
2035-08-05,EC_Earth3P_HR,28.0,30.3,25.7,11.88
2035-08-06,EC_Earth3P_HR,27.9,31.4,25.5,14.65
2035-08-07,EC_Earth3P_HR,28.5,31.8,25.6,3.07
2035-08-08,EC_Earth3P_HR,27.7,30.6,26.2,20.07
2035-08-09,EC_Earth3P_HR,27.5,29.7,26.1,23.61
2035-08-10,EC_Earth3P_HR,27.5,29.3,25.7,17.57
2035-08-11,EC_Earth3P_HR,24.8,25.7,23.7,76.47
2035-08-12,EC_Earth3P_HR,25.7,28.0,23.6,0.79
2035-08-13,EC_Earth3P_HR,25.6,27.5,23.8,2.66
2035-08-14,EC_Earth3P_HR,26.4,28.6,24.4,12.21
2035-08-15,EC_Earth3P_HR,28.1,31.5,24.6,6.5
2035-08-16,EC_Earth3P_HR,28.3,31.4,25.3,11.41
2035-08-17,EC_Earth3P_HR,28.3,31.8,25.5,6.1
2035-08-18,EC_Earth3P_HR,27.8,30.3,25.7,14.94
2035-08-19,EC_Earth3P_HR,27.4,30.3,25.5,18.07
2035-08-20,EC_Earth3P_HR,26.9,29.3,25.0,13.05
2035-08-21,EC_Earth3P_HR,26.9,29.3,25.0,20.9
2035-08-22,EC_Earth3P_HR,26.5,28.0,25.1,4.22
2035-08-23,EC_Earth3P_HR,26.6,29.9,25.2,13.42
2035-08-24,EC_Earth3P_HR,28.1,31.5,25.1,5.78
2035-08-25,EC_Earth3P_HR,29.1,32.9,25.7,0.49
2035-08-26,EC_Earth3P_HR,28.2,31.3,26.0,15.16
2035-08-27,EC_Earth3P_HR,26.6,28.1,25.4,12.22
2035-08-28,EC_Earth3P_HR,26.9,28.7,25.4,3.52
2035-08-29,EC_Earth3P_HR,27.2,31.3,25.0,3.42
2035-08-30,EC_Earth3P_HR,26.9,29.3,24.9,6.73
2035-08-31,EC_Earth3P_HR,27.0,29.1,24.7,3.8
2035-09-01,EC_Earth3P_HR,26.8,29.4,25.0,7.41
2035-09-02,EC_Earth3P_HR,27.3,30.9,24.9,6.43
2035-09-03,EC_Earth3P_HR,27.1,31.0,24.5,5.93
2035-09-04,EC_Earth3P_HR,26.2,28.7,24.5,23.7
2035-09-05,EC_Earth3P_HR,26.2,29.6,24.8,13.19
2035-09-06,EC_Earth3P_HR,27.8,31.5,25.2,5.04
2035-09-07,EC_Earth3P_HR,29.0,33.0,25.7,1.84
2035-09-08,EC_Earth3P_HR,29.3,33.0,25.7,3.96
2035-09-09,EC_Earth3P_HR,29.7,32.7,25.8,3.57
2035-09-10,EC_Earth3P_HR,29.9,33.4,26.2,1.83
2035-09-11,EC_Earth3P_HR,29.7,33.0,26.2,17.58
2035-09-12,EC_Earth3P_HR,28.1,30.8,25.8,12.27
2035-09-13,EC_Earth3P_HR,27.9,30.6,25.8,7.75
2035-09-14,EC_Earth3P_HR,28.3,32.5,25.8,3.34
2035-09-15,EC_Earth3P_HR,29.1,31.8,26.2,5.34
2035-09-16,EC_Earth3P_HR,28.3,31.7,26.5,12.18
2035-09-17,EC_Earth3P_HR,28.4,31.4,26.2,8.45
2035-09-18,EC_Earth3P_HR,29.5,33.0,26.1,0.76
2035-09-19,EC_Earth3P_HR,29.9,33.5,26.4,0.66
2035-09-20,EC_Earth3P_HR,30.7,33.7,26.7,1.13
2035-09-21,EC_Earth3P_HR,30.3,33.7,26.6,5.93
2035-09-22,EC_Earth3P_HR,28.6,31.8,26.0,4.88
2035-09-23,EC_Earth3P_HR,29.2,32.2,25.9,1.87
2035-09-24,EC_Earth3P_HR,29.5,32.4,26.2,1.4
2035-09-25,EC_Earth3P_HR,29.7,33.1,26.3,1.21
2035-09-26,EC_Earth3P_HR,29.4,33.1,26.1,1.39
2035-09-27,EC_Earth3P_HR,29.2,32.6,25.9,1.76
2035-09-28,EC_Earth3P_HR,29.0,32.4,26.1,1.38
2035-09-29,EC_Earth3P_HR,28.3,31.0,26.1,1.93
2035-09-30,EC_Earth3P_HR,28.3,31.6,26.0,5.22
2035-10-01,EC_Earth3P_HR,28.1,30.9,25.8,6.21
2035-10-02,EC_Earth3P_HR,27.3,30.6,25.8,9.91
2035-10-03,EC_Earth3P_HR,27.8,30.8,25.2,7.79
2035-10-04,EC_Earth3P_HR,27.8,31.1,25.2,15.25
2035-10-05,EC_Earth3P_HR,28.3,31.7,25.5,5.66
2035-10-06,EC_Earth3P_HR,28.3,31.7,25.8,1.61
2035-10-07,EC_Earth3P_HR,27.7,31.2,25.7,2.31
2035-10-08,EC_Earth3P_HR,27.8,31.3,25.0,3.54
2035-10-09,EC_Earth3P_HR,28.2,31.7,25.0,1.76
2035-10-10,EC_Earth3P_HR,28.2,32.4,24.2,1.23
2035-10-11,EC_Earth3P_HR,28.5,32.7,24.0,1.13
2035-10-12,EC_Earth3P_HR,28.2,32.4,24.3,1.39
2035-10-13,EC_Earth3P_HR,27.8,32.6,23.2,0.09
2035-10-14,EC_Earth3P_HR,27.5,31.5,22.7,0.77
2035-10-15,EC_Earth3P_HR,27.3,32.0,22.5,0.0
2035-10-16,EC_Earth3P_HR,28.5,32.6,24.1,0.08
2035-10-17,EC_Earth3P_HR,27.6,32.1,25.6,8.77
2035-10-18,EC_Earth3P_HR,26.8,29.8,24.7,13.66
2035-10-19,EC_Earth3P_HR,25.2,25.9,24.5,5.41
2035-10-20,EC_Earth3P_HR,25.4,27.3,22.5,8.04
2035-10-21,EC_Earth3P_HR,23.0,23.4,22.4,4.42
2035-10-22,EC_Earth3P_HR,25.2,27.8,22.0,0.24
2035-10-23,EC_Earth3P_HR,25.6,28.3,21.8,0.08
2035-10-24,EC_Earth3P_HR,25.3,28.0,22.6,0.08
2035-10-25,EC_Earth3P_HR,26.1,30.1,22.6,0.08
2035-10-26,EC_Earth3P_HR,26.4,30.1,23.0,0.45
2035-10-27,EC_Earth3P_HR,26.4,30.7,22.8,0.07
2035-10-28,EC_Earth3P_HR,26.6,29.4,23.2,0.14
2035-10-29,EC_Earth3P_HR,26.8,31.1,22.8,0.0
2035-10-30,EC_Earth3P_HR,26.7,31.0,22.6,0.07
2035-10-31,EC_Earth3P_HR,27.3,31.0,23.5,0.67
2035-11-01,EC_Earth3P_HR,26.8,31.0,25.0,6.28
2035-11-02,EC_Earth3P_HR,26.3,29.7,24.9,15.83
2035-11-03,EC_Earth3P_HR,26.1,29.6,24.2,17.46
2035-11-04,EC_Earth3P_HR,25.3,28.8,23.1,9.04
2035-11-05,EC_Earth3P_HR,25.1,29.1,22.2,4.51
2035-11-06,EC_Earth3P_HR,24.7,29.2,20.1,0.0
2035-11-07,EC_Earth3P_HR,22.6,28.1,17.2,0.0
2035-11-08,EC_Earth3P_HR,21.9,27.8,16.8,0.0
2035-11-09,EC_Earth3P_HR,22.4,28.0,17.5,0.0
2035-11-10,EC_Earth3P_HR,20.6,26.9,14.7,0.0
2035-11-11,EC_Earth3P_HR,19.8,26.1,14.4,0.0
2035-11-12,EC_Earth3P_HR,20.0,25.5,14.2,0.0
2035-11-13,EC_Earth3P_HR,19.7,25.3,14.4,0.0
2035-11-14,EC_Earth3P_HR,19.2,25.2,14.1,0.0
2035-11-15,EC_Earth3P_HR,18.8,25.0,13.0,0.0
2035-11-16,EC_Earth3P_HR,18.6,24.7,12.9,0.0
2035-11-17,EC_Earth3P_HR,19.9,24.8,14.6,0.0
2035-11-18,EC_Earth3P_HR,20.4,26.0,15.2,0.0
2035-11-19,EC_Earth3P_HR,20.9,26.3,16.4,0.0
2035-11-20,EC_Earth3P_HR,20.5,25.9,15.7,0.0
2035-11-21,EC_Earth3P_HR,19.3,25.3,13.6,0.0
2035-11-22,EC_Earth3P_HR,18.0,24.6,12.8,0.0
2035-11-23,EC_Earth3P_HR,17.3,24.4,12.4,0.0
2035-11-24,EC_Earth3P_HR,17.1,23.8,11.8,0.0
2035-11-25,EC_Earth3P_HR,17.3,23.7,11.8,0.0
2035-11-26,EC_Earth3P_HR,18.1,24.1,13.0,0.0
2035-11-27,EC_Earth3P_HR,20.9,25.5,14.1,0.0
2035-11-28,EC_Earth3P_HR,20.5,24.7,16.1,0.0
2035-11-29,EC_Earth3P_HR,19.6,24.8,15.3,0.0
2035-11-30,EC_Earth3P_HR,19.7,24.8,14.9,0.0
2035-12-01,EC_Earth3P_HR,19.2,24.8,14.6,0.0
2035-12-02,EC_Earth3P_HR,18.9,24.4,14.0,0.0
2035-12-03,EC_Earth3P_HR,19.6,23.9,13.7,0.0
2035-12-04,EC_Earth3P_HR,18.1,24.1,13.3,0.0
2035-12-05,EC_Earth3P_HR,19.1,24.9,13.0,0.0
2035-12-06,EC_Earth3P_HR,15.7,20.8,10.6,0.0
2035-12-07,EC_Earth3P_HR,14.4,20.6,9.4,0.0
2035-12-08,EC_Earth3P_HR,13.9,20.6,8.8,0.0
2035-12-09,EC_Earth3P_HR,13.7,20.3,8.4,0.0
2035-12-10,EC_Earth3P_HR,13.8,20.5,8.5,0.0
2035-12-11,EC_Earth3P_HR,13.5,20.7,8.9,0.0
2035-12-12,EC_Earth3P_HR,14.2,21.1,8.7,0.0
2035-12-13,EC_Earth3P_HR,14.4,21.3,9.3,0.0
2035-12-14,EC_Earth3P_HR,14.7,21.2,9.3,0.0
2035-12-15,EC_Earth3P_HR,15.1,21.7,10.4,0.0
2035-12-16,EC_Earth3P_HR,15.2,21.4,9.8,0.0
2035-12-17,EC_Earth3P_HR,16.9,20.6,11.9,0.0
2035-12-18,EC_Earth3P_HR,17.3,22.7,11.5,0.0
2035-12-19,EC_Earth3P_HR,17.2,22.7,10.9,1.38
2035-12-20,EC_Earth3P_HR,17.3,22.4,12.5,0.0
2035-12-21,EC_Earth3P_HR,16.7,23.1,11.6,0.0
2035-12-22,EC_Earth3P_HR,17.2,23.0,12.0,0.0
2035-12-23,EC_Earth3P_HR,18.0,23.0,13.0,0.0
2035-12-24,EC_Earth3P_HR,18.8,23.9,13.0,0.0
2035-12-25,EC_Earth3P_HR,18.9,24.0,13.6,0.0
2035-12-26,EC_Earth3P_HR,19.1,23.9,15.3,0.1
2035-12-27,EC_Earth3P_HR,19.4,22.0,16.2,6.91
2035-12-28,EC_Earth3P_HR,19.7,21.7,18.1,5.85
2035-12-29,EC_Earth3P_HR,17.4,20.5,13.5,1.24
2035-12-30,EC_Earth3P_HR,15.8,20.7,12.4,0.0
2035-12-31,EC_Earth3P_HR,14.2,18.9,10.0,0.0
2036-01-01,EC_Earth3P_HR,12.1,16.5,8.2,0.0
2036-01-02,EC_Earth3P_HR,11.7,16.6,7.7,0.0
2036-01-03,EC_Earth3P_HR,11.2,16.5,7.2,0.0
2036-01-04,EC_Earth3P_HR,11.1,16.9,7.1,0.0
2036-01-05,EC_Earth3P_HR,11.6,17.9,6.7,0.0
2036-01-06,EC_Earth3P_HR,11.9,18.5,7.2,0.0
2036-01-07,EC_Earth3P_HR,12.5,20.0,6.9,0.0
2036-01-08,EC_Earth3P_HR,13.2,19.4,7.7,0.0
2036-01-09,EC_Earth3P_HR,14.5,20.9,9.5,0.0
2036-01-10,EC_Earth3P_HR,15.6,21.2,10.6,0.0
2036-01-11,EC_Earth3P_HR,14.0,19.5,8.3,0.0
2036-01-12,EC_Earth3P_HR,11.7,17.0,7.7,0.0
2036-01-13,EC_Earth3P_HR,11.8,17.6,7.5,0.0
2036-01-14,EC_Earth3P_HR,11.7,18.2,7.0,0.0
2036-01-15,EC_Earth3P_HR,12.4,18.5,6.1,0.0
2036-01-16,EC_Earth3P_HR,14.7,19.2,10.7,0.68
2036-01-17,EC_Earth3P_HR,16.6,22.9,11.8,0.0
2036-01-18,EC_Earth3P_HR,15.6,22.9,9.2,0.0
2036-01-19,EC_Earth3P_HR,13.5,20.8,8.1,0.0
2036-01-20,EC_Earth3P_HR,13.2,20.1,7.3,0.0
2036-01-21,EC_Earth3P_HR,13.8,20.3,9.1,0.0
2036-01-22,EC_Earth3P_HR,13.5,20.5,8.5,0.0
2036-01-23,EC_Earth3P_HR,13.7,20.5,7.9,0.0
2036-01-24,EC_Earth3P_HR,14.5,21.8,7.8,0.0
2036-01-25,EC_Earth3P_HR,16.2,22.7,9.2,0.0
2036-01-26,EC_Earth3P_HR,17.5,22.9,11.0,0.0
2036-01-27,EC_Earth3P_HR,16.4,22.5,11.6,0.0
2036-01-28,EC_Earth3P_HR,16.0,23.2,10.3,0.0
2036-01-29,EC_Earth3P_HR,15.7,22.8,9.5,0.0
2036-01-30,EC_Earth3P_HR,16.5,22.9,11.4,0.34
2036-01-31,EC_Earth3P_HR,17.7,25.7,11.1,0.0
2036-02-01,EC_Earth3P_HR,17.5,25.8,11.4,0.0
2036-02-02,EC_Earth3P_HR,17.8,25.6,11.6,0.0
2036-02-03,EC_Earth3P_HR,16.7,24.1,10.8,0.0
2036-02-04,EC_Earth3P_HR,15.2,21.8,10.0,0.0
2036-02-05,EC_Earth3P_HR,14.9,22.1,9.4,0.0
2036-02-06,EC_Earth3P_HR,14.6,22.8,8.5,0.0
2036-02-07,EC_Earth3P_HR,16.4,24.2,8.9,0.0
2036-02-08,EC_Earth3P_HR,18.1,24.5,12.1,0.0
2036-02-09,EC_Earth3P_HR,15.5,23.0,9.0,0.0
2036-02-10,EC_Earth3P_HR,14.2,21.8,8.1,0.0
2036-02-11,EC_Earth3P_HR,16.2,23.2,10.0,0.23
2036-02-12,EC_Earth3P_HR,17.9,22.5,13.2,10.83
2036-02-13,EC_Earth3P_HR,18.9,23.0,14.5,0.0
2036-02-14,EC_Earth3P_HR,19.3,24.2,14.9,0.23
2036-02-15,EC_Earth3P_HR,17.0,23.3,11.0,0.0
2036-02-16,EC_Earth3P_HR,16.6,23.3,10.4,0.11
2036-02-17,EC_Earth3P_HR,20.1,25.0,14.2,0.11
2036-02-18,EC_Earth3P_HR,21.5,25.4,18.0,2.37
2036-02-19,EC_Earth3P_HR,17.8,22.7,12.0,1.8
2036-02-20,EC_Earth3P_HR,16.6,21.5,11.9,0.0
2036-02-21,EC_Earth3P_HR,16.9,23.6,11.5,0.0
2036-02-22,EC_Earth3P_HR,17.2,24.0,11.0,0.0
2036-02-23,EC_Earth3P_HR,17.2,23.7,11.6,0.0
2036-02-24,EC_Earth3P_HR,18.1,25.1,11.4,0.0
2036-02-25,EC_Earth3P_HR,17.5,24.7,11.7,0.0
2036-02-26,EC_Earth3P_HR,17.9,25.0,10.8,0.0
2036-02-27,EC_Earth3P_HR,19.0,26.5,12.2,0.0
2036-02-28,EC_Earth3P_HR,21.2,27.7,14.2,0.0
2036-02-29,EC_Earth3P_HR,23.0,28.6,17.8,0.0
2036-03-01,EC_Earth3P_HR,21.3,27.6,12.7,0.11
2036-03-02,EC_Earth3P_HR,16.1,22.8,10.6,0.0
2036-03-03,EC_Earth3P_HR,15.1,21.5,9.7,0.0
2036-03-04,EC_Earth3P_HR,14.2,20.8,8.8,0.0
2036-03-05,EC_Earth3P_HR,15.9,24.2,8.3,0.0
2036-03-06,EC_Earth3P_HR,20.2,27.0,9.4,0.11
2036-03-07,EC_Earth3P_HR,20.8,26.9,15.8,1.95
2036-03-08,EC_Earth3P_HR,21.6,28.1,16.0,0.11
2036-03-09,EC_Earth3P_HR,19.5,25.5,12.4,0.0
2036-03-10,EC_Earth3P_HR,18.8,25.3,11.8,0.0
2036-03-11,EC_Earth3P_HR,19.6,26.1,13.2,0.0
2036-03-12,EC_Earth3P_HR,21.6,28.4,15.3,0.0
2036-03-13,EC_Earth3P_HR,22.4,29.8,14.6,0.0
2036-03-14,EC_Earth3P_HR,21.7,30.4,13.8,0.0
2036-03-15,EC_Earth3P_HR,23.0,31.7,13.3,0.0
2036-03-16,EC_Earth3P_HR,23.7,30.9,17.6,0.0
2036-03-17,EC_Earth3P_HR,22.8,29.8,17.3,0.0
2036-03-18,EC_Earth3P_HR,23.0,30.7,16.1,0.0
2036-03-19,EC_Earth3P_HR,21.6,30.8,13.4,0.0
2036-03-20,EC_Earth3P_HR,23.5,32.8,13.0,0.0
2036-03-21,EC_Earth3P_HR,24.0,33.4,14.2,0.0
2036-03-22,EC_Earth3P_HR,23.8,32.7,15.3,0.0
2036-03-23,EC_Earth3P_HR,23.8,32.4,15.7,0.0
2036-03-24,EC_Earth3P_HR,24.9,34.0,15.5,0.0
2036-03-25,EC_Earth3P_HR,26.5,34.5,17.3,0.0
2036-03-26,EC_Earth3P_HR,27.4,34.5,19.8,0.0
2036-03-27,EC_Earth3P_HR,28.0,34.8,21.4,0.0
2036-03-28,EC_Earth3P_HR,28.1,36.5,21.4,0.0
2036-03-29,EC_Earth3P_HR,29.6,37.4,21.6,0.0
2036-03-30,EC_Earth3P_HR,29.1,35.9,22.2,0.0
2036-03-31,EC_Earth3P_HR,26.0,33.1,17.9,1.03
2036-04-01,EC_Earth3P_HR,24.5,30.7,17.6,0.0
2036-04-02,EC_Earth3P_HR,26.7,34.0,19.7,0.0
2036-04-03,EC_Earth3P_HR,29.0,37.2,20.3,0.0
2036-04-04,EC_Earth3P_HR,31.6,39.3,22.0,0.0
2036-04-05,EC_Earth3P_HR,33.2,39.3,26.8,0.0
2036-04-06,EC_Earth3P_HR,33.3,39.3,27.1,0.0
2036-04-07,EC_Earth3P_HR,29.3,37.1,20.0,0.0
2036-04-08,EC_Earth3P_HR,29.1,37.0,19.0,0.0
2036-04-09,EC_Earth3P_HR,30.5,37.6,23.4,0.0
2036-04-10,EC_Earth3P_HR,31.7,38.3,25.3,0.0
2036-04-11,EC_Earth3P_HR,32.6,40.3,24.6,0.0
2036-04-12,EC_Earth3P_HR,32.1,41.6,23.2,0.0
2036-04-13,EC_Earth3P_HR,33.4,41.5,23.2,0.0
2036-04-14,EC_Earth3P_HR,32.2,41.8,23.5,0.0
2036-04-15,EC_Earth3P_HR,32.2,41.5,22.1,0.0
2036-04-16,EC_Earth3P_HR,31.4,40.6,21.8,0.0
2036-04-17,EC_Earth3P_HR,31.5,41.1,22.2,0.0
2036-04-18,EC_Earth3P_HR,32.2,41.5,21.8,0.0
2036-04-19,EC_Earth3P_HR,31.7,40.3,21.6,0.0
2036-04-20,EC_Earth3P_HR,30.8,39.2,21.2,0.0
2036-04-21,EC_Earth3P_HR,30.0,36.7,23.2,0.0
2036-04-22,EC_Earth3P_HR,31.6,38.3,23.5,0.0
2036-04-23,EC_Earth3P_HR,33.0,39.9,25.8,0.0
2036-04-24,EC_Earth3P_HR,34.1,41.8,26.4,0.0
2036-04-25,EC_Earth3P_HR,33.7,41.3,26.1,0.0
2036-04-26,EC_Earth3P_HR,34.6,41.8,26.3,0.0
2036-04-27,EC_Earth3P_HR,35.0,40.9,29.0,0.0
2036-04-28,EC_Earth3P_HR,34.6,40.9,26.5,0.0
2036-04-29,EC_Earth3P_HR,33.8,40.9,26.3,0.0
2036-04-30,EC_Earth3P_HR,35.0,41.3,27.2,0.0
2036-05-01,EC_Earth3P_HR,35.5,42.7,28.7,0.0
2036-05-02,EC_Earth3P_HR,35.9,43.4,28.8,0.0
2036-05-03,EC_Earth3P_HR,34.9,42.6,27.8,0.0
2036-05-04,EC_Earth3P_HR,34.9,41.9,27.9,0.0
2036-05-05,EC_Earth3P_HR,36.2,42.5,28.3,0.0
2036-05-06,EC_Earth3P_HR,35.8,43.1,28.2,0.0
2036-05-07,EC_Earth3P_HR,35.7,42.7,29.2,0.0
2036-05-08,EC_Earth3P_HR,35.9,42.9,28.2,0.0
2036-05-09,EC_Earth3P_HR,36.1,43.8,28.2,0.0
2036-05-10,EC_Earth3P_HR,35.0,42.7,28.1,0.0
2036-05-11,EC_Earth3P_HR,35.5,43.1,28.2,0.0
2036-05-12,EC_Earth3P_HR,35.0,40.9,29.3,0.09
2036-05-13,EC_Earth3P_HR,34.2,39.7,29.1,0.0
2036-05-14,EC_Earth3P_HR,33.9,40.4,28.5,0.28
2036-05-15,EC_Earth3P_HR,33.8,39.0,28.5,0.0
2036-05-16,EC_Earth3P_HR,34.5,41.4,28.7,0.0
2036-05-17,EC_Earth3P_HR,36.8,42.8,28.8,0.0
2036-05-18,EC_Earth3P_HR,36.8,42.9,30.7,0.0
2036-05-19,EC_Earth3P_HR,36.0,42.9,29.6,0.0
2036-05-20,EC_Earth3P_HR,35.1,42.3,28.6,0.0
2036-05-21,EC_Earth3P_HR,34.8,41.0,28.6,0.0
2036-05-22,EC_Earth3P_HR,34.9,41.9,27.9,0.0
2036-05-23,EC_Earth3P_HR,33.9,40.6,27.1,0.0
2036-05-24,EC_Earth3P_HR,34.1,41.4,27.0,0.0
2036-05-25,EC_Earth3P_HR,34.4,40.2,28.2,0.0
2036-05-26,EC_Earth3P_HR,32.8,40.0,26.9,5.08
2036-05-27,EC_Earth3P_HR,31.8,38.3,27.7,2.74
2036-05-28,EC_Earth3P_HR,32.3,37.0,27.7,0.2
2036-05-29,EC_Earth3P_HR,32.5,37.1,27.9,0.0
2036-05-30,EC_Earth3P_HR,31.4,37.1,27.4,1.18
2036-05-31,EC_Earth3P_HR,30.7,35.8,27.4,4.44
2036-06-01,EC_Earth3P_HR,31.2,37.0,27.1,4.34
2036-06-02,EC_Earth3P_HR,30.4,35.2,27.3,8.5
2036-06-03,EC_Earth3P_HR,29.7,33.0,26.9,14.94
2036-06-04,EC_Earth3P_HR,30.3,33.5,27.4,13.87
2036-06-05,EC_Earth3P_HR,31.2,35.4,27.9,7.04
2036-06-06,EC_Earth3P_HR,31.2,35.1,26.6,9.73
2036-06-07,EC_Earth3P_HR,30.4,33.4,26.7,2.98
2036-06-08,EC_Earth3P_HR,30.2,33.2,27.2,18.41
2036-06-09,EC_Earth3P_HR,30.1,32.7,27.0,5.88
2036-06-10,EC_Earth3P_HR,31.2,33.9,28.3,0.3
2036-06-11,EC_Earth3P_HR,31.8,34.8,28.9,0.0
2036-06-12,EC_Earth3P_HR,31.5,34.7,29.2,0.3
2036-06-13,EC_Earth3P_HR,32.1,35.0,29.3,0.1
2036-06-14,EC_Earth3P_HR,32.6,35.5,29.3,0.0
2036-06-15,EC_Earth3P_HR,32.4,35.5,28.6,0.8
2036-06-16,EC_Earth3P_HR,30.7,34.1,28.2,6.21
2036-06-17,EC_Earth3P_HR,30.0,33.0,26.8,12.23
2036-06-18,EC_Earth3P_HR,28.8,32.4,26.3,19.15
2036-06-19,EC_Earth3P_HR,28.6,33.3,26.3,14.55
2036-06-20,EC_Earth3P_HR,29.7,34.0,27.4,11.95
2036-06-21,EC_Earth3P_HR,30.9,34.3,27.9,4.92
2036-06-22,EC_Earth3P_HR,31.2,34.7,28.0,2.21
2036-06-23,EC_Earth3P_HR,31.3,34.9,27.7,9.35
2036-06-24,EC_Earth3P_HR,31.3,34.7,27.7,0.91
2036-06-25,EC_Earth3P_HR,31.1,34.7,27.3,5.13
2036-06-26,EC_Earth3P_HR,29.6,32.6,27.2,13.5
2036-06-27,EC_Earth3P_HR,30.0,33.0,27.3,11.39
2036-06-28,EC_Earth3P_HR,30.3,33.3,27.9,12.7
2036-06-29,EC_Earth3P_HR,29.6,32.6,27.5,22.8
2036-06-30,EC_Earth3P_HR,29.4,32.3,27.0,12.01
2036-07-01,EC_Earth3P_HR,29.5,32.1,27.1,14.23
2036-07-02,EC_Earth3P_HR,31.0,34.0,27.3,1.62
2036-07-03,EC_Earth3P_HR,29.1,31.6,26.7,1.21
2036-07-04,EC_Earth3P_HR,29.9,32.6,26.7,1.01
2036-07-05,EC_Earth3P_HR,28.4,30.0,26.6,22.79
2036-07-06,EC_Earth3P_HR,29.5,33.3,26.6,20.26
2036-07-07,EC_Earth3P_HR,29.8,32.9,26.9,10.37
2036-07-08,EC_Earth3P_HR,29.9,33.1,27.5,5.03
2036-07-09,EC_Earth3P_HR,29.9,32.5,27.3,1.71
2036-07-10,EC_Earth3P_HR,30.4,33.9,27.2,1.31
2036-07-11,EC_Earth3P_HR,30.9,34.6,27.8,1.61
2036-07-12,EC_Earth3P_HR,30.8,34.3,27.5,5.42
2036-07-13,EC_Earth3P_HR,29.8,33.8,27.4,9.73
2036-07-14,EC_Earth3P_HR,30.4,33.1,27.5,4.01
2036-07-15,EC_Earth3P_HR,30.6,34.0,27.4,1.8
2036-07-16,EC_Earth3P_HR,31.1,34.2,27.7,1.7
2036-07-17,EC_Earth3P_HR,30.3,32.9,28.1,2.6
2036-07-18,EC_Earth3P_HR,31.5,34.6,28.1,1.3
2036-07-19,EC_Earth3P_HR,31.9,35.6,28.4,0.5
2036-07-20,EC_Earth3P_HR,32.2,35.4,28.3,2.5
2036-07-21,EC_Earth3P_HR,29.9,33.0,27.5,19.08
2036-07-22,EC_Earth3P_HR,27.3,29.4,25.6,14.97
2036-07-23,EC_Earth3P_HR,28.3,30.9,25.6,1.4
2036-07-24,EC_Earth3P_HR,29.5,32.9,26.4,2.99
2036-07-25,EC_Earth3P_HR,29.2,33.0,26.5,2.79
2036-07-26,EC_Earth3P_HR,29.2,32.9,26.9,6.47
2036-07-27,EC_Earth3P_HR,28.9,32.2,25.7,16.32
2036-07-28,EC_Earth3P_HR,28.7,31.5,25.7,5.27
2036-07-29,EC_Earth3P_HR,28.9,33.1,26.1,8.15
2036-07-30,EC_Earth3P_HR,28.3,30.1,26.2,8.84
2036-07-31,EC_Earth3P_HR,29.3,33.0,26.4,5.26
2036-08-01,EC_Earth3P_HR,29.8,33.3,26.6,3.08
2036-08-02,EC_Earth3P_HR,30.0,33.4,27.0,2.38
2036-08-03,EC_Earth3P_HR,30.1,33.7,27.3,0.2
2036-08-04,EC_Earth3P_HR,29.9,33.5,27.2,2.08
2036-08-05,EC_Earth3P_HR,30.4,34.0,27.3,1.98
2036-08-06,EC_Earth3P_HR,30.1,34.2,26.5,8.41
2036-08-07,EC_Earth3P_HR,29.2,32.7,26.5,17.5
2036-08-08,EC_Earth3P_HR,28.8,31.9,26.4,11.46
2036-08-09,EC_Earth3P_HR,29.3,32.6,26.4,10.76
2036-08-10,EC_Earth3P_HR,29.5,33.1,26.5,4.84
2036-08-11,EC_Earth3P_HR,28.2,31.2,26.4,14.1
2036-08-12,EC_Earth3P_HR,28.0,30.9,26.4,12.72
2036-08-13,EC_Earth3P_HR,29.1,32.5,26.7,14.19
2036-08-14,EC_Earth3P_HR,29.4,32.8,26.9,6.3
2036-08-15,EC_Earth3P_HR,30.0,33.5,26.9,2.16
2036-08-16,EC_Earth3P_HR,30.5,34.1,27.3,1.57
2036-08-17,EC_Earth3P_HR,30.4,33.8,27.5,3.44
2036-08-18,EC_Earth3P_HR,30.9,34.2,27.7,1.47
2036-08-19,EC_Earth3P_HR,31.5,34.9,27.9,1.47
2036-08-20,EC_Earth3P_HR,31.2,34.8,27.0,6.28
2036-08-21,EC_Earth3P_HR,29.5,32.8,26.8,4.41
2036-08-22,EC_Earth3P_HR,29.5,31.6,27.3,2.06
2036-08-23,EC_Earth3P_HR,30.4,33.6,27.3,0.59
2036-08-24,EC_Earth3P_HR,29.8,32.7,27.6,2.06
2036-08-25,EC_Earth3P_HR,29.2,32.7,27.0,5.97
2036-08-26,EC_Earth3P_HR,29.1,32.8,26.9,10.75
2036-08-27,EC_Earth3P_HR,30.4,33.8,26.9,2.83
2036-08-28,EC_Earth3P_HR,31.5,35.0,27.6,0.39
2036-08-29,EC_Earth3P_HR,31.1,34.6,27.9,2.15
2036-08-30,EC_Earth3P_HR,30.2,33.7,27.8,7.02
2036-08-31,EC_Earth3P_HR,30.1,33.5,27.3,4.0
2036-09-01,EC_Earth3P_HR,30.3,33.3,27.3,0.97
2036-09-02,EC_Earth3P_HR,30.6,33.4,27.8,2.43
2036-09-03,EC_Earth3P_HR,30.4,34.1,27.7,0.87
2036-09-04,EC_Earth3P_HR,30.5,33.2,27.5,6.89
2036-09-05,EC_Earth3P_HR,29.2,31.9,27.0,16.66
2036-09-06,EC_Earth3P_HR,28.1,30.1,26.7,18.67
2036-09-07,EC_Earth3P_HR,26.2,26.8,25.1,12.65
2036-09-08,EC_Earth3P_HR,27.4,29.8,25.0,1.35
2036-09-09,EC_Earth3P_HR,27.2,28.6,25.1,5.58
2036-09-10,EC_Earth3P_HR,28.0,31.3,25.8,18.07
2036-09-11,EC_Earth3P_HR,28.8,32.2,25.8,3.65
2036-09-12,EC_Earth3P_HR,29.1,33.1,26.5,2.01
2036-09-13,EC_Earth3P_HR,30.0,33.3,26.4,1.15
2036-09-14,EC_Earth3P_HR,29.4,32.8,26.3,6.2
2036-09-15,EC_Earth3P_HR,28.1,31.7,26.2,4.76
2036-09-16,EC_Earth3P_HR,27.5,30.0,25.2,11.49
2036-09-17,EC_Earth3P_HR,27.2,29.7,25.2,13.65
2036-09-18,EC_Earth3P_HR,26.6,28.5,25.5,14.28
2036-09-19,EC_Earth3P_HR,26.4,29.4,24.8,6.51
2036-09-20,EC_Earth3P_HR,26.8,29.8,24.7,2.45
2036-09-21,EC_Earth3P_HR,26.4,28.7,24.7,2.72
2036-09-22,EC_Earth3P_HR,27.1,29.9,24.7,11.71
2036-09-23,EC_Earth3P_HR,27.6,30.8,25.4,10.37
2036-09-24,EC_Earth3P_HR,27.8,31.2,25.4,5.77
2036-09-25,EC_Earth3P_HR,28.5,31.8,25.5,1.39
2036-09-26,EC_Earth3P_HR,28.2,31.6,25.2,0.0
2036-09-27,EC_Earth3P_HR,28.1,31.1,25.1,1.29
2036-09-28,EC_Earth3P_HR,28.2,31.8,25.2,0.64
2036-09-29,EC_Earth3P_HR,28.3,32.5,25.1,3.85
2036-09-30,EC_Earth3P_HR,28.7,32.8,25.4,0.27
2036-10-01,EC_Earth3P_HR,28.0,32.5,24.8,2.55
2036-10-02,EC_Earth3P_HR,28.3,32.5,24.7,0.09
2036-10-03,EC_Earth3P_HR,29.0,32.8,24.6,0.09
2036-10-04,EC_Earth3P_HR,29.3,32.9,24.9,0.45
2036-10-05,EC_Earth3P_HR,28.8,32.7,24.8,0.54
2036-10-06,EC_Earth3P_HR,28.1,32.3,24.6,2.85
2036-10-07,EC_Earth3P_HR,28.1,31.9,24.5,0.27
2036-10-08,EC_Earth3P_HR,28.6,32.6,24.8,0.26
2036-10-09,EC_Earth3P_HR,28.2,32.5,24.2,0.0
2036-10-10,EC_Earth3P_HR,27.9,32.1,23.9,0.0
2036-10-11,EC_Earth3P_HR,26.7,31.3,21.5,0.0
2036-10-12,EC_Earth3P_HR,25.7,30.9,21.1,0.0
2036-10-13,EC_Earth3P_HR,26.4,31.3,20.9,0.0
2036-10-14,EC_Earth3P_HR,27.3,31.3,23.0,0.26
2036-10-15,EC_Earth3P_HR,26.7,31.4,21.3,0.0
2036-10-16,EC_Earth3P_HR,24.7,29.8,20.2,0.0
2036-10-17,EC_Earth3P_HR,24.4,29.9,20.1,0.0
2036-10-18,EC_Earth3P_HR,24.6,29.8,18.7,0.0
2036-10-19,EC_Earth3P_HR,24.8,29.9,18.4,0.0
2036-10-20,EC_Earth3P_HR,23.7,29.7,17.6,0.0
2036-10-21,EC_Earth3P_HR,24.0,29.6,17.4,0.0
2036-10-22,EC_Earth3P_HR,23.9,29.8,18.0,0.0
2036-10-23,EC_Earth3P_HR,24.1,29.8,17.9,0.0
2036-10-24,EC_Earth3P_HR,23.9,29.0,18.5,0.0
2036-10-25,EC_Earth3P_HR,24.0,29.0,18.3,0.0
2036-10-26,EC_Earth3P_HR,23.5,29.0,18.0,0.0
2036-10-27,EC_Earth3P_HR,22.8,28.2,17.8,0.14
2036-10-28,EC_Earth3P_HR,23.6,28.4,17.5,0.07
2036-10-29,EC_Earth3P_HR,23.5,28.6,19.4,0.07
2036-10-30,EC_Earth3P_HR,22.5,28.5,16.3,0.0
2036-10-31,EC_Earth3P_HR,22.6,28.2,15.8,0.0
2036-11-01,EC_Earth3P_HR,22.6,28.0,16.0,0.0
2036-11-02,EC_Earth3P_HR,22.6,28.2,15.7,0.0
2036-11-03,EC_Earth3P_HR,22.6,28.7,16.5,0.0
2036-11-04,EC_Earth3P_HR,23.9,29.2,18.3,8.88
2036-11-05,EC_Earth3P_HR,22.3,25.7,20.0,4.52
2036-11-06,EC_Earth3P_HR,22.9,28.0,18.6,0.0
2036-11-07,EC_Earth3P_HR,22.2,28.6,17.2,0.0
2036-11-08,EC_Earth3P_HR,21.7,28.3,16.5,0.0
2036-11-09,EC_Earth3P_HR,21.1,27.7,15.5,0.0
2036-11-10,EC_Earth3P_HR,20.2,27.4,14.6,0.0
2036-11-11,EC_Earth3P_HR,19.7,27.2,13.8,0.0
2036-11-12,EC_Earth3P_HR,19.7,27.0,13.4,0.0
2036-11-13,EC_Earth3P_HR,19.6,27.1,14.1,0.0
2036-11-14,EC_Earth3P_HR,19.2,26.7,13.6,0.0
2036-11-15,EC_Earth3P_HR,19.2,26.9,13.1,0.0
2036-11-16,EC_Earth3P_HR,19.1,27.2,12.5,0.0
2036-11-17,EC_Earth3P_HR,19.4,27.0,12.2,0.0
2036-11-18,EC_Earth3P_HR,19.1,26.2,12.2,0.0
2036-11-19,EC_Earth3P_HR,19.8,25.8,13.3,0.0
2036-11-20,EC_Earth3P_HR,18.6,25.7,12.8,0.0
2036-11-21,EC_Earth3P_HR,18.8,26.4,12.9,0.0
2036-11-22,EC_Earth3P_HR,18.7,26.6,12.4,0.0
2036-11-23,EC_Earth3P_HR,19.0,26.9,12.9,0.0
2036-11-24,EC_Earth3P_HR,19.5,27.0,12.4,0.0
2036-11-25,EC_Earth3P_HR,18.8,26.9,12.6,0.0
2036-11-26,EC_Earth3P_HR,18.9,26.5,12.4,0.0
2036-11-27,EC_Earth3P_HR,18.5,25.7,12.0,0.0
2036-11-28,EC_Earth3P_HR,18.4,25.3,11.8,0.0
2036-11-29,EC_Earth3P_HR,18.2,25.3,12.2,0.0
2036-11-30,EC_Earth3P_HR,19.1,25.2,13.2,0.0
2036-12-01,EC_Earth3P_HR,20.6,25.2,13.9,0.0
2036-12-02,EC_Earth3P_HR,19.3,25.7,13.5,0.0
2036-12-03,EC_Earth3P_HR,19.4,26.1,14.1,0.0
2036-12-04,EC_Earth3P_HR,19.4,25.9,13.6,0.0
2036-12-05,EC_Earth3P_HR,19.2,26.0,13.4,0.0
2036-12-06,EC_Earth3P_HR,20.6,25.8,13.5,0.0
2036-12-07,EC_Earth3P_HR,21.1,25.5,15.4,0.0
2036-12-08,EC_Earth3P_HR,19.3,25.3,13.9,0.0
2036-12-09,EC_Earth3P_HR,18.7,24.5,13.5,0.0
2036-12-10,EC_Earth3P_HR,18.6,24.0,13.6,0.0
2036-12-11,EC_Earth3P_HR,17.1,22.9,12.1,0.0
2036-12-12,EC_Earth3P_HR,16.6,23.3,11.8,0.0
2036-12-13,EC_Earth3P_HR,16.7,23.7,11.2,0.0
2036-12-14,EC_Earth3P_HR,18.5,24.0,11.7,0.0
2036-12-15,EC_Earth3P_HR,19.0,24.3,14.8,0.0
2036-12-16,EC_Earth3P_HR,19.7,23.9,15.7,2.76
2036-12-17,EC_Earth3P_HR,17.9,22.4,14.0,0.17
2036-12-18,EC_Earth3P_HR,19.5,24.6,13.9,0.17
2036-12-19,EC_Earth3P_HR,21.0,25.3,16.8,22.15
2036-12-20,EC_Earth3P_HR,18.4,21.4,14.5,1.15
2036-12-21,EC_Earth3P_HR,17.5,21.3,13.8,0.18
2036-12-22,EC_Earth3P_HR,17.5,20.7,14.2,1.46
2036-12-23,EC_Earth3P_HR,17.3,20.5,12.4,0.84
2036-12-24,EC_Earth3P_HR,16.5,21.8,11.4,0.0
2036-12-25,EC_Earth3P_HR,15.9,21.9,11.2,0.0
2036-12-26,EC_Earth3P_HR,14.6,20.5,9.4,0.0
2036-12-27,EC_Earth3P_HR,14.0,19.8,8.8,0.0
2036-12-28,EC_Earth3P_HR,13.9,19.6,8.3,0.0
2036-12-29,EC_Earth3P_HR,13.7,20.0,8.0,0.0
2036-12-30,EC_Earth3P_HR,14.0,20.6,9.3,0.0
2036-12-31,EC_Earth3P_HR,14.6,19.8,9.5,0.0
2037-01-01,EC_Earth3P_HR,15.0,20.1,10.6,0.0
2037-01-02,EC_Earth3P_HR,13.8,19.0,9.7,0.0
2037-01-03,EC_Earth3P_HR,13.9,19.3,9.2,0.0
2037-01-04,EC_Earth3P_HR,15.3,21.1,10.4,0.0
2037-01-05,EC_Earth3P_HR,14.1,19.9,9.1,0.0
2037-01-06,EC_Earth3P_HR,13.2,19.4,8.7,0.0
2037-01-07,EC_Earth3P_HR,14.5,20.5,10.3,0.0
2037-01-08,EC_Earth3P_HR,14.2,18.3,10.3,0.0
2037-01-09,EC_Earth3P_HR,16.8,23.0,12.9,0.0
2037-01-10,EC_Earth3P_HR,14.3,19.4,8.0,0.0
2037-01-11,EC_Earth3P_HR,11.2,17.0,7.0,0.0
2037-01-12,EC_Earth3P_HR,11.1,17.4,6.3,0.0
2037-01-13,EC_Earth3P_HR,11.1,18.1,5.9,0.0
2037-01-14,EC_Earth3P_HR,12.3,19.6,6.1,0.0
2037-01-15,EC_Earth3P_HR,13.9,21.3,7.7,0.0
2037-01-16,EC_Earth3P_HR,14.8,20.6,10.2,0.0
2037-01-17,EC_Earth3P_HR,13.2,19.2,7.6,0.0
2037-01-18,EC_Earth3P_HR,11.2,17.3,6.1,0.0
2037-01-19,EC_Earth3P_HR,10.3,17.6,5.1,0.0
2037-01-20,EC_Earth3P_HR,11.2,19.9,4.8,0.0
2037-01-21,EC_Earth3P_HR,12.5,20.8,4.6,0.57
2037-01-22,EC_Earth3P_HR,14.6,19.8,10.2,0.79
2037-01-23,EC_Earth3P_HR,14.7,20.9,9.7,0.0
2037-01-24,EC_Earth3P_HR,13.5,20.3,8.5,0.0
2037-01-25,EC_Earth3P_HR,13.4,20.5,7.7,0.0
2037-01-26,EC_Earth3P_HR,13.2,20.9,7.7,0.0
2037-01-27,EC_Earth3P_HR,13.9,22.3,7.3,0.0
2037-01-28,EC_Earth3P_HR,16.5,23.8,8.8,0.0
2037-01-29,EC_Earth3P_HR,18.3,25.1,12.3,0.0
2037-01-30,EC_Earth3P_HR,19.1,26.7,11.1,0.0
2037-01-31,EC_Earth3P_HR,19.3,25.3,11.1,0.0
2037-02-01,EC_Earth3P_HR,11.9,16.8,6.1,0.0
2037-02-02,EC_Earth3P_HR,9.5,14.1,5.2,0.0
2037-02-03,EC_Earth3P_HR,11.4,17.1,5.8,0.0
2037-02-04,EC_Earth3P_HR,12.7,18.5,7.4,0.0
2037-02-05,EC_Earth3P_HR,14.0,20.7,8.7,0.0
2037-02-06,EC_Earth3P_HR,13.6,21.1,8.4,0.0
2037-02-07,EC_Earth3P_HR,14.6,23.0,7.8,0.0
2037-02-08,EC_Earth3P_HR,13.6,21.2,7.0,0.0
2037-02-09,EC_Earth3P_HR,14.8,22.3,9.4,0.0
2037-02-10,EC_Earth3P_HR,15.0,23.2,8.7,0.0
2037-02-11,EC_Earth3P_HR,18.3,24.5,8.2,0.0
2037-02-12,EC_Earth3P_HR,18.5,26.2,10.7,0.0
2037-02-13,EC_Earth3P_HR,19.5,27.9,12.8,0.0
2037-02-14,EC_Earth3P_HR,20.2,27.1,12.7,0.9
2037-02-15,EC_Earth3P_HR,16.7,22.9,11.0,0.0
2037-02-16,EC_Earth3P_HR,14.9,21.9,8.7,0.0
2037-02-17,EC_Earth3P_HR,16.8,22.1,8.1,0.0
2037-02-18,EC_Earth3P_HR,16.5,23.3,9.7,0.0
2037-02-19,EC_Earth3P_HR,17.9,25.3,11.3,0.0
2037-02-20,EC_Earth3P_HR,18.6,26.1,12.2,0.0
2037-02-21,EC_Earth3P_HR,18.7,25.8,12.5,0.0
2037-02-22,EC_Earth3P_HR,17.3,25.5,10.9,0.0
2037-02-23,EC_Earth3P_HR,18.1,26.4,10.3,0.0
2037-02-24,EC_Earth3P_HR,18.2,26.8,11.1,0.0
2037-02-25,EC_Earth3P_HR,19.0,27.5,11.1,0.0
2037-02-26,EC_Earth3P_HR,20.1,28.5,12.4,0.0
2037-02-27,EC_Earth3P_HR,19.8,28.8,12.3,0.0
2037-02-28,EC_Earth3P_HR,20.0,28.8,11.8,0.0
2037-03-01,EC_Earth3P_HR,20.2,29.0,12.6,0.0
2037-03-02,EC_Earth3P_HR,20.3,28.2,13.4,0.0
2037-03-03,EC_Earth3P_HR,21.0,27.6,15.5,0.0
2037-03-04,EC_Earth3P_HR,21.4,28.5,15.7,0.0
2037-03-05,EC_Earth3P_HR,21.3,29.1,15.0,0.0
2037-03-06,EC_Earth3P_HR,22.3,29.7,15.0,0.0
2037-03-07,EC_Earth3P_HR,22.7,29.9,16.1,0.0
2037-03-08,EC_Earth3P_HR,22.6,29.5,16.6,0.0
2037-03-09,EC_Earth3P_HR,22.8,29.6,16.1,0.0
2037-03-10,EC_Earth3P_HR,22.5,30.2,13.3,0.0
2037-03-11,EC_Earth3P_HR,21.6,30.3,12.8,0.0
2037-03-12,EC_Earth3P_HR,22.4,30.9,14.1,0.0
2037-03-13,EC_Earth3P_HR,23.0,30.9,13.4,0.0
2037-03-14,EC_Earth3P_HR,25.1,33.0,17.6,0.0
2037-03-15,EC_Earth3P_HR,26.3,34.3,16.8,0.0
2037-03-16,EC_Earth3P_HR,25.3,33.3,16.4,0.0
2037-03-17,EC_Earth3P_HR,23.4,30.6,15.5,0.0
2037-03-18,EC_Earth3P_HR,23.3,29.2,17.3,0.0
2037-03-19,EC_Earth3P_HR,25.2,32.8,17.9,0.0
2037-03-20,EC_Earth3P_HR,26.0,34.4,17.0,0.0
2037-03-21,EC_Earth3P_HR,27.8,33.7,21.5,0.3
2037-03-22,EC_Earth3P_HR,27.1,33.1,22.4,0.49
2037-03-23,EC_Earth3P_HR,25.5,31.6,19.6,2.15
2037-03-24,EC_Earth3P_HR,24.2,31.2,18.6,2.72
2037-03-25,EC_Earth3P_HR,21.4,24.6,18.2,12.27
2037-03-26,EC_Earth3P_HR,22.1,27.9,15.4,0.0
2037-03-27,EC_Earth3P_HR,21.6,28.5,15.0,0.0
2037-03-28,EC_Earth3P_HR,21.6,29.3,14.5,0.0
2037-03-29,EC_Earth3P_HR,23.1,30.7,14.8,0.0
2037-03-30,EC_Earth3P_HR,23.5,32.3,15.9,0.0
2037-03-31,EC_Earth3P_HR,25.7,33.6,17.2,0.0
2037-04-01,EC_Earth3P_HR,26.1,34.2,18.8,0.0
2037-04-02,EC_Earth3P_HR,27.8,36.1,19.3,0.0
2037-04-03,EC_Earth3P_HR,29.3,37.3,20.5,0.0
2037-04-04,EC_Earth3P_HR,29.7,36.2,23.5,0.0
2037-04-05,EC_Earth3P_HR,28.8,35.1,22.8,0.0
2037-04-06,EC_Earth3P_HR,28.4,35.7,21.1,0.0
2037-04-07,EC_Earth3P_HR,29.1,37.2,20.6,0.0
2037-04-08,EC_Earth3P_HR,29.8,38.4,20.5,0.0
2037-04-09,EC_Earth3P_HR,30.1,38.4,22.0,0.0
2037-04-10,EC_Earth3P_HR,30.9,39.0,21.4,0.0
2037-04-11,EC_Earth3P_HR,31.9,39.4,23.8,0.0
2037-04-12,EC_Earth3P_HR,30.5,37.3,21.8,1.41
2037-04-13,EC_Earth3P_HR,27.0,32.3,20.8,1.67
2037-04-14,EC_Earth3P_HR,23.1,26.9,19.3,5.7
2037-04-15,EC_Earth3P_HR,25.4,30.7,19.0,0.0
2037-04-16,EC_Earth3P_HR,27.1,32.7,21.0,0.0
2037-04-17,EC_Earth3P_HR,29.5,35.2,23.0,0.0
2037-04-18,EC_Earth3P_HR,30.8,37.2,23.9,0.0
2037-04-19,EC_Earth3P_HR,30.5,39.2,22.8,0.0
2037-04-20,EC_Earth3P_HR,29.9,38.4,22.1,0.0
2037-04-21,EC_Earth3P_HR,30.3,38.6,22.0,0.0
2037-04-22,EC_Earth3P_HR,30.5,40.0,21.7,0.0
2037-04-23,EC_Earth3P_HR,31.5,38.7,24.7,0.0
2037-04-24,EC_Earth3P_HR,31.5,38.0,26.4,0.76
2037-04-25,EC_Earth3P_HR,31.7,38.1,25.8,0.08
2037-04-26,EC_Earth3P_HR,32.7,39.9,25.6,0.0
2037-04-27,EC_Earth3P_HR,33.7,41.5,25.3,0.0
2037-04-28,EC_Earth3P_HR,34.7,42.2,26.2,0.0
2037-04-29,EC_Earth3P_HR,33.6,41.8,26.0,0.0
2037-04-30,EC_Earth3P_HR,31.1,38.0,24.5,1.98
2037-05-01,EC_Earth3P_HR,27.2,36.8,21.0,1.56
2037-05-02,EC_Earth3P_HR,28.7,35.4,21.1,0.0
2037-05-03,EC_Earth3P_HR,31.3,38.6,22.5,0.0
2037-05-04,EC_Earth3P_HR,33.2,40.4,25.2,0.0
2037-05-05,EC_Earth3P_HR,32.5,39.5,24.8,0.0
2037-05-06,EC_Earth3P_HR,32.8,40.6,24.7,0.0
2037-05-07,EC_Earth3P_HR,33.7,40.9,26.6,0.0
2037-05-08,EC_Earth3P_HR,34.6,42.4,26.7,0.0
2037-05-09,EC_Earth3P_HR,34.7,42.8,26.9,0.0
2037-05-10,EC_Earth3P_HR,34.5,40.5,27.7,0.0
2037-05-11,EC_Earth3P_HR,35.3,42.1,29.3,0.0
2037-05-12,EC_Earth3P_HR,35.4,41.7,29.4,0.0
2037-05-13,EC_Earth3P_HR,35.5,41.3,30.4,0.0
2037-05-14,EC_Earth3P_HR,35.8,41.9,30.0,0.0
2037-05-15,EC_Earth3P_HR,36.0,43.4,28.2,0.0
2037-05-16,EC_Earth3P_HR,35.8,43.4,27.8,0.0
2037-05-17,EC_Earth3P_HR,36.5,43.4,27.6,0.0
2037-05-18,EC_Earth3P_HR,35.9,42.4,26.9,0.0
2037-05-19,EC_Earth3P_HR,34.6,42.2,26.8,0.0
2037-05-20,EC_Earth3P_HR,32.9,40.9,27.1,0.67
2037-05-21,EC_Earth3P_HR,31.3,37.7,27.3,1.93
2037-05-22,EC_Earth3P_HR,31.1,37.6,26.9,3.49
2037-05-23,EC_Earth3P_HR,32.0,37.3,26.9,0.0
2037-05-24,EC_Earth3P_HR,33.9,39.3,28.2,0.58
2037-05-25,EC_Earth3P_HR,34.8,40.5,28.7,0.0
2037-05-26,EC_Earth3P_HR,35.3,42.8,29.1,0.1
2037-05-27,EC_Earth3P_HR,33.5,39.0,27.1,1.86
2037-05-28,EC_Earth3P_HR,31.3,37.8,25.7,8.92
2037-05-29,EC_Earth3P_HR,30.2,34.0,25.6,1.57
2037-05-30,EC_Earth3P_HR,31.6,35.6,27.3,0.1
2037-05-31,EC_Earth3P_HR,32.3,36.1,28.6,0.1
2037-06-01,EC_Earth3P_HR,32.9,36.6,28.7,0.1
2037-06-02,EC_Earth3P_HR,34.0,37.8,29.7,0.2
2037-06-03,EC_Earth3P_HR,34.7,38.6,30.5,0.0
2037-06-04,EC_Earth3P_HR,34.8,39.2,30.6,0.0
2037-06-05,EC_Earth3P_HR,35.2,38.8,30.6,0.0
2037-06-06,EC_Earth3P_HR,36.7,40.9,31.8,0.0
2037-06-07,EC_Earth3P_HR,35.9,40.5,29.4,4.77
2037-06-08,EC_Earth3P_HR,33.1,37.2,28.4,5.97
2037-06-09,EC_Earth3P_HR,32.5,35.5,27.6,1.49
2037-06-10,EC_Earth3P_HR,32.5,37.1,27.5,0.6
2037-06-11,EC_Earth3P_HR,33.9,37.8,29.0,0.0
2037-06-12,EC_Earth3P_HR,35.0,39.4,30.1,1.2
2037-06-13,EC_Earth3P_HR,34.4,38.7,29.0,1.2
2037-06-14,EC_Earth3P_HR,33.3,38.8,29.2,14.5
2037-06-15,EC_Earth3P_HR,32.7,38.3,28.9,3.5
2037-06-16,EC_Earth3P_HR,32.8,38.5,29.3,3.0
2037-06-17,EC_Earth3P_HR,33.7,38.9,28.4,0.0
2037-06-18,EC_Earth3P_HR,34.2,40.1,28.2,0.0
2037-06-19,EC_Earth3P_HR,35.3,42.0,28.3,0.0
2037-06-20,EC_Earth3P_HR,36.4,42.2,30.0,0.0
2037-06-21,EC_Earth3P_HR,37.2,42.1,32.3,0.0
2037-06-22,EC_Earth3P_HR,38.0,43.1,32.7,0.0
2037-06-23,EC_Earth3P_HR,38.5,43.6,33.1,0.0
2037-06-24,EC_Earth3P_HR,37.9,43.8,31.9,0.0
2037-06-25,EC_Earth3P_HR,36.7,43.2,31.4,0.0
2037-06-26,EC_Earth3P_HR,35.8,39.6,31.4,0.0
2037-06-27,EC_Earth3P_HR,35.3,39.7,30.8,0.4
2037-06-28,EC_Earth3P_HR,34.7,39.6,30.5,0.81
2037-06-29,EC_Earth3P_HR,35.0,39.9,30.4,3.93
2037-06-30,EC_Earth3P_HR,33.4,37.8,29.5,2.93
2037-07-01,EC_Earth3P_HR,31.0,35.4,27.7,9.79
2037-07-02,EC_Earth3P_HR,29.1,30.9,27.2,7.37
2037-07-03,EC_Earth3P_HR,29.3,31.6,27.2,30.19
2037-07-04,EC_Earth3P_HR,30.0,33.3,27.2,7.87
2037-07-05,EC_Earth3P_HR,31.9,35.2,29.1,2.42
2037-07-06,EC_Earth3P_HR,32.5,35.4,29.6,0.2
2037-07-07,EC_Earth3P_HR,32.7,36.0,29.1,0.4
2037-07-08,EC_Earth3P_HR,33.2,36.4,29.1,0.4
2037-07-09,EC_Earth3P_HR,32.1,34.9,28.8,5.94
2037-07-10,EC_Earth3P_HR,30.4,33.9,27.3,20.92
2037-07-11,EC_Earth3P_HR,27.7,28.4,26.6,91.15
2037-07-12,EC_Earth3P_HR,29.7,33.2,26.6,14.66
2037-07-13,EC_Earth3P_HR,30.9,34.4,28.0,2.11
2037-07-14,EC_Earth3P_HR,31.7,34.2,28.1,2.61
2037-07-15,EC_Earth3P_HR,30.5,34.0,27.3,11.83
2037-07-16,EC_Earth3P_HR,28.8,29.7,26.8,7.91
2037-07-17,EC_Earth3P_HR,30.6,33.7,26.8,7.41
2037-07-18,EC_Earth3P_HR,30.7,33.6,27.6,7.1
2037-07-19,EC_Earth3P_HR,30.1,32.6,27.3,20.6
2037-07-20,EC_Earth3P_HR,29.7,33.4,27.0,14.29
2037-07-21,EC_Earth3P_HR,29.3,32.5,26.7,4.79
2037-07-22,EC_Earth3P_HR,29.5,32.7,26.7,8.29
2037-07-23,EC_Earth3P_HR,30.8,33.7,27.2,1.4
2037-07-24,EC_Earth3P_HR,32.5,35.5,28.0,9.67
2037-07-25,EC_Earth3P_HR,30.8,33.8,28.0,2.49
2037-07-26,EC_Earth3P_HR,31.5,34.3,28.9,0.2
2037-07-27,EC_Earth3P_HR,31.5,34.2,28.9,0.0
2037-07-28,EC_Earth3P_HR,31.5,35.2,28.0,1.09
2037-07-29,EC_Earth3P_HR,30.8,34.3,27.3,11.43
2037-07-30,EC_Earth3P_HR,29.7,32.7,27.2,7.85
2037-07-31,EC_Earth3P_HR,29.0,32.0,27.1,9.04
2037-08-01,EC_Earth3P_HR,28.9,32.6,26.9,6.45
2037-08-02,EC_Earth3P_HR,29.5,32.7,26.9,9.42
2037-08-03,EC_Earth3P_HR,31.1,34.2,27.7,1.49
2037-08-04,EC_Earth3P_HR,32.0,35.0,28.0,0.59
2037-08-05,EC_Earth3P_HR,32.5,35.5,29.4,3.76
2037-08-06,EC_Earth3P_HR,30.0,32.1,27.5,12.37
2037-08-07,EC_Earth3P_HR,29.1,31.4,27.4,16.81
2037-08-08,EC_Earth3P_HR,29.9,33.3,27.3,2.96
2037-08-09,EC_Earth3P_HR,29.4,33.5,27.0,17.28
2037-08-10,EC_Earth3P_HR,28.6,30.7,27.0,15.1
2037-08-11,EC_Earth3P_HR,29.1,31.8,27.0,15.78
2037-08-12,EC_Earth3P_HR,29.3,32.9,26.7,12.52
2037-08-13,EC_Earth3P_HR,29.2,32.6,26.7,31.63
2037-08-14,EC_Earth3P_HR,28.7,31.3,26.7,18.02
2037-08-15,EC_Earth3P_HR,28.1,30.3,26.4,4.53
2037-08-16,EC_Earth3P_HR,28.6,31.3,26.4,1.38
2037-08-17,EC_Earth3P_HR,29.2,32.7,27.0,3.24
2037-08-18,EC_Earth3P_HR,29.5,33.5,26.9,9.92
2037-08-19,EC_Earth3P_HR,30.6,33.7,27.1,5.5
2037-08-20,EC_Earth3P_HR,30.1,33.2,27.1,11.78
2037-08-21,EC_Earth3P_HR,28.8,31.7,26.4,18.04
2037-08-22,EC_Earth3P_HR,28.6,31.6,26.5,7.84
2037-08-23,EC_Earth3P_HR,29.4,33.0,26.5,4.41
2037-08-24,EC_Earth3P_HR,29.5,32.9,26.8,7.24
2037-08-25,EC_Earth3P_HR,29.1,33.0,26.8,9.49
2037-08-26,EC_Earth3P_HR,28.6,31.8,26.7,10.17
2037-08-27,EC_Earth3P_HR,28.4,31.3,26.6,17.69
2037-08-28,EC_Earth3P_HR,27.5,29.1,26.3,9.86
2037-08-29,EC_Earth3P_HR,26.9,27.8,26.1,8.0
2037-08-30,EC_Earth3P_HR,27.6,30.1,25.9,16.0
2037-08-31,EC_Earth3P_HR,27.9,30.9,25.9,12.58
2037-09-01,EC_Earth3P_HR,28.0,31.5,26.0,8.58
2037-09-02,EC_Earth3P_HR,27.7,30.2,26.1,23.27
2037-09-03,EC_Earth3P_HR,27.5,30.4,26.0,11.08
2037-09-04,EC_Earth3P_HR,28.4,31.6,26.0,10.19
2037-09-05,EC_Earth3P_HR,28.9,32.4,26.4,6.49
2037-09-06,EC_Earth3P_HR,28.2,31.4,25.9,1.94
2037-09-07,EC_Earth3P_HR,28.1,31.1,25.5,7.63
2037-09-08,EC_Earth3P_HR,28.0,31.7,25.3,4.82
2037-09-09,EC_Earth3P_HR,28.1,31.9,25.3,3.95
2037-09-10,EC_Earth3P_HR,28.4,32.4,26.0,10.38
2037-09-11,EC_Earth3P_HR,28.4,31.3,25.7,6.72
2037-09-12,EC_Earth3P_HR,27.8,31.4,25.6,11.3
2037-09-13,EC_Earth3P_HR,27.6,31.1,25.3,6.88
2037-09-14,EC_Earth3P_HR,27.3,30.8,24.9,8.3
2037-09-15,EC_Earth3P_HR,27.1,31.0,25.0,5.33
2037-09-16,EC_Earth3P_HR,29.1,33.1,25.4,2.76
2037-09-17,EC_Earth3P_HR,29.9,33.5,26.3,0.76
2037-09-18,EC_Earth3P_HR,30.6,34.0,26.8,0.66
2037-09-19,EC_Earth3P_HR,30.9,34.3,27.2,0.66
2037-09-20,EC_Earth3P_HR,29.7,32.7,27.2,2.07
2037-09-21,EC_Earth3P_HR,29.5,32.3,26.3,7.33
2037-09-22,EC_Earth3P_HR,28.3,31.8,26.2,6.56
2037-09-23,EC_Earth3P_HR,28.3,32.0,25.9,6.45
2037-09-24,EC_Earth3P_HR,28.0,31.7,25.7,4.01
2037-09-25,EC_Earth3P_HR,28.6,32.2,25.8,1.39
2037-09-26,EC_Earth3P_HR,28.9,32.1,25.9,3.98
2037-09-27,EC_Earth3P_HR,30.2,33.3,26.8,1.29
2037-09-28,EC_Earth3P_HR,30.2,33.3,27.7,2.21
2037-09-29,EC_Earth3P_HR,29.7,32.1,27.2,0.92
2037-09-30,EC_Earth3P_HR,28.2,31.2,25.3,12.35
2037-10-01,EC_Earth3P_HR,27.5,30.9,25.6,4.65
2037-10-02,EC_Earth3P_HR,27.2,29.9,25.0,16.8
2037-10-03,EC_Earth3P_HR,26.0,27.5,24.8,7.78
2037-10-04,EC_Earth3P_HR,27.0,29.9,24.8,2.16
2037-10-05,EC_Earth3P_HR,28.0,31.6,25.2,1.61
2037-10-06,EC_Earth3P_HR,28.5,32.7,24.9,0.98
2037-10-07,EC_Earth3P_HR,27.9,32.3,23.5,1.51
2037-10-08,EC_Earth3P_HR,27.2,31.7,23.4,0.71
2037-10-09,EC_Earth3P_HR,27.0,31.2,23.6,0.44
2037-10-10,EC_Earth3P_HR,27.6,31.4,23.8,8.04
2037-10-11,EC_Earth3P_HR,26.9,30.5,24.3,17.21
2037-10-12,EC_Earth3P_HR,24.0,24.9,23.0,43.61
2037-10-13,EC_Earth3P_HR,23.5,23.9,22.8,32.0
2037-10-14,EC_Earth3P_HR,26.1,29.4,23.6,5.88
2037-10-15,EC_Earth3P_HR,26.9,30.4,23.5,1.01
2037-10-16,EC_Earth3P_HR,27.6,31.7,23.7,0.25
2037-10-17,EC_Earth3P_HR,28.1,32.3,23.8,0.25
2037-10-18,EC_Earth3P_HR,27.3,32.0,24.4,6.84
2037-10-19,EC_Earth3P_HR,27.4,30.9,24.2,1.71
2037-10-20,EC_Earth3P_HR,27.5,31.6,24.2,1.53
2037-10-21,EC_Earth3P_HR,27.6,31.5,24.0,1.12
2037-10-22,EC_Earth3P_HR,27.2,31.3,23.8,2.29
2037-10-23,EC_Earth3P_HR,25.8,31.3,18.9,0.0
2037-10-24,EC_Earth3P_HR,23.1,30.5,16.6,0.0
2037-10-25,EC_Earth3P_HR,22.3,29.9,16.3,0.0
2037-10-26,EC_Earth3P_HR,22.0,29.5,15.3,0.0
2037-10-27,EC_Earth3P_HR,21.4,28.9,15.1,0.0
2037-10-28,EC_Earth3P_HR,22.5,28.1,15.3,0.0
2037-10-29,EC_Earth3P_HR,21.7,28.1,15.6,0.0
2037-10-30,EC_Earth3P_HR,21.6,28.9,14.7,0.0
2037-10-31,EC_Earth3P_HR,22.6,28.4,14.5,0.0
2037-11-01,EC_Earth3P_HR,23.0,27.8,16.6,0.0
2037-11-02,EC_Earth3P_HR,21.2,27.9,15.6,0.0
2037-11-03,EC_Earth3P_HR,21.2,28.5,15.6,0.0
2037-11-04,EC_Earth3P_HR,22.9,28.1,16.1,0.0
2037-11-05,EC_Earth3P_HR,24.7,29.9,18.9,0.0
2037-11-06,EC_Earth3P_HR,25.6,30.5,20.4,0.06
2037-11-07,EC_Earth3P_HR,24.3,29.1,19.5,0.0
2037-11-08,EC_Earth3P_HR,23.2,29.2,16.9,0.0
2037-11-09,EC_Earth3P_HR,21.3,28.8,14.7,0.0
2037-11-10,EC_Earth3P_HR,22.0,28.7,14.4,0.0
2037-11-11,EC_Earth3P_HR,21.7,28.1,15.0,0.0
2037-11-12,EC_Earth3P_HR,21.7,27.3,14.7,0.0
2037-11-13,EC_Earth3P_HR,21.5,26.7,15.2,0.0
2037-11-14,EC_Earth3P_HR,21.2,26.6,15.1,0.0
2037-11-15,EC_Earth3P_HR,21.3,26.7,16.1,0.0
2037-11-16,EC_Earth3P_HR,20.8,26.4,16.5,0.0
2037-11-17,EC_Earth3P_HR,21.1,26.3,16.2,0.0
2037-11-18,EC_Earth3P_HR,20.7,26.1,15.1,0.0
2037-11-19,EC_Earth3P_HR,19.9,26.5,14.1,0.0
2037-11-20,EC_Earth3P_HR,18.1,25.9,11.7,0.0
2037-11-21,EC_Earth3P_HR,16.9,25.4,11.1,0.0
2037-11-22,EC_Earth3P_HR,20.2,25.6,10.8,0.0
2037-11-23,EC_Earth3P_HR,21.1,26.4,15.0,0.21
2037-11-24,EC_Earth3P_HR,20.8,25.6,15.8,0.42
2037-11-25,EC_Earth3P_HR,19.7,26.5,14.7,0.0
2037-11-26,EC_Earth3P_HR,18.9,26.2,12.5,0.0
2037-11-27,EC_Earth3P_HR,17.2,25.3,11.9,0.0
2037-11-28,EC_Earth3P_HR,17.7,25.3,11.5,0.0
2037-11-29,EC_Earth3P_HR,18.0,25.5,11.9,0.0
2037-11-30,EC_Earth3P_HR,16.0,24.4,9.9,0.0
2037-12-01,EC_Earth3P_HR,16.2,24.8,9.7,0.0
2037-12-02,EC_Earth3P_HR,16.6,25.0,9.2,0.0
2037-12-03,EC_Earth3P_HR,18.9,25.3,11.7,0.0
2037-12-04,EC_Earth3P_HR,21.2,25.8,16.7,0.0
2037-12-05,EC_Earth3P_HR,19.9,27.1,13.2,0.0
2037-12-06,EC_Earth3P_HR,17.1,24.6,11.4,0.0
2037-12-07,EC_Earth3P_HR,17.2,24.1,11.0,0.0
2037-12-08,EC_Earth3P_HR,16.0,23.0,11.7,0.0
2037-12-09,EC_Earth3P_HR,15.0,23.5,8.6,0.0
2037-12-10,EC_Earth3P_HR,15.5,24.1,8.1,0.0
2037-12-11,EC_Earth3P_HR,16.1,23.7,9.7,0.0
2037-12-12,EC_Earth3P_HR,16.5,24.0,11.4,0.0
2037-12-13,EC_Earth3P_HR,17.8,24.5,11.4,0.0
2037-12-14,EC_Earth3P_HR,18.3,24.8,13.0,0.0
2037-12-15,EC_Earth3P_HR,18.1,24.6,12.4,0.0
2037-12-16,EC_Earth3P_HR,17.9,24.4,12.7,0.0
2037-12-17,EC_Earth3P_HR,17.6,24.2,11.5,0.0
2037-12-18,EC_Earth3P_HR,16.3,24.3,10.6,0.0
2037-12-19,EC_Earth3P_HR,15.1,22.8,8.5,0.0
2037-12-20,EC_Earth3P_HR,12.8,21.4,6.1,0.0
2037-12-21,EC_Earth3P_HR,12.7,21.5,5.6,0.0
2037-12-22,EC_Earth3P_HR,14.3,23.0,6.5,0.0
2037-12-23,EC_Earth3P_HR,15.0,24.1,8.0,0.0
2037-12-24,EC_Earth3P_HR,15.0,23.6,8.6,0.0
2037-12-25,EC_Earth3P_HR,15.6,23.4,8.8,0.0
2037-12-26,EC_Earth3P_HR,15.1,23.4,8.8,0.0
2037-12-27,EC_Earth3P_HR,14.9,22.6,9.2,0.0
2037-12-28,EC_Earth3P_HR,14.9,22.8,8.9,0.0
2037-12-29,EC_Earth3P_HR,16.2,22.9,8.1,0.0
2037-12-30,EC_Earth3P_HR,15.6,22.3,7.7,0.0
2037-12-31,EC_Earth3P_HR,15.5,22.7,9.5,0.0
2038-01-01,EC_Earth3P_HR,17.4,23.2,8.9,0.0
2038-01-02,EC_Earth3P_HR,17.5,23.4,10.7,0.0
2038-01-03,EC_Earth3P_HR,18.7,22.4,13.8,0.0
2038-01-04,EC_Earth3P_HR,17.9,22.5,12.9,0.0
2038-01-05,EC_Earth3P_HR,17.1,23.0,11.9,0.0
2038-01-06,EC_Earth3P_HR,16.6,23.7,11.1,0.0
2038-01-07,EC_Earth3P_HR,16.3,23.4,9.3,0.0
2038-01-08,EC_Earth3P_HR,16.7,22.9,9.2,0.0
2038-01-09,EC_Earth3P_HR,15.6,23.2,9.2,0.0
2038-01-10,EC_Earth3P_HR,15.8,23.0,9.7,0.0
2038-01-11,EC_Earth3P_HR,17.0,24.0,10.1,0.0
2038-01-12,EC_Earth3P_HR,17.0,24.3,11.5,0.0
2038-01-13,EC_Earth3P_HR,16.2,23.8,10.4,0.0
2038-01-14,EC_Earth3P_HR,15.9,23.5,9.7,0.0
2038-01-15,EC_Earth3P_HR,15.5,23.6,9.1,0.0
2038-01-16,EC_Earth3P_HR,16.0,24.0,9.2,0.0
2038-01-17,EC_Earth3P_HR,16.3,24.8,9.9,0.0
2038-01-18,EC_Earth3P_HR,16.6,25.0,9.6,0.0
2038-01-19,EC_Earth3P_HR,17.7,25.2,11.5,0.0
2038-01-20,EC_Earth3P_HR,19.4,25.7,13.9,0.0
2038-01-21,EC_Earth3P_HR,19.4,25.7,13.5,0.0
2038-01-22,EC_Earth3P_HR,17.3,24.4,11.1,0.0
2038-01-23,EC_Earth3P_HR,19.2,25.3,10.4,0.0
2038-01-24,EC_Earth3P_HR,18.3,27.3,12.5,0.0
2038-01-25,EC_Earth3P_HR,19.6,27.9,13.0,0.0
2038-01-26,EC_Earth3P_HR,19.9,26.7,13.2,0.0
2038-01-27,EC_Earth3P_HR,20.1,24.6,15.8,1.81
2038-01-28,EC_Earth3P_HR,19.9,25.0,14.1,0.23
2038-01-29,EC_Earth3P_HR,16.6,23.3,9.6,0.0
2038-01-30,EC_Earth3P_HR,17.2,23.7,9.0,0.0
2038-01-31,EC_Earth3P_HR,17.0,20.8,14.2,1.13
2038-02-01,EC_Earth3P_HR,19.9,26.2,14.1,0.11
2038-02-02,EC_Earth3P_HR,21.1,27.7,15.2,0.0
2038-02-03,EC_Earth3P_HR,19.1,23.5,14.2,0.0
2038-02-04,EC_Earth3P_HR,18.5,24.8,13.6,0.0
2038-02-05,EC_Earth3P_HR,20.2,26.2,13.7,0.0
2038-02-06,EC_Earth3P_HR,20.8,28.3,13.4,0.0
2038-02-07,EC_Earth3P_HR,20.9,28.0,14.4,0.0
2038-02-08,EC_Earth3P_HR,18.8,26.4,12.6,0.0
2038-02-09,EC_Earth3P_HR,18.7,26.0,11.8,0.0
2038-02-10,EC_Earth3P_HR,20.1,26.4,12.2,0.0
2038-02-11,EC_Earth3P_HR,19.4,27.1,13.4,0.0
2038-02-12,EC_Earth3P_HR,19.9,27.1,14.4,0.0
2038-02-13,EC_Earth3P_HR,20.9,27.4,14.7,0.0
2038-02-14,EC_Earth3P_HR,21.9,27.7,14.5,0.0
2038-02-15,EC_Earth3P_HR,20.9,27.2,13.9,0.0
2038-02-16,EC_Earth3P_HR,21.3,27.3,13.8,0.45
2038-02-17,EC_Earth3P_HR,22.0,27.4,17.6,0.11
2038-02-18,EC_Earth3P_HR,21.2,26.5,16.9,0.0
2038-02-19,EC_Earth3P_HR,20.1,27.3,13.1,0.0
2038-02-20,EC_Earth3P_HR,22.2,27.9,12.4,0.0
2038-02-21,EC_Earth3P_HR,22.8,30.0,14.5,0.0
2038-02-22,EC_Earth3P_HR,22.8,28.4,16.4,0.0
2038-02-23,EC_Earth3P_HR,22.6,28.6,16.3,0.0
2038-02-24,EC_Earth3P_HR,23.1,30.0,17.3,0.0
2038-02-25,EC_Earth3P_HR,23.3,29.7,17.1,0.23
2038-02-26,EC_Earth3P_HR,21.8,27.6,16.0,1.58
2038-02-27,EC_Earth3P_HR,22.0,29.3,15.1,0.0
2038-02-28,EC_Earth3P_HR,22.0,28.3,15.7,0.0
2038-03-01,EC_Earth3P_HR,24.1,29.6,16.7,0.0
2038-03-02,EC_Earth3P_HR,23.1,30.4,16.1,1.58
2038-03-03,EC_Earth3P_HR,20.9,27.6,15.2,1.58
2038-03-04,EC_Earth3P_HR,21.0,26.7,14.9,0.0
2038-03-05,EC_Earth3P_HR,17.8,20.7,14.2,2.55
2038-03-06,EC_Earth3P_HR,17.7,22.0,13.3,0.77
2038-03-07,EC_Earth3P_HR,18.6,24.3,13.1,0.0
2038-03-08,EC_Earth3P_HR,19.9,26.3,12.6,0.0
2038-03-09,EC_Earth3P_HR,21.7,27.3,14.3,1.07
2038-03-10,EC_Earth3P_HR,23.7,28.5,18.2,1.07
2038-03-11,EC_Earth3P_HR,22.1,27.6,17.0,0.21
2038-03-12,EC_Earth3P_HR,21.8,27.9,15.1,0.0
2038-03-13,EC_Earth3P_HR,21.2,28.2,14.0,0.0
2038-03-14,EC_Earth3P_HR,22.0,29.3,13.8,0.0
2038-03-15,EC_Earth3P_HR,23.9,32.0,16.3,0.0
2038-03-16,EC_Earth3P_HR,26.5,33.6,18.1,0.0
2038-03-17,EC_Earth3P_HR,26.2,33.1,20.2,0.0
2038-03-18,EC_Earth3P_HR,25.4,32.6,19.6,0.0
2038-03-19,EC_Earth3P_HR,25.4,32.6,18.9,0.0
2038-03-20,EC_Earth3P_HR,25.7,33.7,18.4,0.0
2038-03-21,EC_Earth3P_HR,27.3,35.5,18.6,0.0
2038-03-22,EC_Earth3P_HR,29.1,36.8,22.1,0.0
2038-03-23,EC_Earth3P_HR,29.6,37.0,22.3,0.0
2038-03-24,EC_Earth3P_HR,29.8,36.7,24.2,0.0
2038-03-25,EC_Earth3P_HR,30.1,36.8,23.9,0.0
2038-03-26,EC_Earth3P_HR,28.5,35.0,22.0,0.0
2038-03-27,EC_Earth3P_HR,27.5,34.2,21.4,0.0
2038-03-28,EC_Earth3P_HR,28.2,35.5,20.9,0.0
2038-03-29,EC_Earth3P_HR,27.8,36.2,19.4,0.0
2038-03-30,EC_Earth3P_HR,28.3,37.0,18.8,0.0
2038-03-31,EC_Earth3P_HR,29.9,38.0,19.8,0.0
2038-04-01,EC_Earth3P_HR,30.4,39.2,20.7,0.0
2038-04-02,EC_Earth3P_HR,29.5,39.4,19.4,0.0
2038-04-03,EC_Earth3P_HR,29.9,39.8,18.9,0.0
2038-04-04,EC_Earth3P_HR,31.7,40.3,24.0,0.0
2038-04-05,EC_Earth3P_HR,32.4,41.1,23.6,0.0
2038-04-06,EC_Earth3P_HR,33.2,41.2,25.1,0.0
2038-04-07,EC_Earth3P_HR,31.2,39.1,21.9,0.09
2038-04-08,EC_Earth3P_HR,30.1,38.7,21.6,0.0
2038-04-09,EC_Earth3P_HR,31.7,39.8,23.2,0.0
2038-04-10,EC_Earth3P_HR,31.9,39.9,22.8,0.0
2038-04-11,EC_Earth3P_HR,31.6,38.3,25.6,0.0
2038-04-12,EC_Earth3P_HR,32.2,37.8,26.7,0.09
2038-04-13,EC_Earth3P_HR,31.0,35.5,27.5,1.76
2038-04-14,EC_Earth3P_HR,28.1,34.5,22.6,2.81
2038-04-15,EC_Earth3P_HR,28.0,35.4,22.4,2.45
2038-04-16,EC_Earth3P_HR,28.9,35.1,22.6,0.0
2038-04-17,EC_Earth3P_HR,31.2,38.0,23.9,0.0
2038-04-18,EC_Earth3P_HR,30.2,35.8,23.8,0.0
2038-04-19,EC_Earth3P_HR,30.4,36.5,23.8,0.0
2038-04-20,EC_Earth3P_HR,29.2,36.4,22.6,0.0
2038-04-21,EC_Earth3P_HR,29.5,38.1,21.0,0.0
2038-04-22,EC_Earth3P_HR,30.2,39.5,20.8,0.0
2038-04-23,EC_Earth3P_HR,32.8,41.3,22.7,0.0
2038-04-24,EC_Earth3P_HR,32.5,38.9,24.5,0.0
2038-04-25,EC_Earth3P_HR,28.2,34.0,23.7,0.67
2038-04-26,EC_Earth3P_HR,28.1,35.2,22.6,0.92
2038-04-27,EC_Earth3P_HR,27.1,32.7,21.5,0.92
2038-04-28,EC_Earth3P_HR,28.9,37.1,21.3,0.0
2038-04-29,EC_Earth3P_HR,29.9,36.5,22.4,0.0
2038-04-30,EC_Earth3P_HR,31.4,37.1,25.1,0.0
2038-05-01,EC_Earth3P_HR,33.2,38.9,26.8,0.0
2038-05-02,EC_Earth3P_HR,34.5,40.1,28.8,0.0
2038-05-03,EC_Earth3P_HR,35.1,41.4,29.5,1.47
2038-05-04,EC_Earth3P_HR,34.7,41.9,28.6,0.67
2038-05-05,EC_Earth3P_HR,32.8,37.9,26.5,0.0
2038-05-06,EC_Earth3P_HR,32.2,38.8,25.0,0.0
2038-05-07,EC_Earth3P_HR,33.6,41.5,24.8,0.0
2038-05-08,EC_Earth3P_HR,34.5,43.8,24.1,0.0
2038-05-09,EC_Earth3P_HR,34.3,43.2,23.9,0.0
2038-05-10,EC_Earth3P_HR,34.3,43.3,25.1,0.0
2038-05-11,EC_Earth3P_HR,34.4,43.3,25.2,0.0
2038-05-12,EC_Earth3P_HR,34.7,42.9,27.2,0.0
2038-05-13,EC_Earth3P_HR,35.3,43.4,27.9,0.0
2038-05-14,EC_Earth3P_HR,34.9,43.5,25.9,0.0
2038-05-15,EC_Earth3P_HR,33.4,41.8,24.5,0.85
2038-05-16,EC_Earth3P_HR,33.2,42.4,23.9,0.0
2038-05-17,EC_Earth3P_HR,34.9,43.9,23.8,0.0
2038-05-18,EC_Earth3P_HR,35.5,42.2,28.7,0.0
2038-05-19,EC_Earth3P_HR,32.9,39.9,28.5,2.78
2038-05-20,EC_Earth3P_HR,29.9,35.9,26.0,2.02
2038-05-21,EC_Earth3P_HR,32.5,37.9,26.0,0.0
2038-05-22,EC_Earth3P_HR,34.0,40.7,27.5,0.0
2038-05-23,EC_Earth3P_HR,35.2,42.7,27.6,0.0
2038-05-24,EC_Earth3P_HR,36.3,43.6,30.1,0.0
2038-05-25,EC_Earth3P_HR,37.1,43.8,29.8,0.0
2038-05-26,EC_Earth3P_HR,37.0,44.5,29.7,0.0
2038-05-27,EC_Earth3P_HR,36.6,42.5,30.0,0.0
2038-05-28,EC_Earth3P_HR,36.8,42.2,31.7,0.0
2038-05-29,EC_Earth3P_HR,37.2,42.8,31.7,0.1
2038-05-30,EC_Earth3P_HR,37.7,44.5,31.6,0.0
2038-05-31,EC_Earth3P_HR,39.6,46.5,32.6,0.0
2038-06-01,EC_Earth3P_HR,39.3,46.2,32.9,0.0
2038-06-02,EC_Earth3P_HR,39.6,45.8,32.9,0.0
2038-06-03,EC_Earth3P_HR,38.4,46.1,29.1,0.0
2038-06-04,EC_Earth3P_HR,37.9,44.7,29.6,0.0
2038-06-05,EC_Earth3P_HR,39.8,44.5,34.6,0.0
2038-06-06,EC_Earth3P_HR,39.3,43.6,32.7,0.2
2038-06-07,EC_Earth3P_HR,37.4,41.7,32.4,0.0
2038-06-08,EC_Earth3P_HR,37.8,41.3,33.9,0.0
2038-06-09,EC_Earth3P_HR,36.8,41.1,31.5,0.0
2038-06-10,EC_Earth3P_HR,31.3,38.4,25.8,15.04
2038-06-11,EC_Earth3P_HR,28.4,33.5,26.2,29.72
2038-06-12,EC_Earth3P_HR,29.0,33.8,26.6,9.88
2038-06-13,EC_Earth3P_HR,30.3,33.3,27.1,0.7
2038-06-14,EC_Earth3P_HR,31.1,33.8,27.9,2.5
2038-06-15,EC_Earth3P_HR,32.5,35.2,28.5,0.3
2038-06-16,EC_Earth3P_HR,34.0,39.4,28.9,5.71
2038-06-17,EC_Earth3P_HR,34.0,38.3,29.6,1.6
2038-06-18,EC_Earth3P_HR,33.9,38.3,27.4,0.2
2038-06-19,EC_Earth3P_HR,32.4,37.2,26.9,0.9
2038-06-20,EC_Earth3P_HR,32.2,36.6,26.9,11.24
2038-06-21,EC_Earth3P_HR,31.6,36.5,26.4,13.26
2038-06-22,EC_Earth3P_HR,30.6,34.9,26.4,10.95
2038-06-23,EC_Earth3P_HR,30.0,32.8,27.0,4.02
2038-06-24,EC_Earth3P_HR,30.7,33.2,27.3,2.82
2038-06-25,EC_Earth3P_HR,30.1,33.0,27.4,21.44
2038-06-26,EC_Earth3P_HR,28.5,31.8,26.9,14.0
2038-06-27,EC_Earth3P_HR,28.2,32.1,26.7,18.03
2038-06-28,EC_Earth3P_HR,28.4,32.0,26.6,8.47
2038-06-29,EC_Earth3P_HR,29.0,32.3,26.6,9.28
2038-06-30,EC_Earth3P_HR,28.8,31.7,26.5,16.24
2038-07-01,EC_Earth3P_HR,29.6,32.5,26.7,4.04
2038-07-02,EC_Earth3P_HR,30.9,35.0,27.6,3.84
2038-07-03,EC_Earth3P_HR,31.8,35.1,27.6,8.38
2038-07-04,EC_Earth3P_HR,31.8,34.4,28.7,4.24
2038-07-05,EC_Earth3P_HR,32.1,35.5,28.9,0.91
2038-07-06,EC_Earth3P_HR,31.8,35.5,28.9,1.31
2038-07-07,EC_Earth3P_HR,31.7,35.0,29.2,1.11
2038-07-08,EC_Earth3P_HR,30.2,33.2,26.9,1.71
2038-07-09,EC_Earth3P_HR,30.1,32.7,26.9,0.4
2038-07-10,EC_Earth3P_HR,29.6,31.6,26.5,2.82
2038-07-11,EC_Earth3P_HR,28.8,30.9,26.4,2.21
2038-07-12,EC_Earth3P_HR,29.8,32.9,27.0,4.32
2038-07-13,EC_Earth3P_HR,30.0,32.2,27.0,2.71
2038-07-14,EC_Earth3P_HR,28.3,30.4,26.7,13.14
2038-07-15,EC_Earth3P_HR,30.1,33.6,26.6,5.41
2038-07-16,EC_Earth3P_HR,31.1,34.4,27.8,0.9
2038-07-17,EC_Earth3P_HR,30.9,33.7,28.0,0.0
2038-07-18,EC_Earth3P_HR,31.0,33.8,27.8,0.7
2038-07-19,EC_Earth3P_HR,30.0,34.7,26.8,10.3
2038-07-20,EC_Earth3P_HR,29.5,33.1,26.7,6.7
2038-07-21,EC_Earth3P_HR,29.2,32.4,26.7,9.89
2038-07-22,EC_Earth3P_HR,29.4,33.1,26.7,4.89
2038-07-23,EC_Earth3P_HR,29.8,32.9,27.1,3.29
2038-07-24,EC_Earth3P_HR,30.3,33.3,27.6,0.1
2038-07-25,EC_Earth3P_HR,30.0,32.9,26.7,1.89
2038-07-26,EC_Earth3P_HR,29.6,33.3,26.7,3.09
2038-07-27,EC_Earth3P_HR,28.9,33.0,26.6,12.84
2038-07-28,EC_Earth3P_HR,29.8,33.4,27.0,2.19
2038-07-29,EC_Earth3P_HR,29.3,32.5,27.0,5.97
2038-07-30,EC_Earth3P_HR,29.1,32.7,27.0,1.89
2038-07-31,EC_Earth3P_HR,30.0,32.7,27.3,0.89
2038-08-01,EC_Earth3P_HR,30.8,33.6,27.8,0.79
2038-08-02,EC_Earth3P_HR,31.2,34.5,28.0,2.58
2038-08-03,EC_Earth3P_HR,31.7,35.4,28.0,0.59
2038-08-04,EC_Earth3P_HR,31.4,34.9,27.9,5.45
2038-08-05,EC_Earth3P_HR,30.6,33.4,27.5,8.51
2038-08-06,EC_Earth3P_HR,30.2,33.4,27.3,17.51
2038-08-07,EC_Earth3P_HR,29.1,32.0,27.3,16.91
2038-08-08,EC_Earth3P_HR,28.6,31.4,27.1,24.71
2038-08-09,EC_Earth3P_HR,29.6,32.9,27.1,6.72
2038-08-10,EC_Earth3P_HR,30.0,32.9,27.6,4.15
2038-08-11,EC_Earth3P_HR,30.5,34.0,27.8,1.38
2038-08-12,EC_Earth3P_HR,30.6,33.3,28.0,1.08
2038-08-13,EC_Earth3P_HR,31.0,34.3,28.2,1.48
2038-08-14,EC_Earth3P_HR,31.0,34.1,27.6,5.61
2038-08-15,EC_Earth3P_HR,29.0,30.7,27.1,13.19
2038-08-16,EC_Earth3P_HR,27.9,30.4,25.9,39.45
2038-08-17,EC_Earth3P_HR,26.7,27.4,25.6,40.6
2038-08-18,EC_Earth3P_HR,28.4,31.7,25.6,3.14
2038-08-19,EC_Earth3P_HR,29.5,32.1,26.2,0.59
2038-08-20,EC_Earth3P_HR,29.3,32.0,26.7,0.59
2038-08-21,EC_Earth3P_HR,29.2,32.2,25.6,0.78
2038-08-22,EC_Earth3P_HR,28.8,31.9,25.5,0.69
2038-08-23,EC_Earth3P_HR,29.4,33.2,25.5,0.88
2038-08-24,EC_Earth3P_HR,30.0,33.8,26.4,0.49
2038-08-25,EC_Earth3P_HR,29.2,33.4,26.3,8.12
2038-08-26,EC_Earth3P_HR,28.5,31.3,26.3,6.16
2038-08-27,EC_Earth3P_HR,28.3,31.9,25.8,10.17
2038-08-28,EC_Earth3P_HR,28.9,33.0,25.7,6.35
2038-08-29,EC_Earth3P_HR,29.8,33.3,26.5,2.93
2038-08-30,EC_Earth3P_HR,28.2,32.0,26.5,16.2
2038-08-31,EC_Earth3P_HR,28.5,32.2,26.4,4.0
2038-09-01,EC_Earth3P_HR,28.8,33.1,26.4,4.87
2038-09-02,EC_Earth3P_HR,29.5,32.6,26.6,8.57
2038-09-03,EC_Earth3P_HR,28.9,32.2,26.5,13.61
2038-09-04,EC_Earth3P_HR,28.3,31.9,26.3,6.12
2038-09-05,EC_Earth3P_HR,28.8,32.0,26.2,11.15
2038-09-06,EC_Earth3P_HR,28.6,32.3,26.2,18.2
2038-09-07,EC_Earth3P_HR,28.6,31.7,26.3,6.48
2038-09-08,EC_Earth3P_HR,28.5,30.9,26.1,9.55
2038-09-09,EC_Earth3P_HR,28.5,31.2,26.1,5.78
2038-09-10,EC_Earth3P_HR,28.5,32.1,26.1,5.48
2038-09-11,EC_Earth3P_HR,28.2,31.5,26.0,9.22
2038-09-12,EC_Earth3P_HR,27.9,30.7,25.5,8.43
2038-09-13,EC_Earth3P_HR,27.6,30.4,25.6,7.84
2038-09-14,EC_Earth3P_HR,27.3,31.0,25.8,11.74
2038-09-15,EC_Earth3P_HR,27.9,31.3,25.9,8.58
2038-09-16,EC_Earth3P_HR,28.5,31.3,26.3,2.38
2038-09-17,EC_Earth3P_HR,28.7,32.6,26.0,1.71
2038-09-18,EC_Earth3P_HR,28.8,32.9,26.0,3.22
2038-09-19,EC_Earth3P_HR,29.4,33.0,26.1,1.04
2038-09-20,EC_Earth3P_HR,29.3,32.8,25.7,0.0
2038-09-21,EC_Earth3P_HR,29.0,32.3,25.5,0.0
2038-09-22,EC_Earth3P_HR,28.5,31.3,26.2,0.19
2038-09-23,EC_Earth3P_HR,25.4,28.8,22.6,45.45
2038-09-24,EC_Earth3P_HR,24.9,26.1,22.6,15.48
2038-09-25,EC_Earth3P_HR,26.5,29.7,23.9,3.07
2038-09-26,EC_Earth3P_HR,27.9,31.7,25.3,3.9
2038-09-27,EC_Earth3P_HR,27.8,31.0,25.1,4.35
2038-09-28,EC_Earth3P_HR,28.7,32.0,25.0,1.75
2038-09-29,EC_Earth3P_HR,29.0,32.7,25.9,4.5
2038-09-30,EC_Earth3P_HR,28.2,31.7,25.9,6.77
2038-10-01,EC_Earth3P_HR,28.3,31.8,25.2,1.46
2038-10-02,EC_Earth3P_HR,28.1,31.5,24.6,4.63
2038-10-03,EC_Earth3P_HR,27.5,31.3,24.6,1.45
2038-10-04,EC_Earth3P_HR,27.6,31.3,24.3,2.07
2038-10-05,EC_Earth3P_HR,27.6,31.5,24.1,0.54
2038-10-06,EC_Earth3P_HR,28.2,31.7,24.0,0.63
2038-10-07,EC_Earth3P_HR,27.7,31.7,23.6,0.8
2038-10-08,EC_Earth3P_HR,27.2,31.6,23.4,0.88
2038-10-09,EC_Earth3P_HR,27.6,31.6,23.5,1.5
2038-10-10,EC_Earth3P_HR,24.6,26.9,22.9,64.52
2038-10-11,EC_Earth3P_HR,24.6,25.5,23.3,46.39
2038-10-12,EC_Earth3P_HR,26.9,29.8,25.1,20.15
2038-10-13,EC_Earth3P_HR,27.3,31.2,25.2,4.21
2038-10-14,EC_Earth3P_HR,28.1,31.7,25.1,4.61
2038-10-15,EC_Earth3P_HR,28.0,31.4,25.0,4.91
2038-10-16,EC_Earth3P_HR,26.3,28.5,23.8,13.53
2038-10-17,EC_Earth3P_HR,26.4,29.9,23.7,2.25
2038-10-18,EC_Earth3P_HR,26.8,30.4,23.5,0.74
2038-10-19,EC_Earth3P_HR,25.7,29.3,22.2,2.05
2038-10-20,EC_Earth3P_HR,25.4,30.2,20.9,0.0
2038-10-21,EC_Earth3P_HR,24.1,29.6,18.6,0.0
2038-10-22,EC_Earth3P_HR,23.8,29.2,18.3,0.0
2038-10-23,EC_Earth3P_HR,23.5,29.0,18.1,0.0
2038-10-24,EC_Earth3P_HR,22.8,28.6,17.5,0.0
2038-10-25,EC_Earth3P_HR,22.6,28.3,17.3,0.0
2038-10-26,EC_Earth3P_HR,23.6,28.8,17.7,0.0
2038-10-27,EC_Earth3P_HR,24.9,30.2,19.8,0.0
2038-10-28,EC_Earth3P_HR,25.1,29.6,20.6,0.0
2038-10-29,EC_Earth3P_HR,24.2,28.9,18.3,0.07
2038-10-30,EC_Earth3P_HR,22.8,28.7,18.2,0.0
2038-10-31,EC_Earth3P_HR,23.1,28.3,18.4,0.0
2038-11-01,EC_Earth3P_HR,22.2,28.2,15.5,0.0
2038-11-02,EC_Earth3P_HR,20.4,27.1,14.5,0.0
2038-11-03,EC_Earth3P_HR,20.1,27.1,14.2,0.0
2038-11-04,EC_Earth3P_HR,20.8,27.2,14.3,0.0
2038-11-05,EC_Earth3P_HR,20.7,27.5,14.2,0.0
2038-11-06,EC_Earth3P_HR,20.2,27.6,14.1,0.0
2038-11-07,EC_Earth3P_HR,21.7,27.5,14.1,0.0
2038-11-08,EC_Earth3P_HR,21.4,26.8,14.5,0.0
2038-11-09,EC_Earth3P_HR,21.5,27.3,16.9,0.0
2038-11-10,EC_Earth3P_HR,21.7,28.1,16.5,0.0
2038-11-11,EC_Earth3P_HR,21.6,27.9,16.4,0.0
2038-11-12,EC_Earth3P_HR,20.4,27.4,13.9,0.0
2038-11-13,EC_Earth3P_HR,18.8,26.3,13.1,0.0
2038-11-14,EC_Earth3P_HR,20.4,25.7,13.3,0.0
2038-11-15,EC_Earth3P_HR,20.8,25.7,14.2,0.0
2038-11-16,EC_Earth3P_HR,21.1,25.7,13.4,0.0
2038-11-17,EC_Earth3P_HR,20.9,25.3,15.5,0.0
2038-11-18,EC_Earth3P_HR,20.7,26.4,16.0,0.0
2038-11-19,EC_Earth3P_HR,19.3,26.5,12.7,0.0
2038-11-20,EC_Earth3P_HR,17.9,25.6,11.9,0.0
2038-11-21,EC_Earth3P_HR,18.5,24.7,11.4,0.0
2038-11-22,EC_Earth3P_HR,19.6,23.1,16.3,0.14
2038-11-23,EC_Earth3P_HR,19.5,25.5,14.9,0.0
2038-11-24,EC_Earth3P_HR,19.7,25.6,14.6,0.0
2038-11-25,EC_Earth3P_HR,19.7,26.2,15.0,0.0
2038-11-26,EC_Earth3P_HR,19.9,26.7,14.7,0.0
2038-11-27,EC_Earth3P_HR,21.1,27.5,15.4,0.0
2038-11-28,EC_Earth3P_HR,21.1,27.3,16.4,0.0
2038-11-29,EC_Earth3P_HR,20.6,27.3,14.8,0.0
2038-11-30,EC_Earth3P_HR,18.8,25.1,13.9,0.0
2038-12-01,EC_Earth3P_HR,18.2,24.6,12.9,0.0
2038-12-02,EC_Earth3P_HR,17.0,23.6,11.9,0.0
2038-12-03,EC_Earth3P_HR,17.6,22.5,12.4,0.0
2038-12-04,EC_Earth3P_HR,17.5,24.6,11.8,0.0
2038-12-05,EC_Earth3P_HR,17.3,24.2,12.2,0.0
2038-12-06,EC_Earth3P_HR,17.1,24.6,11.4,0.0
2038-12-07,EC_Earth3P_HR,17.2,24.9,10.9,0.0
2038-12-08,EC_Earth3P_HR,17.0,24.4,10.8,0.0
2038-12-09,EC_Earth3P_HR,16.4,24.1,11.0,0.0
2038-12-10,EC_Earth3P_HR,16.3,23.7,10.7,0.0
2038-12-11,EC_Earth3P_HR,15.1,22.6,8.5,0.0
2038-12-12,EC_Earth3P_HR,13.6,21.8,7.8,0.0
2038-12-13,EC_Earth3P_HR,13.6,21.4,7.2,0.0
2038-12-14,EC_Earth3P_HR,13.7,21.8,7.2,0.0
2038-12-15,EC_Earth3P_HR,14.2,22.1,7.4,0.0
2038-12-16,EC_Earth3P_HR,15.4,22.2,7.6,0.0
2038-12-17,EC_Earth3P_HR,15.0,23.1,7.8,0.0
2038-12-18,EC_Earth3P_HR,16.0,23.7,9.4,0.0
2038-12-19,EC_Earth3P_HR,15.8,23.3,10.7,0.0
2038-12-20,EC_Earth3P_HR,15.1,21.9,10.0,0.0
2038-12-21,EC_Earth3P_HR,16.9,21.3,12.0,0.0
2038-12-22,EC_Earth3P_HR,18.9,20.9,15.4,0.63
2038-12-23,EC_Earth3P_HR,17.2,16.7,16.2,10.77
2038-12-24,EC_Earth3P_HR,17.6,20.7,13.7,5.62
2038-12-25,EC_Earth3P_HR,16.0,21.0,11.9,0.0
2038-12-26,EC_Earth3P_HR,17.0,21.2,11.7,1.07
2038-12-27,EC_Earth3P_HR,15.5,20.1,12.3,4.96
2038-12-28,EC_Earth3P_HR,15.5,21.5,11.2,0.0
2038-12-29,EC_Earth3P_HR,15.3,21.8,9.8,0.0
2038-12-30,EC_Earth3P_HR,15.0,21.6,9.8,0.0
2038-12-31,EC_Earth3P_HR,15.6,21.3,10.6,0.0
2039-01-01,EC_Earth3P_HR,14.1,19.9,9.0,0.0
2039-01-02,EC_Earth3P_HR,13.4,20.4,8.3,0.0
2039-01-03,EC_Earth3P_HR,13.3,20.5,7.7,0.0
2039-01-04,EC_Earth3P_HR,14.0,20.8,8.6,0.0
2039-01-05,EC_Earth3P_HR,14.0,20.7,9.4,0.0
2039-01-06,EC_Earth3P_HR,14.0,20.1,9.0,0.0
2039-01-07,EC_Earth3P_HR,13.0,19.3,8.2,0.0
2039-01-08,EC_Earth3P_HR,12.6,19.8,7.6,0.0
2039-01-09,EC_Earth3P_HR,13.2,20.7,7.1,0.0
2039-01-10,EC_Earth3P_HR,13.6,20.8,7.9,0.0
2039-01-11,EC_Earth3P_HR,14.9,20.7,9.2,0.0
2039-01-12,EC_Earth3P_HR,16.3,22.3,9.9,1.25
2039-01-13,EC_Earth3P_HR,15.5,20.0,11.3,1.59
2039-01-14,EC_Earth3P_HR,15.4,21.6,10.5,0.0
2039-01-15,EC_Earth3P_HR,16.0,21.1,9.6,0.0
2039-01-16,EC_Earth3P_HR,16.4,20.8,12.4,0.11
2039-01-17,EC_Earth3P_HR,13.8,19.1,8.2,0.0
2039-01-18,EC_Earth3P_HR,11.8,18.3,6.9,0.0
2039-01-19,EC_Earth3P_HR,12.3,18.7,6.4,0.0
2039-01-20,EC_Earth3P_HR,12.0,18.9,6.3,0.0
2039-01-21,EC_Earth3P_HR,13.7,19.3,6.4,0.0
2039-01-22,EC_Earth3P_HR,13.9,18.2,7.4,3.28
2039-01-23,EC_Earth3P_HR,15.6,20.7,10.1,0.0
2039-01-24,EC_Earth3P_HR,16.3,22.5,9.8,0.0
2039-01-25,EC_Earth3P_HR,18.0,23.9,12.6,0.0
2039-01-26,EC_Earth3P_HR,18.7,23.2,14.3,0.0
2039-01-27,EC_Earth3P_HR,17.7,22.4,13.5,0.0
2039-01-28,EC_Earth3P_HR,16.1,21.5,11.3,0.0
2039-01-29,EC_Earth3P_HR,14.9,21.4,10.3,0.0
2039-01-30,EC_Earth3P_HR,17.0,22.3,10.2,1.02
2039-01-31,EC_Earth3P_HR,16.2,21.3,10.8,0.0
2039-02-01,EC_Earth3P_HR,15.9,22.0,10.6,0.0
2039-02-02,EC_Earth3P_HR,15.6,22.0,10.1,0.0
2039-02-03,EC_Earth3P_HR,15.0,22.5,9.3,0.0
2039-02-04,EC_Earth3P_HR,15.8,23.0,9.6,0.0
2039-02-05,EC_Earth3P_HR,16.2,24.2,9.3,0.0
2039-02-06,EC_Earth3P_HR,18.1,26.2,10.3,0.0
2039-02-07,EC_Earth3P_HR,19.8,27.4,13.1,0.0
2039-02-08,EC_Earth3P_HR,19.5,25.3,13.9,0.45
2039-02-09,EC_Earth3P_HR,17.5,23.8,9.9,0.0
2039-02-10,EC_Earth3P_HR,12.8,19.4,7.8,0.0
2039-02-11,EC_Earth3P_HR,12.8,19.2,7.2,0.0
2039-02-12,EC_Earth3P_HR,13.4,19.3,7.7,0.0
2039-02-13,EC_Earth3P_HR,12.8,20.6,6.8,0.0
2039-02-14,EC_Earth3P_HR,13.9,22.2,6.3,0.0
2039-02-15,EC_Earth3P_HR,14.8,23.3,8.1,0.0
2039-02-16,EC_Earth3P_HR,17.0,24.2,8.1,0.0
2039-02-17,EC_Earth3P_HR,19.9,27.7,13.3,0.0
2039-02-18,EC_Earth3P_HR,20.8,27.4,15.7,3.61
2039-02-19,EC_Earth3P_HR,20.8,26.9,15.9,0.45
2039-02-20,EC_Earth3P_HR,18.7,23.6,13.4,0.0
2039-02-21,EC_Earth3P_HR,18.0,24.1,13.0,0.0
2039-02-22,EC_Earth3P_HR,19.1,26.9,11.4,0.0
2039-02-23,EC_Earth3P_HR,19.5,28.6,11.0,0.0
2039-02-24,EC_Earth3P_HR,19.1,26.9,11.0,0.0
2039-02-25,EC_Earth3P_HR,15.6,21.4,10.2,0.0
2039-02-26,EC_Earth3P_HR,16.6,23.7,10.8,0.0
2039-02-27,EC_Earth3P_HR,18.4,26.6,10.7,0.0
2039-02-28,EC_Earth3P_HR,19.9,27.6,11.8,0.0
2039-03-01,EC_Earth3P_HR,17.8,23.8,10.8,0.0
2039-03-02,EC_Earth3P_HR,18.8,25.0,9.9,0.0
2039-03-03,EC_Earth3P_HR,20.7,27.7,11.1,0.0
2039-03-04,EC_Earth3P_HR,21.4,30.6,12.1,0.0
2039-03-05,EC_Earth3P_HR,21.3,28.7,14.4,0.0
2039-03-06,EC_Earth3P_HR,20.2,28.4,13.6,0.0
2039-03-07,EC_Earth3P_HR,21.3,29.3,13.1,0.0
2039-03-08,EC_Earth3P_HR,20.6,28.7,13.3,0.0
2039-03-09,EC_Earth3P_HR,19.5,28.1,12.6,0.0
2039-03-10,EC_Earth3P_HR,20.0,28.5,12.1,0.0
2039-03-11,EC_Earth3P_HR,21.3,29.2,13.9,0.0
2039-03-12,EC_Earth3P_HR,21.9,31.0,14.7,0.0
2039-03-13,EC_Earth3P_HR,24.9,32.5,15.2,0.0
2039-03-14,EC_Earth3P_HR,24.8,33.2,14.9,0.0
2039-03-15,EC_Earth3P_HR,25.6,33.5,16.1,0.0
2039-03-16,EC_Earth3P_HR,24.6,33.6,16.3,1.23
2039-03-17,EC_Earth3P_HR,24.9,33.6,17.1,0.51
2039-03-18,EC_Earth3P_HR,25.6,32.4,16.7,0.0
2039-03-19,EC_Earth3P_HR,26.9,33.8,20.5,0.0
2039-03-20,EC_Earth3P_HR,26.5,32.5,21.5,0.1
2039-03-21,EC_Earth3P_HR,26.1,33.7,18.7,0.0
2039-03-22,EC_Earth3P_HR,24.9,32.2,18.1,0.0
2039-03-23,EC_Earth3P_HR,22.8,29.5,16.6,0.0
2039-03-24,EC_Earth3P_HR,23.3,30.9,15.6,0.0
2039-03-25,EC_Earth3P_HR,24.0,33.0,15.0,0.0
2039-03-26,EC_Earth3P_HR,26.2,34.8,16.3,0.0
2039-03-27,EC_Earth3P_HR,26.0,32.8,19.8,0.0
2039-03-28,EC_Earth3P_HR,24.8,32.4,17.0,0.0
2039-03-29,EC_Earth3P_HR,25.2,34.3,16.4,0.0
2039-03-30,EC_Earth3P_HR,26.3,35.5,17.3,0.0
2039-03-31,EC_Earth3P_HR,29.0,37.2,18.6,0.0
2039-04-01,EC_Earth3P_HR,30.6,37.8,22.6,0.0
2039-04-02,EC_Earth3P_HR,29.7,35.7,24.1,0.0
2039-04-03,EC_Earth3P_HR,30.7,37.2,24.5,0.0
2039-04-04,EC_Earth3P_HR,31.7,38.4,25.1,0.0
2039-04-05,EC_Earth3P_HR,31.0,37.4,25.5,0.0
2039-04-06,EC_Earth3P_HR,31.0,38.0,23.1,0.0
2039-04-07,EC_Earth3P_HR,30.6,38.9,22.6,0.0
2039-04-08,EC_Earth3P_HR,31.1,39.6,22.6,0.0
2039-04-09,EC_Earth3P_HR,31.9,40.2,23.2,0.0
2039-04-10,EC_Earth3P_HR,31.9,40.8,24.5,0.0
2039-04-11,EC_Earth3P_HR,31.9,41.3,23.7,0.0
2039-04-12,EC_Earth3P_HR,33.8,41.8,24.0,0.0
2039-04-13,EC_Earth3P_HR,33.8,41.5,24.9,0.0
2039-04-14,EC_Earth3P_HR,33.1,38.2,28.7,0.0
2039-04-15,EC_Earth3P_HR,31.6,37.0,25.8,0.61
2039-04-16,EC_Earth3P_HR,29.8,37.3,24.0,2.53
2039-04-17,EC_Earth3P_HR,30.7,36.6,24.9,0.0
2039-04-18,EC_Earth3P_HR,31.7,38.2,26.1,0.52
2039-04-19,EC_Earth3P_HR,32.0,38.5,26.3,0.0
2039-04-20,EC_Earth3P_HR,32.1,38.5,26.2,0.0
2039-04-21,EC_Earth3P_HR,32.0,39.7,25.9,0.85
2039-04-22,EC_Earth3P_HR,31.3,37.5,25.6,0.34
2039-04-23,EC_Earth3P_HR,31.6,38.3,25.3,0.0
2039-04-24,EC_Earth3P_HR,32.2,39.8,23.3,0.0
2039-04-25,EC_Earth3P_HR,33.2,40.8,23.0,0.0
2039-04-26,EC_Earth3P_HR,31.9,38.9,27.3,0.5
2039-04-27,EC_Earth3P_HR,32.7,38.5,26.9,0.0
2039-04-28,EC_Earth3P_HR,32.3,39.1,25.5,0.0
2039-04-29,EC_Earth3P_HR,31.1,38.0,23.5,0.0
2039-04-30,EC_Earth3P_HR,31.6,39.7,23.2,0.0
2039-05-01,EC_Earth3P_HR,32.8,40.8,23.2,0.0
2039-05-02,EC_Earth3P_HR,32.6,41.1,23.8,0.0
2039-05-03,EC_Earth3P_HR,32.8,40.7,24.0,0.0
2039-05-04,EC_Earth3P_HR,31.6,38.6,25.2,0.0
2039-05-05,EC_Earth3P_HR,32.2,37.7,26.5,0.0
2039-05-06,EC_Earth3P_HR,33.3,38.1,28.0,0.0
2039-05-07,EC_Earth3P_HR,34.7,39.7,29.0,0.0
2039-05-08,EC_Earth3P_HR,34.8,40.6,29.0,0.0
2039-05-09,EC_Earth3P_HR,32.9,41.3,22.5,0.0
2039-05-10,EC_Earth3P_HR,31.8,40.7,21.6,0.0
2039-05-11,EC_Earth3P_HR,32.3,40.2,23.3,0.0
2039-05-12,EC_Earth3P_HR,30.5,37.9,23.1,0.0
2039-05-13,EC_Earth3P_HR,30.9,38.9,22.9,0.0
2039-05-14,EC_Earth3P_HR,32.2,39.0,22.7,0.0
2039-05-15,EC_Earth3P_HR,32.6,40.7,23.3,0.0
2039-05-16,EC_Earth3P_HR,33.3,41.1,26.4,1.52
2039-05-17,EC_Earth3P_HR,34.3,41.2,28.5,0.19
2039-05-18,EC_Earth3P_HR,33.3,40.9,26.6,0.67
2039-05-19,EC_Earth3P_HR,33.8,41.2,26.2,0.0
2039-05-20,EC_Earth3P_HR,33.5,39.7,24.6,0.0
2039-05-21,EC_Earth3P_HR,34.9,42.8,24.5,0.0
2039-05-22,EC_Earth3P_HR,35.3,42.6,28.5,0.0
2039-05-23,EC_Earth3P_HR,36.2,43.3,28.4,0.0
2039-05-24,EC_Earth3P_HR,37.7,44.6,30.0,0.0
2039-05-25,EC_Earth3P_HR,37.5,45.1,29.1,0.0
2039-05-26,EC_Earth3P_HR,36.2,44.7,28.8,0.0
2039-05-27,EC_Earth3P_HR,36.1,44.5,28.4,0.0
2039-05-28,EC_Earth3P_HR,36.3,44.9,28.3,0.0
2039-05-29,EC_Earth3P_HR,36.7,45.2,28.6,0.0
2039-05-30,EC_Earth3P_HR,37.3,45.5,29.0,0.0
2039-05-31,EC_Earth3P_HR,36.9,45.0,29.6,0.0
2039-06-01,EC_Earth3P_HR,37.0,44.4,29.8,0.0
2039-06-02,EC_Earth3P_HR,37.8,44.9,29.8,0.0
2039-06-03,EC_Earth3P_HR,38.9,45.1,31.6,0.0
2039-06-04,EC_Earth3P_HR,38.4,45.3,31.5,0.0
2039-06-05,EC_Earth3P_HR,39.3,45.2,31.6,0.0
2039-06-06,EC_Earth3P_HR,39.4,44.7,33.1,0.0
2039-06-07,EC_Earth3P_HR,37.2,43.5,29.9,4.77
2039-06-08,EC_Earth3P_HR,36.4,43.5,29.9,0.99
2039-06-09,EC_Earth3P_HR,36.5,43.6,30.2,1.99
2039-06-10,EC_Earth3P_HR,35.7,40.8,30.9,1.1
2039-06-11,EC_Earth3P_HR,35.5,41.2,28.7,3.39
2039-06-12,EC_Earth3P_HR,35.3,41.2,28.6,1.5
2039-06-13,EC_Earth3P_HR,33.5,38.1,27.8,4.29
2039-06-14,EC_Earth3P_HR,32.9,36.4,27.8,3.0
2039-06-15,EC_Earth3P_HR,33.2,37.4,29.4,3.7
2039-06-16,EC_Earth3P_HR,34.7,39.3,30.0,1.5
2039-06-17,EC_Earth3P_HR,35.2,39.6,30.7,0.0
2039-06-18,EC_Earth3P_HR,35.9,40.2,30.9,0.0
2039-06-19,EC_Earth3P_HR,37.4,41.3,32.5,0.0
2039-06-20,EC_Earth3P_HR,38.5,43.5,32.3,0.0
2039-06-21,EC_Earth3P_HR,37.1,43.9,30.0,0.0
2039-06-22,EC_Earth3P_HR,33.9,39.5,28.9,0.5
2039-06-23,EC_Earth3P_HR,31.3,35.1,28.8,4.62
2039-06-24,EC_Earth3P_HR,33.3,37.0,29.4,0.5
2039-06-25,EC_Earth3P_HR,34.4,37.6,30.4,0.2
2039-06-26,EC_Earth3P_HR,35.4,38.4,31.8,0.2
2039-06-27,EC_Earth3P_HR,36.3,39.3,32.4,0.2
2039-06-28,EC_Earth3P_HR,36.2,39.9,29.8,0.5
2039-06-29,EC_Earth3P_HR,34.8,38.9,28.6,1.21
2039-06-30,EC_Earth3P_HR,36.8,40.5,32.8,0.0
2039-07-01,EC_Earth3P_HR,35.5,39.9,30.4,0.2
2039-07-02,EC_Earth3P_HR,34.1,38.9,30.2,2.63
2039-07-03,EC_Earth3P_HR,33.5,37.1,29.8,2.12
2039-07-04,EC_Earth3P_HR,34.9,39.0,30.8,0.1
2039-07-05,EC_Earth3P_HR,34.9,38.6,30.8,0.1
2039-07-06,EC_Earth3P_HR,35.3,38.8,31.2,0.1
2039-07-07,EC_Earth3P_HR,34.5,39.9,28.5,5.64
2039-07-08,EC_Earth3P_HR,29.7,31.1,28.3,7.55
2039-07-09,EC_Earth3P_HR,31.0,34.1,28.1,21.03
2039-07-10,EC_Earth3P_HR,29.9,31.6,27.9,21.42
2039-07-11,EC_Earth3P_HR,31.3,34.2,27.9,1.71
2039-07-12,EC_Earth3P_HR,32.3,35.9,29.5,1.41
2039-07-13,EC_Earth3P_HR,32.6,36.0,28.4,4.22
2039-07-14,EC_Earth3P_HR,31.9,35.1,28.3,3.91
2039-07-15,EC_Earth3P_HR,31.3,34.1,28.7,8.52
2039-07-16,EC_Earth3P_HR,30.3,33.2,27.8,28.16
2039-07-17,EC_Earth3P_HR,28.9,30.6,27.3,29.15
2039-07-18,EC_Earth3P_HR,29.0,31.2,27.4,4.8
2039-07-19,EC_Earth3P_HR,29.7,32.1,27.7,9.3
2039-07-20,EC_Earth3P_HR,31.4,34.5,27.6,1.2
2039-07-21,EC_Earth3P_HR,32.0,34.4,29.4,1.5
2039-07-22,EC_Earth3P_HR,31.1,34.2,27.3,6.59
2039-07-23,EC_Earth3P_HR,30.1,33.7,27.3,4.09
2039-07-24,EC_Earth3P_HR,30.3,33.3,27.4,7.08
2039-07-25,EC_Earth3P_HR,30.0,32.8,27.3,8.07
2039-07-26,EC_Earth3P_HR,30.0,32.7,27.4,2.99
2039-07-27,EC_Earth3P_HR,30.5,33.9,27.4,3.78
2039-07-28,EC_Earth3P_HR,29.5,33.0,26.6,9.95
2039-07-29,EC_Earth3P_HR,28.4,31.2,26.7,10.14
2039-07-30,EC_Earth3P_HR,30.8,34.2,27.4,0.89
2039-07-31,EC_Earth3P_HR,31.6,34.6,27.8,5.76
2039-08-01,EC_Earth3P_HR,29.7,32.2,27.4,18.96
2039-08-02,EC_Earth3P_HR,29.1,31.7,27.2,26.49
2039-08-03,EC_Earth3P_HR,29.0,31.7,27.1,13.09
2039-08-04,EC_Earth3P_HR,29.5,32.8,27.0,5.65
2039-08-05,EC_Earth3P_HR,30.0,32.5,27.0,2.87
2039-08-06,EC_Earth3P_HR,30.4,33.4,27.5,8.31
2039-08-07,EC_Earth3P_HR,30.5,33.4,27.6,13.95
2039-08-08,EC_Earth3P_HR,30.6,33.6,27.5,13.64
2039-08-09,EC_Earth3P_HR,29.9,32.5,27.7,10.37
2039-08-10,EC_Earth3P_HR,30.1,32.8,27.6,14.71
2039-08-11,EC_Earth3P_HR,29.6,32.4,27.4,16.77
2039-08-12,EC_Earth3P_HR,29.2,32.0,27.4,11.64
2039-08-13,EC_Earth3P_HR,28.6,30.9,27.2,24.54
2039-08-14,EC_Earth3P_HR,28.1,29.5,26.8,16.94
2039-08-15,EC_Earth3P_HR,28.7,32.6,26.7,13.09
2039-08-16,EC_Earth3P_HR,29.1,32.4,26.5,7.97
2039-08-17,EC_Earth3P_HR,29.6,33.5,26.5,4.23
2039-08-18,EC_Earth3P_HR,30.4,33.5,27.4,1.87
2039-08-19,EC_Earth3P_HR,31.1,34.5,27.9,0.79
2039-08-20,EC_Earth3P_HR,31.1,33.5,28.4,0.79
2039-08-21,EC_Earth3P_HR,30.4,33.5,27.3,1.77
2039-08-22,EC_Earth3P_HR,28.8,32.6,26.5,13.04
2039-08-23,EC_Earth3P_HR,28.6,32.2,26.2,13.62
2039-08-24,EC_Earth3P_HR,28.9,33.2,26.2,7.15
2039-08-25,EC_Earth3P_HR,29.9,32.5,26.7,13.6
2039-08-26,EC_Earth3P_HR,30.7,33.3,27.4,10.27
2039-08-27,EC_Earth3P_HR,31.5,34.1,28.2,1.76
2039-08-28,EC_Earth3P_HR,31.0,34.1,28.3,0.68
2039-08-29,EC_Earth3P_HR,31.1,34.1,28.3,0.78
2039-08-30,EC_Earth3P_HR,30.9,34.3,27.2,15.52
2039-08-31,EC_Earth3P_HR,29.4,32.6,27.0,7.61
2039-09-01,EC_Earth3P_HR,29.0,31.0,26.7,8.29
2039-09-02,EC_Earth3P_HR,29.0,31.1,26.7,9.84
2039-09-03,EC_Earth3P_HR,29.2,32.1,26.7,7.49
2039-09-04,EC_Earth3P_HR,30.6,33.4,27.4,2.43
2039-09-05,EC_Earth3P_HR,30.0,32.8,27.6,1.75
2039-09-06,EC_Earth3P_HR,30.3,33.7,27.5,1.07
2039-09-07,EC_Earth3P_HR,30.1,32.9,26.3,13.25
2039-09-08,EC_Earth3P_HR,28.9,31.6,26.1,29.93
2039-09-09,EC_Earth3P_HR,28.7,32.2,26.1,12.92
2039-09-10,EC_Earth3P_HR,28.6,31.6,26.6,7.7
2039-09-11,EC_Earth3P_HR,28.9,32.1,26.6,5.76
2039-09-12,EC_Earth3P_HR,28.7,32.1,26.5,6.42
2039-09-13,EC_Earth3P_HR,28.9,32.4,26.5,2.97
2039-09-14,EC_Earth3P_HR,29.0,32.2,26.6,7.16
2039-09-15,EC_Earth3P_HR,29.0,32.4,26.5,30.7
2039-09-16,EC_Earth3P_HR,28.5,31.3,26.5,8.75
2039-09-17,EC_Earth3P_HR,28.7,31.5,26.8,10.16
2039-09-18,EC_Earth3P_HR,28.7,32.0,26.3,8.62
2039-09-19,EC_Earth3P_HR,27.9,30.7,25.5,16.07
2039-09-20,EC_Earth3P_HR,27.4,30.4,25.5,29.7
2039-09-21,EC_Earth3P_HR,26.8,28.8,25.6,10.16
2039-09-22,EC_Earth3P_HR,27.4,30.3,25.4,14.45
2039-09-23,EC_Earth3P_HR,27.5,31.1,25.1,12.26
2039-09-24,EC_Earth3P_HR,27.4,29.7,25.2,11.11
2039-09-25,EC_Earth3P_HR,26.6,28.7,25.3,15.36
2039-09-26,EC_Earth3P_HR,26.1,27.8,25.0,17.73
2039-09-27,EC_Earth3P_HR,25.7,26.7,24.5,16.28
2039-09-28,EC_Earth3P_HR,26.7,29.6,24.4,6.27
2039-09-29,EC_Earth3P_HR,27.9,31.3,25.2,4.5
2039-09-30,EC_Earth3P_HR,28.6,32.3,25.4,3.66
2039-10-01,EC_Earth3P_HR,28.5,32.0,25.7,4.11
2039-10-02,EC_Earth3P_HR,28.4,31.9,25.9,2.46
2039-10-03,EC_Earth3P_HR,27.8,31.5,25.4,2.9
2039-10-04,EC_Earth3P_HR,27.8,31.2,25.4,1.08
2039-10-05,EC_Earth3P_HR,28.3,31.6,26.4,3.32
2039-10-06,EC_Earth3P_HR,28.6,32.0,26.4,3.85
2039-10-07,EC_Earth3P_HR,28.3,31.7,25.2,5.7
2039-10-08,EC_Earth3P_HR,27.3,31.0,25.1,9.48
2039-10-09,EC_Earth3P_HR,26.6,28.7,24.9,6.52
2039-10-10,EC_Earth3P_HR,27.3,31.1,24.1,0.96
2039-10-11,EC_Earth3P_HR,27.5,32.0,22.6,0.09
2039-10-12,EC_Earth3P_HR,26.9,31.7,22.6,0.09
2039-10-13,EC_Earth3P_HR,27.4,31.6,23.1,0.6
2039-10-14,EC_Earth3P_HR,28.1,32.0,24.1,0.34
2039-10-15,EC_Earth3P_HR,27.4,31.2,24.3,4.67
2039-10-16,EC_Earth3P_HR,27.6,31.6,24.1,0.08
2039-10-17,EC_Earth3P_HR,27.1,31.8,21.9,0.0
2039-10-18,EC_Earth3P_HR,25.7,30.9,20.2,0.0
2039-10-19,EC_Earth3P_HR,24.8,29.8,19.9,0.0
2039-10-20,EC_Earth3P_HR,24.8,29.9,20.2,0.0
2039-10-21,EC_Earth3P_HR,25.0,29.5,19.6,0.0
2039-10-22,EC_Earth3P_HR,25.8,30.2,21.3,1.03
2039-10-23,EC_Earth3P_HR,26.1,31.0,22.3,0.08
2039-10-24,EC_Earth3P_HR,25.9,31.0,20.9,0.0
2039-10-25,EC_Earth3P_HR,25.6,31.0,20.7,0.0
2039-10-26,EC_Earth3P_HR,24.5,30.7,18.8,0.0
2039-10-27,EC_Earth3P_HR,24.7,30.1,18.3,0.0
2039-10-28,EC_Earth3P_HR,25.0,29.8,20.8,0.0
2039-10-29,EC_Earth3P_HR,24.8,30.3,19.8,0.0
2039-10-30,EC_Earth3P_HR,24.7,30.1,19.7,0.0
2039-10-31,EC_Earth3P_HR,25.1,29.3,20.9,0.0
2039-11-01,EC_Earth3P_HR,24.7,29.1,19.7,0.26
2039-11-02,EC_Earth3P_HR,24.6,29.9,19.6,0.0
2039-11-03,EC_Earth3P_HR,26.2,30.2,20.0,0.0
2039-11-04,EC_Earth3P_HR,25.0,29.9,20.8,0.0
2039-11-05,EC_Earth3P_HR,24.1,29.7,18.6,0.0
2039-11-06,EC_Earth3P_HR,23.4,29.6,18.4,0.0
2039-11-07,EC_Earth3P_HR,23.2,29.3,18.1,0.0
2039-11-08,EC_Earth3P_HR,22.8,29.0,17.6,0.0
2039-11-09,EC_Earth3P_HR,23.2,28.8,17.4,0.0
2039-11-10,EC_Earth3P_HR,22.9,28.2,17.4,0.0
2039-11-11,EC_Earth3P_HR,23.0,28.4,17.2,0.0
2039-11-12,EC_Earth3P_HR,23.3,28.5,17.6,0.0
2039-11-13,EC_Earth3P_HR,23.4,28.8,17.6,0.0
2039-11-14,EC_Earth3P_HR,23.6,29.2,18.3,0.0
2039-11-15,EC_Earth3P_HR,23.8,29.1,18.1,0.0
2039-11-16,EC_Earth3P_HR,24.7,28.7,18.8,0.0
2039-11-17,EC_Earth3P_HR,23.7,28.6,18.4,0.0
2039-11-18,EC_Earth3P_HR,24.0,28.3,18.1,0.0
2039-11-19,EC_Earth3P_HR,23.0,28.5,17.8,0.0
2039-11-20,EC_Earth3P_HR,23.4,28.4,17.5,0.0
2039-11-21,EC_Earth3P_HR,23.1,28.1,18.5,0.0
2039-11-22,EC_Earth3P_HR,23.3,27.8,18.0,0.0
2039-11-23,EC_Earth3P_HR,22.5,27.4,16.9,0.28
2039-11-24,EC_Earth3P_HR,21.6,27.9,16.6,0.0
2039-11-25,EC_Earth3P_HR,21.3,27.4,15.6,0.0
2039-11-26,EC_Earth3P_HR,20.6,26.8,15.4,0.0
2039-11-27,EC_Earth3P_HR,20.5,26.5,15.6,0.0
2039-11-28,EC_Earth3P_HR,20.3,26.7,14.0,0.0
2039-11-29,EC_Earth3P_HR,17.4,24.8,11.2,0.0
2039-11-30,EC_Earth3P_HR,17.0,24.5,10.5,0.0
2039-12-01,EC_Earth3P_HR,17.4,24.4,10.1,0.0
2039-12-02,EC_Earth3P_HR,18.3,24.8,10.6,0.0
2039-12-03,EC_Earth3P_HR,18.6,25.5,11.8,0.0
2039-12-04,EC_Earth3P_HR,18.8,26.2,13.0,0.0
2039-12-05,EC_Earth3P_HR,19.0,25.9,13.4,0.0
2039-12-06,EC_Earth3P_HR,18.1,26.3,11.7,0.0
2039-12-07,EC_Earth3P_HR,16.9,25.4,10.4,0.0
2039-12-08,EC_Earth3P_HR,16.2,24.8,9.9,0.0
2039-12-09,EC_Earth3P_HR,17.3,25.0,9.5,0.0
2039-12-10,EC_Earth3P_HR,17.5,25.4,10.5,0.0
2039-12-11,EC_Earth3P_HR,17.9,25.0,11.5,0.0
2039-12-12,EC_Earth3P_HR,17.0,24.3,10.9,0.0
2039-12-13,EC_Earth3P_HR,16.6,24.2,10.5,0.0
2039-12-14,EC_Earth3P_HR,16.6,24.2,10.0,0.0
2039-12-15,EC_Earth3P_HR,16.9,24.4,10.2,0.0
2039-12-16,EC_Earth3P_HR,17.7,24.0,9.8,0.0
2039-12-17,EC_Earth3P_HR,18.0,23.8,11.0,0.0
2039-12-18,EC_Earth3P_HR,16.8,23.9,11.3,0.0
2039-12-19,EC_Earth3P_HR,17.4,24.4,10.7,0.0
2039-12-20,EC_Earth3P_HR,17.5,24.6,11.2,0.0
2039-12-21,EC_Earth3P_HR,17.2,23.9,11.9,0.0
2039-12-22,EC_Earth3P_HR,16.1,23.3,11.2,0.0
2039-12-23,EC_Earth3P_HR,15.6,22.9,10.3,0.0
2039-12-24,EC_Earth3P_HR,15.4,22.5,9.5,0.0
2039-12-25,EC_Earth3P_HR,13.8,21.5,8.3,0.0
2039-12-26,EC_Earth3P_HR,14.9,22.7,7.9,0.0
2039-12-27,EC_Earth3P_HR,17.2,24.9,10.4,0.0
2039-12-28,EC_Earth3P_HR,16.8,25.1,10.3,0.0
2039-12-29,EC_Earth3P_HR,15.2,23.3,8.8,0.0
2039-12-30,EC_Earth3P_HR,17.1,22.8,8.9,0.0
2039-12-31,EC_Earth3P_HR,16.8,23.0,8.9,0.0
2040-01-01,EC_Earth3P_HR,15.9,23.2,9.3,0.0
2040-01-02,EC_Earth3P_HR,18.6,24.8,12.2,0.0
2040-01-03,EC_Earth3P_HR,17.9,24.2,12.1,0.0
2040-01-04,EC_Earth3P_HR,15.9,23.6,10.6,0.0
2040-01-05,EC_Earth3P_HR,17.4,25.0,10.3,0.0
2040-01-06,EC_Earth3P_HR,16.5,24.2,10.6,0.0
2040-01-07,EC_Earth3P_HR,15.0,22.4,9.6,0.0
2040-01-08,EC_Earth3P_HR,15.3,22.4,9.1,0.0
2040-01-09,EC_Earth3P_HR,14.1,21.8,9.4,0.0
2040-01-10,EC_Earth3P_HR,14.6,21.9,8.0,0.0
2040-01-11,EC_Earth3P_HR,14.8,22.3,8.5,0.0
2040-01-12,EC_Earth3P_HR,14.8,22.4,8.3,0.0
2040-01-13,EC_Earth3P_HR,15.2,23.0,8.9,0.0
2040-01-14,EC_Earth3P_HR,15.6,23.7,9.8,0.0
2040-01-15,EC_Earth3P_HR,16.8,23.6,9.3,0.0
2040-01-16,EC_Earth3P_HR,18.6,24.4,10.4,0.0
2040-01-17,EC_Earth3P_HR,19.4,25.1,12.2,0.0
2040-01-18,EC_Earth3P_HR,18.2,25.8,11.6,0.0
2040-01-19,EC_Earth3P_HR,20.2,26.5,11.8,0.0
2040-01-20,EC_Earth3P_HR,20.4,27.6,13.7,0.0
2040-01-21,EC_Earth3P_HR,16.0,21.5,10.2,0.0
2040-01-22,EC_Earth3P_HR,14.8,21.1,9.8,0.0
2040-01-23,EC_Earth3P_HR,15.7,21.2,8.8,0.0
2040-01-24,EC_Earth3P_HR,15.6,23.2,9.4,0.0
2040-01-25,EC_Earth3P_HR,15.6,24.4,8.9,0.0
2040-01-26,EC_Earth3P_HR,15.8,25.0,8.3,0.0
2040-01-27,EC_Earth3P_HR,16.6,25.3,8.9,0.0
2040-01-28,EC_Earth3P_HR,17.7,25.9,11.0,0.0
2040-01-29,EC_Earth3P_HR,17.0,25.3,10.6,0.0
2040-01-30,EC_Earth3P_HR,17.8,26.0,9.8,0.0
2040-01-31,EC_Earth3P_HR,19.5,26.8,13.5,0.0
2040-02-01,EC_Earth3P_HR,19.3,26.9,13.1,0.0
2040-02-02,EC_Earth3P_HR,20.0,28.3,13.3,0.0
2040-02-03,EC_Earth3P_HR,17.6,24.7,11.6,0.0
2040-02-04,EC_Earth3P_HR,16.2,23.1,10.8,0.0
2040-02-05,EC_Earth3P_HR,15.8,22.6,10.1,0.0
2040-02-06,EC_Earth3P_HR,15.8,23.2,9.5,0.0
2040-02-07,EC_Earth3P_HR,16.2,23.6,8.6,0.0
2040-02-08,EC_Earth3P_HR,18.7,24.6,11.8,0.0
2040-02-09,EC_Earth3P_HR,19.8,26.3,10.5,2.94
2040-02-10,EC_Earth3P_HR,18.1,21.4,15.1,3.16
2040-02-11,EC_Earth3P_HR,19.2,25.1,14.1,0.0
2040-02-12,EC_Earth3P_HR,17.7,23.6,12.0,0.0
2040-02-13,EC_Earth3P_HR,16.6,23.9,11.2,0.0
2040-02-14,EC_Earth3P_HR,18.5,25.3,10.7,0.0
2040-02-15,EC_Earth3P_HR,19.4,26.5,13.2,0.0
2040-02-16,EC_Earth3P_HR,20.5,27.4,14.3,0.0
2040-02-17,EC_Earth3P_HR,18.9,25.5,13.0,0.0
2040-02-18,EC_Earth3P_HR,19.1,26.2,12.1,0.0
2040-02-19,EC_Earth3P_HR,20.9,27.4,14.8,0.0
2040-02-20,EC_Earth3P_HR,21.6,28.2,16.3,0.0
2040-02-21,EC_Earth3P_HR,21.1,28.0,15.6,0.0
2040-02-22,EC_Earth3P_HR,21.9,31.0,14.8,0.0
2040-02-23,EC_Earth3P_HR,23.4,31.8,14.9,0.0
2040-02-24,EC_Earth3P_HR,24.2,32.8,18.7,0.0
2040-02-25,EC_Earth3P_HR,25.2,32.6,18.5,0.0
2040-02-26,EC_Earth3P_HR,22.6,29.7,16.4,0.0
2040-02-27,EC_Earth3P_HR,21.0,28.0,15.0,0.0
2040-02-28,EC_Earth3P_HR,21.3,28.4,14.6,0.0
2040-02-29,EC_Earth3P_HR,23.9,30.7,16.6,0.0
2040-03-01,EC_Earth3P_HR,23.2,29.3,16.7,0.0
2040-03-02,EC_Earth3P_HR,20.2,27.5,13.2,0.0
2040-03-03,EC_Earth3P_HR,19.2,27.1,12.6,0.0
2040-03-04,EC_Earth3P_HR,20.3,28.7,12.3,0.0
2040-03-05,EC_Earth3P_HR,21.0,28.8,14.1,0.0
2040-03-06,EC_Earth3P_HR,22.2,30.1,14.5,0.0
2040-03-07,EC_Earth3P_HR,23.8,31.9,16.4,0.0
2040-03-08,EC_Earth3P_HR,25.2,31.7,17.6,0.0
2040-03-09,EC_Earth3P_HR,23.0,28.5,18.8,0.21
2040-03-10,EC_Earth3P_HR,22.8,28.6,16.8,0.0
2040-03-11,EC_Earth3P_HR,23.8,31.5,16.1,0.0
2040-03-12,EC_Earth3P_HR,25.2,34.3,15.6,0.0
2040-03-13,EC_Earth3P_HR,27.2,34.8,18.5,0.0
2040-03-14,EC_Earth3P_HR,27.6,35.2,20.9,0.0
2040-03-15,EC_Earth3P_HR,29.3,35.3,20.6,0.0
2040-03-16,EC_Earth3P_HR,26.8,34.4,20.3,0.31
2040-03-17,EC_Earth3P_HR,23.3,32.4,16.4,9.52
2040-03-18,EC_Earth3P_HR,21.9,28.0,16.0,0.0
2040-03-19,EC_Earth3P_HR,22.7,28.6,16.5,0.0
2040-03-20,EC_Earth3P_HR,22.8,29.5,16.1,0.0
2040-03-21,EC_Earth3P_HR,23.8,30.9,16.3,0.0
2040-03-22,EC_Earth3P_HR,24.9,32.8,16.8,0.0
2040-03-23,EC_Earth3P_HR,27.3,35.0,20.4,0.0
2040-03-24,EC_Earth3P_HR,29.5,35.0,23.6,0.0
2040-03-25,EC_Earth3P_HR,26.3,31.0,21.3,0.0
2040-03-26,EC_Earth3P_HR,27.3,33.6,20.5,0.0
2040-03-27,EC_Earth3P_HR,27.1,33.6,20.8,0.0
2040-03-28,EC_Earth3P_HR,27.6,33.7,20.3,0.0
2040-03-29,EC_Earth3P_HR,28.2,34.0,22.7,0.0
2040-03-30,EC_Earth3P_HR,28.8,34.9,22.3,0.0
2040-03-31,EC_Earth3P_HR,29.4,36.1,23.4,0.0
2040-04-01,EC_Earth3P_HR,29.4,35.9,22.7,0.0
2040-04-02,EC_Earth3P_HR,28.7,35.6,21.9,0.0
2040-04-03,EC_Earth3P_HR,28.7,36.2,21.7,0.0
2040-04-04,EC_Earth3P_HR,30.3,38.5,21.2,0.0
2040-04-05,EC_Earth3P_HR,31.7,40.2,22.9,0.0
2040-04-06,EC_Earth3P_HR,32.4,40.5,23.2,0.0
2040-04-07,EC_Earth3P_HR,31.6,38.6,25.6,0.0
2040-04-08,EC_Earth3P_HR,31.3,38.9,23.8,0.0
2040-04-09,EC_Earth3P_HR,31.5,40.0,23.4,0.0
2040-04-10,EC_Earth3P_HR,32.8,40.7,24.1,0.0
2040-04-11,EC_Earth3P_HR,33.0,41.1,24.7,0.0
2040-04-12,EC_Earth3P_HR,34.1,42.0,24.3,0.0
2040-04-13,EC_Earth3P_HR,34.6,42.4,26.1,0.0
2040-04-14,EC_Earth3P_HR,34.3,42.2,26.3,0.0
2040-04-15,EC_Earth3P_HR,34.4,42.4,26.2,0.0
2040-04-16,EC_Earth3P_HR,34.6,42.6,25.8,0.0
2040-04-17,EC_Earth3P_HR,35.7,43.2,26.3,0.0
2040-04-18,EC_Earth3P_HR,36.2,41.5,30.0,0.0
2040-04-19,EC_Earth3P_HR,36.3,41.9,30.6,0.0
2040-04-20,EC_Earth3P_HR,35.7,41.8,29.4,0.0
2040-04-21,EC_Earth3P_HR,35.3,42.4,29.1,0.0
2040-04-22,EC_Earth3P_HR,34.5,41.4,26.3,0.0
2040-04-23,EC_Earth3P_HR,33.2,41.5,25.9,0.0
2040-04-24,EC_Earth3P_HR,33.8,42.5,26.1,0.0
2040-04-25,EC_Earth3P_HR,32.9,41.1,24.1,0.0
2040-04-26,EC_Earth3P_HR,31.5,38.5,23.8,0.0
2040-04-27,EC_Earth3P_HR,32.4,41.0,23.4,0.0
2040-04-28,EC_Earth3P_HR,32.7,42.4,23.3,0.0
2040-04-29,EC_Earth3P_HR,34.2,43.4,23.8,0.0
2040-04-30,EC_Earth3P_HR,34.8,40.7,28.5,0.0
2040-05-01,EC_Earth3P_HR,34.7,40.4,29.8,0.0
2040-05-02,EC_Earth3P_HR,35.5,42.8,28.0,0.0
2040-05-03,EC_Earth3P_HR,33.8,42.0,23.4,0.0
2040-05-04,EC_Earth3P_HR,33.3,41.6,23.2,0.0
2040-05-05,EC_Earth3P_HR,34.2,42.0,26.0,0.0
2040-05-06,EC_Earth3P_HR,34.9,43.9,25.7,0.0
2040-05-07,EC_Earth3P_HR,35.3,43.8,27.0,0.0
2040-05-08,EC_Earth3P_HR,37.1,44.2,27.0,0.0
2040-05-09,EC_Earth3P_HR,35.8,40.8,30.5,0.0
2040-05-10,EC_Earth3P_HR,35.9,42.2,29.3,0.0
2040-05-11,EC_Earth3P_HR,36.6,43.8,29.1,0.0
2040-05-12,EC_Earth3P_HR,36.5,43.9,28.0,0.0
2040-05-13,EC_Earth3P_HR,36.4,44.2,27.7,0.0
2040-05-14,EC_Earth3P_HR,36.6,44.5,28.4,0.0
2040-05-15,EC_Earth3P_HR,37.2,42.8,28.4,0.0
2040-05-16,EC_Earth3P_HR,36.9,43.2,30.7,0.0
2040-05-17,EC_Earth3P_HR,37.4,44.8,28.8,0.0
2040-05-18,EC_Earth3P_HR,37.0,45.3,28.0,0.0
2040-05-19,EC_Earth3P_HR,37.0,45.2,27.6,0.0
2040-05-20,EC_Earth3P_HR,37.2,44.7,29.6,0.0
2040-05-21,EC_Earth3P_HR,37.0,43.0,31.7,1.35
2040-05-22,EC_Earth3P_HR,35.9,41.6,31.8,3.29
2040-05-23,EC_Earth3P_HR,36.0,40.8,31.8,0.39
2040-05-24,EC_Earth3P_HR,35.7,41.3,31.8,1.46
2040-05-25,EC_Earth3P_HR,35.7,40.9,29.7,2.15
2040-05-26,EC_Earth3P_HR,33.7,39.8,28.5,3.52
2040-05-27,EC_Earth3P_HR,31.9,37.7,25.1,19.68
2040-05-28,EC_Earth3P_HR,30.0,34.7,25.0,1.08
2040-05-29,EC_Earth3P_HR,31.8,36.4,26.5,0.0
2040-05-30,EC_Earth3P_HR,32.9,37.8,27.8,0.0
2040-05-31,EC_Earth3P_HR,33.2,38.5,26.9,0.0
2040-06-01,EC_Earth3P_HR,34.1,41.0,26.1,0.0
2040-06-02,EC_Earth3P_HR,34.8,42.2,26.2,0.0
2040-06-03,EC_Earth3P_HR,35.1,42.5,26.9,0.0
2040-06-04,EC_Earth3P_HR,35.7,42.9,28.0,0.0
2040-06-05,EC_Earth3P_HR,36.1,43.9,28.0,0.0
2040-06-06,EC_Earth3P_HR,36.4,44.2,28.7,0.0
2040-06-07,EC_Earth3P_HR,36.7,44.7,29.1,0.0
2040-06-08,EC_Earth3P_HR,37.3,45.6,29.5,0.0
2040-06-09,EC_Earth3P_HR,37.4,45.5,29.4,0.0
2040-06-10,EC_Earth3P_HR,37.9,45.8,29.6,0.0
2040-06-11,EC_Earth3P_HR,38.3,45.7,30.0,0.0
2040-06-12,EC_Earth3P_HR,39.5,45.9,30.4,0.0
2040-06-13,EC_Earth3P_HR,41.1,46.2,33.8,0.0
2040-06-14,EC_Earth3P_HR,41.1,46.1,34.6,0.1
2040-06-15,EC_Earth3P_HR,40.2,45.1,34.1,0.0
2040-06-16,EC_Earth3P_HR,38.3,44.8,32.1,2.0
2040-06-17,EC_Earth3P_HR,36.9,43.6,32.1,1.4
2040-06-18,EC_Earth3P_HR,36.9,43.4,31.7,1.6
2040-06-19,EC_Earth3P_HR,36.5,40.7,31.6,2.31
2040-06-20,EC_Earth3P_HR,36.5,41.8,30.1,0.1
2040-06-21,EC_Earth3P_HR,33.7,39.0,29.6,0.7
2040-06-22,EC_Earth3P_HR,33.2,37.5,29.5,0.8
2040-06-23,EC_Earth3P_HR,34.2,37.8,30.2,0.0
2040-06-24,EC_Earth3P_HR,34.6,38.1,30.6,0.2
2040-06-25,EC_Earth3P_HR,33.8,38.7,27.9,5.03
2040-06-26,EC_Earth3P_HR,32.0,36.3,27.6,12.99
2040-06-27,EC_Earth3P_HR,31.1,35.2,27.4,25.29
2040-06-28,EC_Earth3P_HR,30.4,33.1,27.4,13.31
2040-06-29,EC_Earth3P_HR,32.5,35.6,27.8,3.63
2040-06-30,EC_Earth3P_HR,33.6,37.6,28.9,1.72
2040-07-01,EC_Earth3P_HR,32.7,38.1,27.3,3.94
2040-07-02,EC_Earth3P_HR,30.6,33.3,27.3,1.21
2040-07-03,EC_Earth3P_HR,30.0,34.1,27.3,5.86
2040-07-04,EC_Earth3P_HR,30.0,33.0,27.5,8.48
2040-07-05,EC_Earth3P_HR,30.9,34.1,28.1,3.43
2040-07-06,EC_Earth3P_HR,31.4,33.8,28.0,11.19
2040-07-07,EC_Earth3P_HR,29.8,31.9,27.1,10.88
2040-07-08,EC_Earth3P_HR,29.8,33.1,27.0,11.27
2040-07-09,EC_Earth3P_HR,29.1,32.7,26.9,19.11
2040-07-10,EC_Earth3P_HR,29.8,32.6,26.9,10.46
2040-07-11,EC_Earth3P_HR,30.0,32.8,27.0,2.21
2040-07-12,EC_Earth3P_HR,31.0,34.2,28.2,3.41
2040-07-13,EC_Earth3P_HR,31.2,33.6,28.2,4.42
2040-07-14,EC_Earth3P_HR,30.6,33.1,27.6,5.01
2040-07-15,EC_Earth3P_HR,31.6,35.3,27.5,1.5
2040-07-16,EC_Earth3P_HR,31.0,34.0,27.4,9.12
2040-07-17,EC_Earth3P_HR,30.6,33.4,27.3,8.81
2040-07-18,EC_Earth3P_HR,30.7,33.7,27.3,3.6
2040-07-19,EC_Earth3P_HR,31.0,33.6,27.6,22.0
2040-07-20,EC_Earth3P_HR,30.2,33.1,27.6,5.9
2040-07-21,EC_Earth3P_HR,30.8,33.8,27.5,8.99
2040-07-22,EC_Earth3P_HR,30.3,33.4,27.6,5.59
2040-07-23,EC_Earth3P_HR,29.8,33.0,27.5,14.16
2040-07-24,EC_Earth3P_HR,30.2,32.1,27.5,14.46
2040-07-25,EC_Earth3P_HR,31.1,33.8,28.0,3.69
2040-07-26,EC_Earth3P_HR,31.2,34.5,28.8,1.29
2040-07-27,EC_Earth3P_HR,31.0,34.3,28.0,1.69
2040-07-28,EC_Earth3P_HR,30.2,32.9,27.2,0.2
2040-07-29,EC_Earth3P_HR,30.2,32.7,27.1,0.6
2040-07-30,EC_Earth3P_HR,30.5,33.8,27.4,2.58
2040-07-31,EC_Earth3P_HR,30.2,33.2,27.5,6.55
2040-08-01,EC_Earth3P_HR,29.5,33.3,26.9,7.24
2040-08-02,EC_Earth3P_HR,29.1,31.6,26.7,4.66
2040-08-03,EC_Earth3P_HR,29.6,33.2,26.8,7.83
2040-08-04,EC_Earth3P_HR,28.6,32.0,26.8,11.09
2040-08-05,EC_Earth3P_HR,29.1,32.4,26.8,7.52
2040-08-06,EC_Earth3P_HR,29.7,32.0,27.1,9.79
2040-08-07,EC_Earth3P_HR,30.9,33.8,27.5,2.08
2040-08-08,EC_Earth3P_HR,32.2,34.9,29.0,0.2
2040-08-09,EC_Earth3P_HR,31.7,34.6,28.7,0.39
2040-08-10,EC_Earth3P_HR,31.3,34.5,28.1,3.16
2040-08-11,EC_Earth3P_HR,30.9,34.0,28.0,7.79
2040-08-12,EC_Earth3P_HR,30.0,33.0,27.7,5.22
2040-08-13,EC_Earth3P_HR,29.2,31.7,27.5,8.96
2040-08-14,EC_Earth3P_HR,28.6,30.6,27.1,14.18
2040-08-15,EC_Earth3P_HR,28.1,31.2,27.0,35.82
2040-08-16,EC_Earth3P_HR,27.0,27.3,26.2,95.88
2040-08-17,EC_Earth3P_HR,27.9,30.9,26.2,6.0
2040-08-18,EC_Earth3P_HR,28.6,31.4,26.3,6.97
2040-08-19,EC_Earth3P_HR,28.6,32.2,26.0,4.71
2040-08-20,EC_Earth3P_HR,27.8,30.9,26.0,5.59
2040-08-21,EC_Earth3P_HR,29.5,32.5,26.2,1.08
2040-08-22,EC_Earth3P_HR,29.6,33.1,26.1,2.16
2040-08-23,EC_Earth3P_HR,29.5,34.0,26.5,3.53
2040-08-24,EC_Earth3P_HR,30.0,33.2,27.0,1.86
2040-08-25,EC_Earth3P_HR,28.6,32.6,26.4,2.93
2040-08-26,EC_Earth3P_HR,29.2,32.3,26.2,19.65
2040-08-27,EC_Earth3P_HR,29.4,33.2,26.2,7.62
2040-08-28,EC_Earth3P_HR,28.9,32.7,26.5,6.45
2040-08-29,EC_Earth3P_HR,28.3,32.3,25.7,5.66
2040-08-30,EC_Earth3P_HR,28.2,31.1,25.4,2.05
2040-08-31,EC_Earth3P_HR,27.8,30.9,25.4,3.12
2040-09-01,EC_Earth3P_HR,28.2,32.5,25.6,3.41
2040-09-02,EC_Earth3P_HR,28.5,32.4,26.0,7.49
2040-09-03,EC_Earth3P_HR,27.8,31.1,25.9,15.16
2040-09-04,EC_Earth3P_HR,28.4,32.1,26.2,13.1
2040-09-05,EC_Earth3P_HR,28.7,32.6,26.8,12.3
2040-09-06,EC_Earth3P_HR,29.7,32.7,26.7,1.16
2040-09-07,EC_Earth3P_HR,29.4,32.8,26.9,1.55
2040-09-08,EC_Earth3P_HR,29.0,32.1,26.3,8.49
2040-09-09,EC_Earth3P_HR,29.2,32.2,26.1,5.39
2040-09-10,EC_Earth3P_HR,30.1,33.6,27.1,1.06
2040-09-11,EC_Earth3P_HR,30.3,33.9,26.9,2.88
2040-09-12,EC_Earth3P_HR,29.7,32.5,27.1,0.96
2040-09-13,EC_Earth3P_HR,29.9,33.2,27.1,1.05
2040-09-14,EC_Earth3P_HR,29.9,33.0,26.9,1.14
2040-09-15,EC_Earth3P_HR,29.6,33.2,26.8,3.05
2040-09-16,EC_Earth3P_HR,29.2,32.6,26.2,9.5
2040-09-17,EC_Earth3P_HR,29.1,32.1,26.2,8.34
2040-09-18,EC_Earth3P_HR,29.0,31.9,26.4,2.18
2040-09-19,EC_Earth3P_HR,29.3,32.8,26.5,6.42
2040-09-20,EC_Earth3P_HR,28.3,31.4,25.9,5.08
2040-09-21,EC_Earth3P_HR,28.7,32.2,25.9,1.78
2040-09-22,EC_Earth3P_HR,29.7,33.2,26.4,4.31
2040-09-23,EC_Earth3P_HR,28.6,32.0,26.1,2.05
2040-09-24,EC_Earth3P_HR,29.5,33.3,26.2,1.3
2040-09-25,EC_Earth3P_HR,29.2,32.1,26.5,1.95
2040-09-26,EC_Earth3P_HR,29.6,32.8,26.6,2.31
2040-09-27,EC_Earth3P_HR,29.4,32.2,26.1,7.85
2040-09-28,EC_Earth3P_HR,29.0,32.1,26.0,3.22
2040-09-29,EC_Earth3P_HR,28.8,32.0,25.8,2.2
2040-09-30,EC_Earth3P_HR,28.9,32.7,25.2,2.38
2040-10-01,EC_Earth3P_HR,28.5,32.4,25.1,1.18
2040-10-02,EC_Earth3P_HR,28.4,32.6,23.9,1.54
2040-10-03,EC_Earth3P_HR,28.3,32.1,25.0,1.72
2040-10-04,EC_Earth3P_HR,27.1,32.3,24.9,11.51
2040-10-05,EC_Earth3P_HR,25.7,26.6,24.9,15.67
2040-10-06,EC_Earth3P_HR,27.1,30.7,25.0,17.74
2040-10-07,EC_Earth3P_HR,26.9,29.8,25.4,26.26
2040-10-08,EC_Earth3P_HR,27.1,30.4,24.9,4.59
2040-10-09,EC_Earth3P_HR,28.2,32.1,24.8,0.79
2040-10-10,EC_Earth3P_HR,29.0,32.9,25.1,1.05
2040-10-11,EC_Earth3P_HR,27.9,31.1,24.6,0.87
2040-10-12,EC_Earth3P_HR,28.2,31.9,24.5,0.86
2040-10-13,EC_Earth3P_HR,28.8,33.0,24.7,0.86
2040-10-14,EC_Earth3P_HR,29.0,33.6,24.5,0.17
2040-10-15,EC_Earth3P_HR,29.0,34.2,24.3,0.0
2040-10-16,EC_Earth3P_HR,29.2,34.0,24.4,0.0
2040-10-17,EC_Earth3P_HR,28.2,33.7,23.6,1.0
2040-10-18,EC_Earth3P_HR,27.3,31.9,23.4,0.49
2040-10-19,EC_Earth3P_HR,26.7,30.8,23.2,0.65
2040-10-20,EC_Earth3P_HR,25.7,30.4,22.6,3.38
2040-10-21,EC_Earth3P_HR,23.3,25.3,21.7,8.36
2040-10-22,EC_Earth3P_HR,23.2,25.5,20.6,2.12
2040-10-23,EC_Earth3P_HR,23.5,27.7,20.1,1.55
2040-10-24,EC_Earth3P_HR,24.4,28.0,20.0,0.38
2040-10-25,EC_Earth3P_HR,24.3,28.6,19.9,0.15
2040-10-26,EC_Earth3P_HR,24.9,29.3,19.8,0.0
2040-10-27,EC_Earth3P_HR,25.1,29.0,20.0,0.0
2040-10-28,EC_Earth3P_HR,25.3,29.1,19.9,0.07
2040-10-29,EC_Earth3P_HR,24.7,28.8,19.7,0.07
2040-10-30,EC_Earth3P_HR,24.3,29.0,19.6,0.07
2040-10-31,EC_Earth3P_HR,24.3,28.3,20.2,0.07
2040-11-01,EC_Earth3P_HR,24.5,27.5,21.0,0.38
2040-11-02,EC_Earth3P_HR,25.7,28.9,22.9,0.63
2040-11-03,EC_Earth3P_HR,22.4,24.3,20.1,11.82
2040-11-04,EC_Earth3P_HR,22.2,24.5,20.2,3.8
2040-11-05,EC_Earth3P_HR,24.8,27.6,21.0,0.25
2040-11-06,EC_Earth3P_HR,24.3,28.4,20.5,0.06
2040-11-07,EC_Earth3P_HR,23.3,27.7,19.2,0.13
2040-11-08,EC_Earth3P_HR,23.4,27.6,18.2,0.06
2040-11-09,EC_Earth3P_HR,22.8,27.9,17.8,0.0
2040-11-10,EC_Earth3P_HR,22.7,27.7,17.5,0.0
2040-11-11,EC_Earth3P_HR,22.6,27.7,18.1,0.0
2040-11-12,EC_Earth3P_HR,22.0,27.5,16.7,0.0
2040-11-13,EC_Earth3P_HR,22.0,27.4,16.4,0.0
2040-11-14,EC_Earth3P_HR,22.8,27.2,16.5,0.0
2040-11-15,EC_Earth3P_HR,21.6,26.9,16.2,0.0
2040-11-16,EC_Earth3P_HR,20.6,26.7,15.7,0.0
2040-11-17,EC_Earth3P_HR,20.1,26.4,15.1,0.0
2040-11-18,EC_Earth3P_HR,19.7,25.9,14.9,0.0
2040-11-19,EC_Earth3P_HR,19.4,25.2,14.9,0.0
2040-11-20,EC_Earth3P_HR,18.3,24.1,14.2,0.0
2040-11-21,EC_Earth3P_HR,18.6,25.1,13.2,0.0
2040-11-22,EC_Earth3P_HR,17.9,25.2,11.8,0.0
2040-11-23,EC_Earth3P_HR,16.8,24.1,10.9,0.0
2040-11-24,EC_Earth3P_HR,17.6,23.7,11.4,0.0
2040-11-25,EC_Earth3P_HR,17.0,23.5,11.5,0.0
2040-11-26,EC_Earth3P_HR,17.0,24.2,10.3,0.0
2040-11-27,EC_Earth3P_HR,17.2,23.8,9.6,0.0
2040-11-28,EC_Earth3P_HR,18.2,23.6,12.3,0.0
2040-11-29,EC_Earth3P_HR,18.7,23.3,12.4,0.0
2040-11-30,EC_Earth3P_HR,19.1,22.5,14.5,0.0
2040-12-01,EC_Earth3P_HR,17.6,22.9,14.0,0.0
2040-12-02,EC_Earth3P_HR,19.2,23.9,13.7,1.02
2040-12-03,EC_Earth3P_HR,19.1,19.6,17.6,24.41
2040-12-04,EC_Earth3P_HR,19.4,23.2,15.3,0.67
2040-12-05,EC_Earth3P_HR,18.5,23.4,14.3,0.0
2040-12-06,EC_Earth3P_HR,16.4,22.3,11.2,0.0
2040-12-07,EC_Earth3P_HR,15.6,22.0,11.0,0.0
2040-12-08,EC_Earth3P_HR,15.7,22.1,10.8,0.0
2040-12-09,EC_Earth3P_HR,16.1,22.2,11.1,0.0
2040-12-10,EC_Earth3P_HR,15.6,21.7,11.1,0.0
2040-12-11,EC_Earth3P_HR,14.2,20.6,9.0,0.0
2040-12-12,EC_Earth3P_HR,13.7,21.0,8.5,0.0
2040-12-13,EC_Earth3P_HR,14.1,21.6,8.4,0.0
2040-12-14,EC_Earth3P_HR,14.3,21.8,9.0,0.0
2040-12-15,EC_Earth3P_HR,14.4,21.4,8.6,0.0
2040-12-16,EC_Earth3P_HR,14.1,20.9,8.9,0.0
2040-12-17,EC_Earth3P_HR,13.9,20.5,8.9,0.0
2040-12-18,EC_Earth3P_HR,14.5,20.9,9.6,0.0
2040-12-19,EC_Earth3P_HR,14.4,20.8,9.6,0.0
2040-12-20,EC_Earth3P_HR,15.2,21.8,10.2,0.0
2040-12-21,EC_Earth3P_HR,16.3,21.8,9.5,0.09
2040-12-22,EC_Earth3P_HR,16.9,20.6,12.3,0.46
2040-12-23,EC_Earth3P_HR,15.5,20.1,11.5,0.93
2040-12-24,EC_Earth3P_HR,14.1,19.6,10.0,0.0
2040-12-25,EC_Earth3P_HR,12.3,18.8,6.4,0.0
2040-12-26,EC_Earth3P_HR,12.2,18.7,5.8,0.0
2040-12-27,EC_Earth3P_HR,13.1,18.8,6.7,1.1
2040-12-28,EC_Earth3P_HR,14.0,18.5,9.1,0.1
2040-12-29,EC_Earth3P_HR,13.6,19.2,8.5,0.0
2040-12-30,EC_Earth3P_HR,12.8,17.6,9.2,0.0
2040-12-31,EC_Earth3P_HR,12.6,17.5,8.9,0.0
2041-01-01,EC_Earth3P_HR,12.2,18.0,8.2,0.0
2041-01-02,EC_Earth3P_HR,12.3,18.6,7.6,0.0
2041-01-03,EC_Earth3P_HR,13.6,20.4,7.4,0.0
2041-01-04,EC_Earth3P_HR,14.8,21.7,8.9,0.0
2041-01-05,EC_Earth3P_HR,15.3,22.2,11.0,0.0
2041-01-06,EC_Earth3P_HR,14.8,20.7,10.0,0.0
2041-01-07,EC_Earth3P_HR,13.7,20.2,8.9,0.0
2041-01-08,EC_Earth3P_HR,13.5,20.6,8.4,0.0
2041-01-09,EC_Earth3P_HR,14.0,20.2,9.2,0.0
2041-01-10,EC_Earth3P_HR,13.5,20.6,8.1,0.0
2041-01-11,EC_Earth3P_HR,12.6,20.4,6.9,0.0
2041-01-12,EC_Earth3P_HR,12.7,18.5,6.2,0.0
2041-01-13,EC_Earth3P_HR,14.3,19.5,8.9,0.0
2041-01-14,EC_Earth3P_HR,14.5,19.8,10.2,0.0
2041-01-15,EC_Earth3P_HR,15.5,22.5,10.2,0.34
2041-01-16,EC_Earth3P_HR,16.8,22.0,13.2,0.11
2041-01-17,EC_Earth3P_HR,16.6,20.3,13.1,0.91
2041-01-18,EC_Earth3P_HR,16.4,21.6,12.0,0.0
2041-01-19,EC_Earth3P_HR,16.5,22.0,11.9,0.0
2041-01-20,EC_Earth3P_HR,16.3,22.5,11.7,0.0
2041-01-21,EC_Earth3P_HR,16.2,22.6,10.8,0.0
2041-01-22,EC_Earth3P_HR,17.9,23.8,11.8,1.25
2041-01-23,EC_Earth3P_HR,16.1,16.9,14.2,9.97
2041-01-24,EC_Earth3P_HR,15.8,20.4,11.6,0.0
2041-01-25,EC_Earth3P_HR,15.3,20.3,11.1,0.0
2041-01-26,EC_Earth3P_HR,15.9,20.3,11.1,0.0
2041-01-27,EC_Earth3P_HR,15.7,21.1,11.0,0.0
2041-01-28,EC_Earth3P_HR,14.7,20.5,10.3,0.0
2041-01-29,EC_Earth3P_HR,15.5,21.9,9.2,0.0
2041-01-30,EC_Earth3P_HR,16.9,22.5,12.3,0.0
2041-01-31,EC_Earth3P_HR,17.5,21.0,14.1,3.73
2041-02-01,EC_Earth3P_HR,15.7,18.5,13.1,17.98
2041-02-02,EC_Earth3P_HR,15.8,18.4,13.5,0.34
2041-02-03,EC_Earth3P_HR,17.0,22.4,13.3,0.0
2041-02-04,EC_Earth3P_HR,16.9,22.6,12.9,0.0
2041-02-05,EC_Earth3P_HR,18.4,23.6,12.4,0.0
2041-02-06,EC_Earth3P_HR,18.6,24.7,13.8,0.0
2041-02-07,EC_Earth3P_HR,19.3,24.7,14.5,0.0
2041-02-08,EC_Earth3P_HR,19.2,24.4,14.4,0.0
2041-02-09,EC_Earth3P_HR,17.9,24.1,12.4,0.0
2041-02-10,EC_Earth3P_HR,17.3,23.1,11.5,0.0
2041-02-11,EC_Earth3P_HR,18.0,22.1,14.6,0.0
2041-02-12,EC_Earth3P_HR,19.6,23.9,14.9,4.29
2041-02-13,EC_Earth3P_HR,19.0,20.4,17.3,22.68
2041-02-14,EC_Earth3P_HR,17.3,20.3,13.5,1.69
2041-02-15,EC_Earth3P_HR,17.4,22.3,13.4,0.0
2041-02-16,EC_Earth3P_HR,16.4,21.9,10.5,0.0
2041-02-17,EC_Earth3P_HR,15.3,21.6,10.1,0.0
2041-02-18,EC_Earth3P_HR,16.3,23.1,10.6,0.0
2041-02-19,EC_Earth3P_HR,18.0,24.7,11.7,0.0
2041-02-20,EC_Earth3P_HR,19.2,26.5,13.3,0.0
2041-02-21,EC_Earth3P_HR,21.3,27.9,13.7,0.0
2041-02-22,EC_Earth3P_HR,23.5,29.4,17.5,0.11
2041-02-23,EC_Earth3P_HR,23.3,28.8,19.1,0.45
2041-02-24,EC_Earth3P_HR,23.3,29.3,18.5,0.0
2041-02-25,EC_Earth3P_HR,23.4,28.6,18.1,0.0
2041-02-26,EC_Earth3P_HR,23.5,29.3,19.2,6.64
2041-02-27,EC_Earth3P_HR,20.7,25.3,15.3,0.0
2041-02-28,EC_Earth3P_HR,19.0,24.7,14.5,0.0
2041-03-01,EC_Earth3P_HR,19.2,25.3,14.0,0.0
2041-03-02,EC_Earth3P_HR,20.0,27.1,15.4,0.0
2041-03-03,EC_Earth3P_HR,20.3,26.8,14.5,0.0
2041-03-04,EC_Earth3P_HR,19.3,26.0,13.9,0.0
2041-03-05,EC_Earth3P_HR,19.2,25.3,13.4,0.0
2041-03-06,EC_Earth3P_HR,20.7,26.8,15.4,0.0
2041-03-07,EC_Earth3P_HR,22.7,28.5,16.7,0.0
2041-03-08,EC_Earth3P_HR,21.9,28.0,16.0,0.0
2041-03-09,EC_Earth3P_HR,21.1,29.3,14.6,0.0
2041-03-10,EC_Earth3P_HR,22.8,31.4,14.3,0.0
2041-03-11,EC_Earth3P_HR,23.2,30.0,16.7,0.0
2041-03-12,EC_Earth3P_HR,21.8,27.8,16.1,0.0
2041-03-13,EC_Earth3P_HR,22.3,28.9,15.7,0.0
2041-03-14,EC_Earth3P_HR,23.3,32.4,14.8,0.0
2041-03-15,EC_Earth3P_HR,23.9,31.7,15.6,0.0
2041-03-16,EC_Earth3P_HR,21.1,27.6,14.8,0.0
2041-03-17,EC_Earth3P_HR,21.6,29.7,14.6,0.0
2041-03-18,EC_Earth3P_HR,22.3,31.0,13.8,0.0
2041-03-19,EC_Earth3P_HR,24.3,32.3,16.8,0.0
2041-03-20,EC_Earth3P_HR,21.5,27.4,16.6,0.0
2041-03-21,EC_Earth3P_HR,21.9,29.0,15.4,0.0
2041-03-22,EC_Earth3P_HR,23.2,31.2,14.9,0.0
2041-03-23,EC_Earth3P_HR,24.3,31.8,17.3,0.0
2041-03-24,EC_Earth3P_HR,24.5,32.4,16.8,0.0
2041-03-25,EC_Earth3P_HR,25.4,34.1,16.1,0.0
2041-03-26,EC_Earth3P_HR,26.7,36.0,17.8,0.0
2041-03-27,EC_Earth3P_HR,26.6,34.9,18.7,0.0
2041-03-28,EC_Earth3P_HR,25.2,32.7,17.1,0.0
2041-03-29,EC_Earth3P_HR,24.2,30.9,16.6,0.0
2041-03-30,EC_Earth3P_HR,25.2,33.4,17.7,0.0
2041-03-31,EC_Earth3P_HR,25.0,34.5,16.9,0.0
2041-04-01,EC_Earth3P_HR,26.1,35.2,17.4,0.0
2041-04-02,EC_Earth3P_HR,27.8,36.1,18.6,0.0
2041-04-03,EC_Earth3P_HR,27.5,36.8,18.3,0.0
2041-04-04,EC_Earth3P_HR,28.9,38.0,20.1,0.0
2041-04-05,EC_Earth3P_HR,29.2,38.6,19.5,0.0
2041-04-06,EC_Earth3P_HR,29.9,38.1,21.9,0.0
2041-04-07,EC_Earth3P_HR,31.0,38.6,22.8,0.0
2041-04-08,EC_Earth3P_HR,31.0,39.9,22.2,0.0
2041-04-09,EC_Earth3P_HR,31.4,40.4,22.6,0.0
2041-04-10,EC_Earth3P_HR,31.3,40.3,23.1,0.0
2041-04-11,EC_Earth3P_HR,31.6,40.7,23.6,0.0
2041-04-12,EC_Earth3P_HR,32.3,41.1,24.3,0.0
2041-04-13,EC_Earth3P_HR,32.6,40.5,27.4,0.0
2041-04-14,EC_Earth3P_HR,32.6,39.9,26.3,0.0
2041-04-15,EC_Earth3P_HR,33.9,42.0,24.7,0.0
2041-04-16,EC_Earth3P_HR,33.2,41.8,24.5,0.0
2041-04-17,EC_Earth3P_HR,34.1,41.9,26.2,0.0
2041-04-18,EC_Earth3P_HR,34.6,41.9,25.6,0.0
2041-04-19,EC_Earth3P_HR,35.4,41.9,28.3,0.0
2041-04-20,EC_Earth3P_HR,35.1,41.3,27.9,0.0
2041-04-21,EC_Earth3P_HR,33.5,42.0,23.9,0.0
2041-04-22,EC_Earth3P_HR,32.6,40.9,23.7,0.0
2041-04-23,EC_Earth3P_HR,33.5,42.0,25.2,0.0
2041-04-24,EC_Earth3P_HR,34.3,43.3,25.9,0.0
2041-04-25,EC_Earth3P_HR,35.6,43.9,26.2,0.0
2041-04-26,EC_Earth3P_HR,35.3,43.0,27.4,0.0
2041-04-27,EC_Earth3P_HR,34.7,42.2,26.2,0.0
2041-04-28,EC_Earth3P_HR,34.1,42.9,26.0,0.0
2041-04-29,EC_Earth3P_HR,33.6,42.3,26.7,0.0
2041-04-30,EC_Earth3P_HR,34.0,40.6,28.2,0.0
2041-05-01,EC_Earth3P_HR,33.4,40.5,26.8,0.0
2041-05-02,EC_Earth3P_HR,33.8,40.6,26.9,0.0
2041-05-03,EC_Earth3P_HR,34.8,40.0,29.1,0.0
2041-05-04,EC_Earth3P_HR,35.1,40.0,30.5,0.0
2041-05-05,EC_Earth3P_HR,35.3,39.5,31.2,0.0
2041-05-06,EC_Earth3P_HR,35.0,39.1,31.4,1.75
2041-05-07,EC_Earth3P_HR,34.6,39.1,30.5,0.0
2041-05-08,EC_Earth3P_HR,34.1,38.8,29.8,0.0
2041-05-09,EC_Earth3P_HR,34.4,38.7,29.7,0.0
2041-05-10,EC_Earth3P_HR,35.5,42.1,29.7,0.0
2041-05-11,EC_Earth3P_HR,39.4,46.5,32.1,0.0
2041-05-12,EC_Earth3P_HR,39.6,44.9,34.1,0.0
2041-05-13,EC_Earth3P_HR,39.2,45.0,33.5,0.0
2041-05-14,EC_Earth3P_HR,38.3,45.0,33.0,0.0
2041-05-15,EC_Earth3P_HR,38.6,44.7,32.6,0.0
2041-05-16,EC_Earth3P_HR,39.1,45.5,32.1,0.0
2041-05-17,EC_Earth3P_HR,38.7,44.6,31.6,0.0
2041-05-18,EC_Earth3P_HR,38.5,44.4,30.8,0.0
2041-05-19,EC_Earth3P_HR,37.9,44.4,30.6,0.0
2041-05-20,EC_Earth3P_HR,36.7,41.2,31.6,0.0
2041-05-21,EC_Earth3P_HR,37.5,41.7,33.6,0.19
2041-05-22,EC_Earth3P_HR,38.1,42.7,32.8,0.0
2041-05-23,EC_Earth3P_HR,36.9,42.6,31.9,0.0
2041-05-24,EC_Earth3P_HR,35.7,41.2,31.0,0.0
2041-05-25,EC_Earth3P_HR,35.0,40.0,30.8,0.88
2041-05-26,EC_Earth3P_HR,36.1,40.0,31.0,0.0
2041-05-27,EC_Earth3P_HR,36.9,40.9,32.4,0.0
2041-05-28,EC_Earth3P_HR,36.8,40.6,32.9,0.0
2041-05-29,EC_Earth3P_HR,34.0,38.7,28.1,12.67
2041-05-30,EC_Earth3P_HR,30.6,35.8,27.6,30.99
2041-05-31,EC_Earth3P_HR,29.0,32.3,26.6,7.29
2041-06-01,EC_Earth3P_HR,29.5,33.5,26.0,8.48
2041-06-02,EC_Earth3P_HR,30.0,33.4,26.9,2.27
2041-06-03,EC_Earth3P_HR,29.5,33.1,25.9,15.43
2041-06-04,EC_Earth3P_HR,28.7,32.4,25.8,2.28
2041-06-05,EC_Earth3P_HR,29.0,31.8,25.7,12.59
2041-06-06,EC_Earth3P_HR,25.9,27.3,23.4,5.56
2041-06-07,EC_Earth3P_HR,28.8,32.9,23.6,0.0
2041-06-08,EC_Earth3P_HR,31.0,35.0,26.3,0.3
2041-06-09,EC_Earth3P_HR,31.4,36.5,26.9,5.28
2041-06-10,EC_Earth3P_HR,29.4,32.9,26.3,6.48
2041-06-11,EC_Earth3P_HR,29.6,32.7,26.3,3.79
2041-06-12,EC_Earth3P_HR,29.5,32.7,26.6,11.58
2041-06-13,EC_Earth3P_HR,29.3,32.4,26.4,5.69
2041-06-14,EC_Earth3P_HR,29.7,32.9,26.4,9.1
2041-06-15,EC_Earth3P_HR,29.9,33.4,26.7,5.9
2041-06-16,EC_Earth3P_HR,30.0,33.0,26.9,11.81
2041-06-17,EC_Earth3P_HR,29.5,32.7,26.8,8.22
2041-06-18,EC_Earth3P_HR,30.4,33.6,27.8,1.1
2041-06-19,EC_Earth3P_HR,31.1,34.1,27.8,0.8
2041-06-20,EC_Earth3P_HR,29.6,32.7,26.3,7.63
2041-06-21,EC_Earth3P_HR,29.3,33.0,26.3,6.23
2041-06-22,EC_Earth3P_HR,29.5,32.3,26.8,3.92
2041-06-23,EC_Earth3P_HR,29.9,32.0,27.2,1.11
2041-06-24,EC_Earth3P_HR,30.3,33.8,27.9,9.36
2041-06-25,EC_Earth3P_HR,31.1,34.8,27.8,2.42
2041-06-26,EC_Earth3P_HR,30.2,32.4,25.7,2.32
2041-06-27,EC_Earth3P_HR,26.9,28.7,25.8,7.05
2041-06-28,EC_Earth3P_HR,29.1,32.2,25.8,5.24
2041-06-29,EC_Earth3P_HR,30.2,33.2,26.9,1.01
2041-06-30,EC_Earth3P_HR,31.2,33.4,27.5,0.0
2041-07-01,EC_Earth3P_HR,31.3,33.3,28.6,0.5
2041-07-02,EC_Earth3P_HR,29.5,33.4,26.1,43.02
2041-07-03,EC_Earth3P_HR,29.1,31.9,26.1,3.13
2041-07-04,EC_Earth3P_HR,30.6,33.7,26.9,1.31
2041-07-05,EC_Earth3P_HR,30.4,34.5,27.4,1.21
2041-07-06,EC_Earth3P_HR,30.0,33.2,27.8,5.14
2041-07-07,EC_Earth3P_HR,29.9,32.7,27.7,6.65
2041-07-08,EC_Earth3P_HR,30.8,34.1,27.6,2.62
2041-07-09,EC_Earth3P_HR,31.1,34.4,28.0,2.72
2041-07-10,EC_Earth3P_HR,31.6,34.7,28.0,1.01
2041-07-11,EC_Earth3P_HR,30.9,33.5,28.2,1.21
2041-07-12,EC_Earth3P_HR,30.1,33.3,27.6,9.04
2041-07-13,EC_Earth3P_HR,31.0,33.8,27.6,1.41
2041-07-14,EC_Earth3P_HR,30.8,34.3,27.6,9.43
2041-07-15,EC_Earth3P_HR,30.0,33.1,27.5,14.03
2041-07-16,EC_Earth3P_HR,28.8,31.1,27.2,18.43
2041-07-17,EC_Earth3P_HR,29.1,32.2,27.2,12.02
2041-07-18,EC_Earth3P_HR,29.8,32.4,27.2,4.0
2041-07-19,EC_Earth3P_HR,29.7,31.7,27.5,2.3
2041-07-20,EC_Earth3P_HR,30.7,34.2,28.2,7.6
2041-07-21,EC_Earth3P_HR,31.2,33.7,28.8,1.9
2041-07-22,EC_Earth3P_HR,30.4,32.6,27.0,1.9
2041-07-23,EC_Earth3P_HR,29.6,32.7,26.5,1.8
2041-07-24,EC_Earth3P_HR,29.9,33.1,26.5,0.9
2041-07-25,EC_Earth3P_HR,30.4,33.6,26.8,0.6
2041-07-26,EC_Earth3P_HR,31.4,34.4,28.1,0.2
2041-07-27,EC_Earth3P_HR,31.5,35.2,28.9,1.09
2041-07-28,EC_Earth3P_HR,30.4,32.3,27.2,9.95
2041-07-29,EC_Earth3P_HR,30.4,33.0,27.1,0.6
2041-07-30,EC_Earth3P_HR,31.5,34.6,28.0,0.2
2041-07-31,EC_Earth3P_HR,31.4,34.2,28.4,0.5
2041-08-01,EC_Earth3P_HR,29.7,31.8,27.0,11.31
2041-08-02,EC_Earth3P_HR,29.2,33.1,26.9,5.16
2041-08-03,EC_Earth3P_HR,30.9,33.4,27.3,4.46
2041-08-04,EC_Earth3P_HR,30.5,32.8,28.0,8.02
2041-08-05,EC_Earth3P_HR,32.0,35.0,27.9,0.79
2041-08-06,EC_Earth3P_HR,31.6,34.8,28.8,0.79
2041-08-07,EC_Earth3P_HR,31.0,33.7,28.2,0.1
2041-08-08,EC_Earth3P_HR,31.1,33.9,28.1,0.69
2041-08-09,EC_Earth3P_HR,30.7,33.4,27.7,1.48
2041-08-10,EC_Earth3P_HR,29.2,32.5,27.1,15.5
2041-08-11,EC_Earth3P_HR,29.5,33.2,27.0,8.58
2041-08-12,EC_Earth3P_HR,29.7,33.6,27.0,11.44
2041-08-13,EC_Earth3P_HR,28.7,31.4,26.6,14.19
2041-08-14,EC_Earth3P_HR,28.4,31.8,26.6,7.29
2041-08-15,EC_Earth3P_HR,28.5,31.6,26.4,6.5
2041-08-16,EC_Earth3P_HR,28.8,31.9,26.5,8.66
2041-08-17,EC_Earth3P_HR,28.6,31.8,26.6,9.24
2041-08-18,EC_Earth3P_HR,29.0,31.6,26.5,12.48
2041-08-19,EC_Earth3P_HR,28.5,32.0,26.5,12.27
2041-08-20,EC_Earth3P_HR,28.6,32.1,26.2,9.71
2041-08-21,EC_Earth3P_HR,28.3,31.9,26.3,12.85
2041-08-22,EC_Earth3P_HR,28.0,30.9,26.3,9.12
2041-08-23,EC_Earth3P_HR,28.2,31.2,26.3,10.97
2041-08-24,EC_Earth3P_HR,28.6,31.4,26.3,5.97
2041-08-25,EC_Earth3P_HR,28.7,32.0,26.2,1.66
2041-08-26,EC_Earth3P_HR,29.4,32.8,26.1,1.96
2041-08-27,EC_Earth3P_HR,29.9,32.6,26.8,0.49
2041-08-28,EC_Earth3P_HR,30.0,33.2,27.2,1.17
2041-08-29,EC_Earth3P_HR,29.8,32.9,26.7,0.29
2041-08-30,EC_Earth3P_HR,30.8,33.9,26.7,0.88
2041-08-31,EC_Earth3P_HR,30.7,34.3,27.2,2.83
2041-09-01,EC_Earth3P_HR,30.4,33.4,27.1,3.9
2041-09-02,EC_Earth3P_HR,30.0,33.3,27.0,3.12
2041-09-03,EC_Earth3P_HR,30.0,33.2,26.9,4.86
2041-09-04,EC_Earth3P_HR,28.5,30.9,26.4,6.41
2041-09-05,EC_Earth3P_HR,28.6,31.5,26.4,12.41
2041-09-06,EC_Earth3P_HR,30.0,33.7,26.8,1.35
2041-09-07,EC_Earth3P_HR,30.0,33.1,27.3,1.93
2041-09-08,EC_Earth3P_HR,28.9,32.0,26.2,12.35
2041-09-09,EC_Earth3P_HR,27.9,31.2,25.8,13.48
2041-09-10,EC_Earth3P_HR,27.7,30.8,25.9,7.21
2041-09-11,EC_Earth3P_HR,29.5,32.4,26.9,0.67
2041-09-12,EC_Earth3P_HR,29.4,32.6,26.5,7.95
2041-09-13,EC_Earth3P_HR,28.4,31.4,26.4,10.61
2041-09-14,EC_Earth3P_HR,27.4,29.4,25.8,9.64
2041-09-15,EC_Earth3P_HR,27.2,29.6,25.5,6.1
2041-09-16,EC_Earth3P_HR,28.4,32.3,25.5,2.85
2041-09-17,EC_Earth3P_HR,28.9,32.4,25.5,1.14
2041-09-18,EC_Earth3P_HR,29.9,33.7,26.1,2.46
2041-09-19,EC_Earth3P_HR,28.7,32.3,25.4,1.7
2041-09-20,EC_Earth3P_HR,28.3,31.8,25.0,2.54
2041-09-21,EC_Earth3P_HR,28.2,32.0,25.1,4.51
2041-09-22,EC_Earth3P_HR,28.2,32.1,25.1,2.62
2041-09-23,EC_Earth3P_HR,28.0,31.6,25.3,7.57
2041-09-24,EC_Earth3P_HR,27.4,30.9,25.3,9.23
2041-09-25,EC_Earth3P_HR,27.4,31.0,25.2,5.2
2041-09-26,EC_Earth3P_HR,28.3,31.4,25.9,2.22
2041-09-27,EC_Earth3P_HR,28.2,31.6,25.9,6.28
2041-09-28,EC_Earth3P_HR,28.2,31.3,25.3,6.08
2041-09-29,EC_Earth3P_HR,28.3,32.2,25.3,2.11
2041-09-30,EC_Earth3P_HR,28.7,32.5,25.3,7.23
2041-10-01,EC_Earth3P_HR,29.0,32.6,25.4,1.09
2041-10-02,EC_Earth3P_HR,29.6,33.0,26.3,1.72
2041-10-03,EC_Earth3P_HR,29.4,32.9,25.8,6.87
2041-10-04,EC_Earth3P_HR,28.4,31.9,25.6,5.85
2041-10-05,EC_Earth3P_HR,27.6,31.7,25.2,8.07
2041-10-06,EC_Earth3P_HR,28.0,31.9,24.6,0.54
2041-10-07,EC_Earth3P_HR,28.2,32.2,24.6,0.27
2041-10-08,EC_Earth3P_HR,28.0,31.6,24.4,0.35
2041-10-09,EC_Earth3P_HR,27.5,32.1,22.2,0.0
2041-10-10,EC_Earth3P_HR,26.5,31.4,22.0,0.0
2041-10-11,EC_Earth3P_HR,26.6,31.5,22.4,0.0
2041-10-12,EC_Earth3P_HR,26.5,31.5,22.5,0.0
2041-10-13,EC_Earth3P_HR,26.0,31.2,20.7,0.0
2041-10-14,EC_Earth3P_HR,25.4,31.0,20.5,0.0
2041-10-15,EC_Earth3P_HR,24.6,30.8,18.8,0.0
2041-10-16,EC_Earth3P_HR,24.0,30.4,18.4,0.0
2041-10-17,EC_Earth3P_HR,24.4,30.4,18.7,0.0
2041-10-18,EC_Earth3P_HR,24.7,30.8,19.2,0.0
2041-10-19,EC_Earth3P_HR,22.6,29.7,16.0,0.0
2041-10-20,EC_Earth3P_HR,21.5,28.7,15.5,0.0
2041-10-21,EC_Earth3P_HR,21.7,28.9,15.3,0.0
2041-10-22,EC_Earth3P_HR,23.1,29.7,15.9,0.0
2041-10-23,EC_Earth3P_HR,25.8,31.6,19.3,0.0
2041-10-24,EC_Earth3P_HR,26.8,32.4,21.9,0.0
2041-10-25,EC_Earth3P_HR,26.7,32.7,21.5,0.0
2041-10-26,EC_Earth3P_HR,26.4,32.3,21.5,0.0
2041-10-27,EC_Earth3P_HR,25.7,29.7,21.6,0.29
2041-10-28,EC_Earth3P_HR,24.7,30.8,17.4,0.0
2041-10-29,EC_Earth3P_HR,22.0,30.0,15.8,0.0
2041-10-30,EC_Earth3P_HR,21.8,29.2,15.4,0.0
2041-10-31,EC_Earth3P_HR,21.8,29.0,15.4,0.0
2041-11-01,EC_Earth3P_HR,21.4,29.0,15.1,0.0
2041-11-02,EC_Earth3P_HR,22.4,29.2,14.8,0.0
2041-11-03,EC_Earth3P_HR,23.4,29.1,16.8,0.0
2041-11-04,EC_Earth3P_HR,23.1,28.8,16.5,0.0
2041-11-05,EC_Earth3P_HR,23.4,28.8,17.2,0.0
2041-11-06,EC_Earth3P_HR,22.8,28.6,17.3,0.06
2041-11-07,EC_Earth3P_HR,23.3,29.4,17.7,0.0
2041-11-08,EC_Earth3P_HR,22.2,29.4,16.1,0.0
2041-11-09,EC_Earth3P_HR,22.0,28.9,15.5,0.0
2041-11-10,EC_Earth3P_HR,21.5,29.0,15.2,0.0
2041-11-11,EC_Earth3P_HR,21.1,29.0,14.9,0.0
2041-11-12,EC_Earth3P_HR,21.7,28.7,14.9,0.0
2041-11-13,EC_Earth3P_HR,22.8,28.3,15.9,0.0
2041-11-14,EC_Earth3P_HR,21.9,28.5,15.7,0.0
2041-11-15,EC_Earth3P_HR,21.9,28.9,15.4,0.0
2041-11-16,EC_Earth3P_HR,21.6,29.2,15.6,0.0
2041-11-17,EC_Earth3P_HR,21.6,29.0,16.2,0.0
2041-11-18,EC_Earth3P_HR,22.4,28.6,15.7,0.0
2041-11-19,EC_Earth3P_HR,23.2,28.4,16.1,0.0
2041-11-20,EC_Earth3P_HR,21.3,28.0,15.0,0.0
2041-11-21,EC_Earth3P_HR,20.5,27.5,14.8,0.0
2041-11-22,EC_Earth3P_HR,20.5,27.8,14.9,0.0
2041-11-23,EC_Earth3P_HR,21.2,27.5,14.5,0.0
2041-11-24,EC_Earth3P_HR,21.0,27.3,14.4,0.0
2041-11-25,EC_Earth3P_HR,20.0,27.2,14.0,0.0
2041-11-26,EC_Earth3P_HR,19.5,27.0,13.6,0.0
2041-11-27,EC_Earth3P_HR,19.4,27.0,13.7,0.0
2041-11-28,EC_Earth3P_HR,19.1,26.6,13.0,0.0
2041-11-29,EC_Earth3P_HR,18.5,26.5,12.5,0.0
2041-11-30,EC_Earth3P_HR,17.9,26.2,12.0,0.0
2041-12-01,EC_Earth3P_HR,17.9,25.7,11.6,0.0
2041-12-02,EC_Earth3P_HR,17.5,25.3,10.6,0.0
2041-12-03,EC_Earth3P_HR,15.9,24.6,9.7,0.0
2041-12-04,EC_Earth3P_HR,16.3,25.6,9.2,0.0
2041-12-05,EC_Earth3P_HR,17.4,25.5,9.7,0.0
2041-12-06,EC_Earth3P_HR,18.5,24.2,13.4,0.0
2041-12-07,EC_Earth3P_HR,19.1,24.5,13.1,0.0
2041-12-08,EC_Earth3P_HR,19.3,26.2,13.9,0.0
2041-12-09,EC_Earth3P_HR,17.6,24.9,12.0,0.0
2041-12-10,EC_Earth3P_HR,17.0,24.5,11.5,0.0
2041-12-11,EC_Earth3P_HR,16.3,24.4,10.2,0.0
2041-12-12,EC_Earth3P_HR,15.6,24.1,9.6,0.0
2041-12-13,EC_Earth3P_HR,15.3,23.4,9.6,0.0
2041-12-14,EC_Earth3P_HR,14.8,23.0,9.2,0.0
2041-12-15,EC_Earth3P_HR,16.1,23.6,9.3,0.0
2041-12-16,EC_Earth3P_HR,15.1,22.3,9.4,0.0
2041-12-17,EC_Earth3P_HR,13.6,21.9,7.4,0.0
2041-12-18,EC_Earth3P_HR,14.7,22.9,6.7,0.0
2041-12-19,EC_Earth3P_HR,16.8,23.9,9.2,0.0
2041-12-20,EC_Earth3P_HR,17.0,25.1,10.0,0.0
2041-12-21,EC_Earth3P_HR,16.2,24.9,9.7,0.0
2041-12-22,EC_Earth3P_HR,16.0,24.4,10.1,0.0
2041-12-23,EC_Earth3P_HR,15.3,22.7,9.6,0.0
2041-12-24,EC_Earth3P_HR,14.8,23.0,9.4,0.0
2041-12-25,EC_Earth3P_HR,14.9,23.6,8.8,0.0
2041-12-26,EC_Earth3P_HR,15.3,24.6,8.1,0.0
2041-12-27,EC_Earth3P_HR,16.0,25.2,9.0,0.0
2041-12-28,EC_Earth3P_HR,14.9,23.8,8.1,0.0
2041-12-29,EC_Earth3P_HR,14.2,22.9,7.3,0.0
2041-12-30,EC_Earth3P_HR,14.1,22.9,7.9,0.0
2041-12-31,EC_Earth3P_HR,14.4,23.1,7.8,0.0
2042-01-01,EC_Earth3P_HR,15.7,24.0,9.1,0.0
2042-01-02,EC_Earth3P_HR,16.1,25.0,10.1,0.0
2042-01-03,EC_Earth3P_HR,16.6,23.8,9.7,0.0
2042-01-04,EC_Earth3P_HR,15.3,21.5,10.2,0.0
2042-01-05,EC_Earth3P_HR,14.5,21.5,9.5,0.0
2042-01-06,EC_Earth3P_HR,15.8,23.7,10.2,0.0
2042-01-07,EC_Earth3P_HR,18.0,24.8,11.3,0.0
2042-01-08,EC_Earth3P_HR,17.7,24.9,10.2,0.0
2042-01-09,EC_Earth3P_HR,16.9,23.4,9.3,0.0
2042-01-10,EC_Earth3P_HR,16.4,23.8,8.9,0.0
2042-01-11,EC_Earth3P_HR,16.6,25.0,9.9,0.0
2042-01-12,EC_Earth3P_HR,15.6,23.7,10.1,0.0
2042-01-13,EC_Earth3P_HR,15.6,23.8,9.3,0.0
2042-01-14,EC_Earth3P_HR,15.6,24.4,9.4,0.0
2042-01-15,EC_Earth3P_HR,18.1,24.9,9.0,0.0
2042-01-16,EC_Earth3P_HR,18.6,25.4,11.4,0.0
2042-01-17,EC_Earth3P_HR,17.4,25.9,10.7,0.0
2042-01-18,EC_Earth3P_HR,18.6,26.0,10.8,0.0
2042-01-19,EC_Earth3P_HR,18.9,27.0,13.1,0.0
2042-01-20,EC_Earth3P_HR,19.5,27.1,13.1,0.0
2042-01-21,EC_Earth3P_HR,18.9,27.1,12.4,0.0
2042-01-22,EC_Earth3P_HR,18.0,25.9,12.3,0.0
2042-01-23,EC_Earth3P_HR,17.1,25.1,11.1,0.0
2042-01-24,EC_Earth3P_HR,18.2,26.0,11.7,0.0
2042-01-25,EC_Earth3P_HR,17.7,25.8,11.1,0.0
2042-01-26,EC_Earth3P_HR,19.7,27.1,11.1,0.0
2042-01-27,EC_Earth3P_HR,16.4,18.8,15.3,11.32
2042-01-28,EC_Earth3P_HR,18.0,22.9,15.0,2.94
2042-01-29,EC_Earth3P_HR,19.1,25.2,14.4,0.0
2042-01-30,EC_Earth3P_HR,19.6,24.2,14.8,0.34
2042-01-31,EC_Earth3P_HR,18.5,19.2,17.8,11.76
2042-02-01,EC_Earth3P_HR,18.2,21.7,15.1,9.84
2042-02-02,EC_Earth3P_HR,18.0,22.8,12.9,0.0
2042-02-03,EC_Earth3P_HR,16.3,21.7,12.4,0.0
2042-02-04,EC_Earth3P_HR,16.1,21.8,11.8,0.0
2042-02-05,EC_Earth3P_HR,16.7,21.9,12.0,0.0
2042-02-06,EC_Earth3P_HR,16.7,21.2,12.4,0.0
2042-02-07,EC_Earth3P_HR,15.8,21.5,11.6,0.0
2042-02-08,EC_Earth3P_HR,16.6,22.5,11.1,0.0
2042-02-09,EC_Earth3P_HR,17.3,23.6,11.9,0.0
2042-02-10,EC_Earth3P_HR,18.2,24.8,13.1,0.0
2042-02-11,EC_Earth3P_HR,18.7,25.1,12.7,0.0
2042-02-12,EC_Earth3P_HR,19.3,24.9,14.5,0.23
2042-02-13,EC_Earth3P_HR,19.6,24.9,14.2,0.0
2042-02-14,EC_Earth3P_HR,17.9,23.3,13.3,0.0
2042-02-15,EC_Earth3P_HR,16.8,22.2,12.5,0.0
2042-02-16,EC_Earth3P_HR,15.8,21.8,11.0,0.0
2042-02-17,EC_Earth3P_HR,16.4,23.1,10.5,0.0
2042-02-18,EC_Earth3P_HR,17.3,24.3,10.8,0.0
2042-02-19,EC_Earth3P_HR,16.7,24.0,10.6,0.0
2042-02-20,EC_Earth3P_HR,16.8,24.5,10.3,0.0
2042-02-21,EC_Earth3P_HR,19.2,26.2,11.8,0.0
2042-02-22,EC_Earth3P_HR,18.5,25.0,12.9,0.0
2042-02-23,EC_Earth3P_HR,18.7,25.6,12.4,0.0
2042-02-24,EC_Earth3P_HR,20.8,27.8,14.4,0.0
2042-02-25,EC_Earth3P_HR,19.9,26.9,13.1,0.0
2042-02-26,EC_Earth3P_HR,19.5,26.7,12.2,0.0
2042-02-27,EC_Earth3P_HR,21.6,29.0,14.3,0.0
2042-02-28,EC_Earth3P_HR,22.8,30.2,15.7,0.0
2042-03-01,EC_Earth3P_HR,21.9,29.2,15.6,0.0
2042-03-02,EC_Earth3P_HR,22.0,29.7,14.8,0.0
2042-03-03,EC_Earth3P_HR,23.6,30.8,16.2,0.0
2042-03-04,EC_Earth3P_HR,23.2,28.3,18.4,0.56
2042-03-05,EC_Earth3P_HR,21.7,26.4,18.0,0.11
2042-03-06,EC_Earth3P_HR,22.6,27.2,17.3,0.77
2042-03-07,EC_Earth3P_HR,22.5,28.6,16.7,0.0
2042-03-08,EC_Earth3P_HR,22.9,29.7,17.0,0.0
2042-03-09,EC_Earth3P_HR,23.5,31.0,16.4,0.0
2042-03-10,EC_Earth3P_HR,25.5,32.5,18.6,0.0
2042-03-11,EC_Earth3P_HR,23.3,30.4,15.7,0.0
2042-03-12,EC_Earth3P_HR,21.0,28.8,14.5,0.0
2042-03-13,EC_Earth3P_HR,21.7,30.4,13.8,0.0
2042-03-14,EC_Earth3P_HR,23.0,31.1,14.7,0.0
2042-03-15,EC_Earth3P_HR,23.8,32.2,16.7,0.0
2042-03-16,EC_Earth3P_HR,24.9,32.7,17.2,0.1
2042-03-17,EC_Earth3P_HR,24.3,29.2,19.1,0.41
2042-03-18,EC_Earth3P_HR,22.1,26.8,18.7,3.43
2042-03-19,EC_Earth3P_HR,20.4,23.8,17.0,1.1
2042-03-20,EC_Earth3P_HR,21.8,26.9,16.8,0.2
2042-03-21,EC_Earth3P_HR,23.7,29.9,16.6,0.0
2042-03-22,EC_Earth3P_HR,24.9,31.4,18.4,0.0
2042-03-23,EC_Earth3P_HR,24.0,30.7,16.3,0.0
2042-03-24,EC_Earth3P_HR,24.8,33.6,15.9,0.0
2042-03-25,EC_Earth3P_HR,26.0,34.2,18.1,0.0
2042-03-26,EC_Earth3P_HR,26.9,35.0,18.7,0.0
2042-03-27,EC_Earth3P_HR,28.0,35.2,19.7,0.0
2042-03-28,EC_Earth3P_HR,28.4,35.4,21.1,0.0
2042-03-29,EC_Earth3P_HR,29.4,36.5,22.7,0.0
2042-03-30,EC_Earth3P_HR,28.7,34.9,20.8,0.66
2042-03-31,EC_Earth3P_HR,27.6,35.1,20.4,0.0
2042-04-01,EC_Earth3P_HR,29.1,36.7,20.5,0.0
2042-04-02,EC_Earth3P_HR,29.6,37.5,23.4,0.19
2042-04-03,EC_Earth3P_HR,29.3,35.9,21.7,0.0
2042-04-04,EC_Earth3P_HR,29.4,35.9,20.6,0.0
2042-04-05,EC_Earth3P_HR,29.3,35.9,22.7,0.0
2042-04-06,EC_Earth3P_HR,30.0,35.8,24.6,0.09
2042-04-07,EC_Earth3P_HR,30.9,37.0,25.5,0.27
2042-04-08,EC_Earth3P_HR,29.9,35.1,23.0,0.54
2042-04-09,EC_Earth3P_HR,28.2,34.0,22.4,1.17
2042-04-10,EC_Earth3P_HR,27.8,34.2,20.4,0.0
2042-04-11,EC_Earth3P_HR,27.3,33.5,20.0,0.0
2042-04-12,EC_Earth3P_HR,27.4,33.9,20.7,0.0
2042-04-13,EC_Earth3P_HR,26.4,33.1,19.1,0.0
2042-04-14,EC_Earth3P_HR,26.2,33.5,18.8,0.0
2042-04-15,EC_Earth3P_HR,27.6,34.9,18.4,0.0
2042-04-16,EC_Earth3P_HR,28.7,36.4,19.3,0.0
2042-04-17,EC_Earth3P_HR,30.0,37.6,20.7,0.0
2042-04-18,EC_Earth3P_HR,30.6,38.4,21.5,0.0
2042-04-19,EC_Earth3P_HR,30.4,37.6,22.2,0.0
2042-04-20,EC_Earth3P_HR,30.9,38.0,23.9,0.0
2042-04-21,EC_Earth3P_HR,30.4,36.2,23.7,0.0
2042-04-22,EC_Earth3P_HR,31.4,37.1,27.1,0.17
2042-04-23,EC_Earth3P_HR,31.3,36.5,25.1,1.1
2042-04-24,EC_Earth3P_HR,29.0,35.5,23.6,1.01
2042-04-25,EC_Earth3P_HR,27.7,34.4,23.5,2.18
2042-04-26,EC_Earth3P_HR,29.3,34.6,23.7,0.0
2042-04-27,EC_Earth3P_HR,29.4,37.1,23.7,2.0
2042-04-28,EC_Earth3P_HR,30.9,37.3,23.6,0.0
2042-04-29,EC_Earth3P_HR,32.6,39.5,25.3,0.0
2042-04-30,EC_Earth3P_HR,33.7,40.8,25.5,0.0
2042-05-01,EC_Earth3P_HR,33.9,41.4,26.5,0.0
2042-05-02,EC_Earth3P_HR,34.3,42.0,26.0,0.0
2042-05-03,EC_Earth3P_HR,34.0,41.9,25.9,0.0
2042-05-04,EC_Earth3P_HR,35.1,43.3,25.8,0.0
2042-05-05,EC_Earth3P_HR,34.8,42.8,26.4,0.0
2042-05-06,EC_Earth3P_HR,34.7,43.2,25.6,0.0
2042-05-07,EC_Earth3P_HR,34.6,43.1,25.4,0.0
2042-05-08,EC_Earth3P_HR,34.1,42.6,26.1,0.0
2042-05-09,EC_Earth3P_HR,32.8,40.9,27.7,1.99
2042-05-10,EC_Earth3P_HR,32.7,38.9,27.6,0.09
2042-05-11,EC_Earth3P_HR,33.2,38.8,28.8,0.28
2042-05-12,EC_Earth3P_HR,33.9,38.6,28.7,0.0
2042-05-13,EC_Earth3P_HR,35.0,39.8,29.2,0.0
2042-05-14,EC_Earth3P_HR,35.3,40.5,29.9,0.0
2042-05-15,EC_Earth3P_HR,35.4,40.3,30.5,0.0
2042-05-16,EC_Earth3P_HR,36.5,41.6,31.1,0.0
2042-05-17,EC_Earth3P_HR,36.1,41.4,31.3,0.57
2042-05-18,EC_Earth3P_HR,36.7,41.9,31.3,0.0
2042-05-19,EC_Earth3P_HR,36.7,42.2,31.3,1.44
2042-05-20,EC_Earth3P_HR,35.7,41.7,28.4,0.0
2042-05-21,EC_Earth3P_HR,33.7,41.4,26.5,0.0
2042-05-22,EC_Earth3P_HR,34.8,42.8,26.5,0.0
2042-05-23,EC_Earth3P_HR,35.1,43.8,25.1,0.0
2042-05-24,EC_Earth3P_HR,34.8,44.3,25.2,0.0
2042-05-25,EC_Earth3P_HR,35.3,42.1,28.1,0.0
2042-05-26,EC_Earth3P_HR,37.4,43.7,30.5,0.0
2042-05-27,EC_Earth3P_HR,37.4,43.9,30.5,0.0
2042-05-28,EC_Earth3P_HR,36.8,44.7,30.1,0.0
2042-05-29,EC_Earth3P_HR,36.3,42.5,30.0,0.0
2042-05-30,EC_Earth3P_HR,37.0,42.7,31.1,0.0
2042-05-31,EC_Earth3P_HR,37.0,42.0,31.6,0.0
2042-06-01,EC_Earth3P_HR,36.6,40.7,32.6,0.0
2042-06-02,EC_Earth3P_HR,37.0,40.7,32.6,0.0
2042-06-03,EC_Earth3P_HR,37.8,41.4,33.3,0.0
2042-06-04,EC_Earth3P_HR,39.3,45.1,33.0,0.0
2042-06-05,EC_Earth3P_HR,39.9,46.0,31.8,0.1
2042-06-06,EC_Earth3P_HR,36.0,42.4,27.6,1.09
2042-06-07,EC_Earth3P_HR,34.2,39.0,27.6,0.4
2042-06-08,EC_Earth3P_HR,35.2,39.1,30.9,0.1
2042-06-09,EC_Earth3P_HR,35.3,40.0,31.2,0.0
2042-06-10,EC_Earth3P_HR,34.6,39.0,31.1,0.9
2042-06-11,EC_Earth3P_HR,35.0,39.7,31.4,0.2
2042-06-12,EC_Earth3P_HR,34.9,38.3,31.2,0.0
2042-06-13,EC_Earth3P_HR,35.7,39.4,31.1,0.1
2042-06-14,EC_Earth3P_HR,36.0,39.8,30.6,1.2
2042-06-15,EC_Earth3P_HR,34.0,38.6,29.0,6.9
2042-06-16,EC_Earth3P_HR,31.6,35.2,28.4,9.61
2042-06-17,EC_Earth3P_HR,30.8,33.1,27.9,12.02
2042-06-18,EC_Earth3P_HR,30.9,34.5,27.9,5.51
2042-06-19,EC_Earth3P_HR,31.2,34.3,28.0,2.71
2042-06-20,EC_Earth3P_HR,31.5,34.8,28.3,3.91
2042-06-21,EC_Earth3P_HR,30.3,33.7,28.0,15.27
2042-06-22,EC_Earth3P_HR,30.5,34.0,27.9,19.19
2042-06-23,EC_Earth3P_HR,29.8,32.7,27.9,13.27
2042-06-24,EC_Earth3P_HR,31.2,34.1,28.2,1.11
2042-06-25,EC_Earth3P_HR,31.0,34.2,28.1,6.84
2042-06-26,EC_Earth3P_HR,29.5,32.0,27.4,24.87
2042-06-27,EC_Earth3P_HR,29.7,32.8,27.4,7.15
2042-06-28,EC_Earth3P_HR,31.0,34.5,27.6,0.91
2042-06-29,EC_Earth3P_HR,31.9,34.9,28.0,10.29
2042-06-30,EC_Earth3P_HR,29.6,31.9,27.6,10.8
2042-07-01,EC_Earth3P_HR,31.0,35.0,27.7,6.36
2042-07-02,EC_Earth3P_HR,31.5,34.6,28.3,1.01
2042-07-03,EC_Earth3P_HR,30.2,32.3,28.1,1.11
2042-07-04,EC_Earth3P_HR,29.5,31.4,27.4,2.73
2042-07-05,EC_Earth3P_HR,30.3,33.0,27.4,0.4
2042-07-06,EC_Earth3P_HR,30.8,33.8,27.6,0.0
2042-07-07,EC_Earth3P_HR,29.5,31.6,27.5,4.23
2042-07-08,EC_Earth3P_HR,30.6,33.3,27.5,1.61
2042-07-09,EC_Earth3P_HR,29.9,33.6,27.1,3.12
2042-07-10,EC_Earth3P_HR,29.7,33.3,27.1,6.64
2042-07-11,EC_Earth3P_HR,29.6,33.5,27.1,7.94
2042-07-12,EC_Earth3P_HR,30.6,34.5,27.1,5.83
2042-07-13,EC_Earth3P_HR,30.2,33.4,27.9,15.96
2042-07-14,EC_Earth3P_HR,29.5,32.6,27.6,13.44
2042-07-15,EC_Earth3P_HR,29.1,31.7,27.4,17.35
2042-07-16,EC_Earth3P_HR,29.8,32.8,27.4,13.33
2042-07-17,EC_Earth3P_HR,31.3,34.5,27.6,3.5
2042-07-18,EC_Earth3P_HR,31.7,34.5,28.3,4.4
2042-07-19,EC_Earth3P_HR,30.1,31.6,27.8,23.81
2042-07-20,EC_Earth3P_HR,29.1,31.9,27.4,30.19
2042-07-21,EC_Earth3P_HR,28.1,29.0,27.2,16.48
2042-07-22,EC_Earth3P_HR,29.1,31.8,27.2,18.07
2042-07-23,EC_Earth3P_HR,31.0,34.4,27.7,9.78
2042-07-24,EC_Earth3P_HR,30.6,33.8,27.7,2.29
2042-07-25,EC_Earth3P_HR,31.1,33.9,28.3,1.1
2042-07-26,EC_Earth3P_HR,30.7,34.1,28.0,1.29
2042-07-27,EC_Earth3P_HR,30.5,33.8,27.3,5.08
2042-07-28,EC_Earth3P_HR,30.2,33.2,27.4,17.01
2042-07-29,EC_Earth3P_HR,28.6,30.1,27.3,41.06
2042-07-30,EC_Earth3P_HR,27.6,29.0,26.6,37.16
2042-07-31,EC_Earth3P_HR,27.8,29.3,26.3,15.79
2042-08-01,EC_Earth3P_HR,28.9,31.5,26.3,4.96
2042-08-02,EC_Earth3P_HR,29.8,32.7,26.7,3.07
2042-08-03,EC_Earth3P_HR,29.6,32.0,27.5,9.02
2042-08-04,EC_Earth3P_HR,29.2,31.6,27.2,9.91
2042-08-05,EC_Earth3P_HR,29.3,32.2,27.2,11.49
2042-08-06,EC_Earth3P_HR,29.2,30.8,27.1,10.88
2042-08-07,EC_Earth3P_HR,28.2,29.0,26.5,24.03
2042-08-08,EC_Earth3P_HR,28.7,30.7,26.5,1.48
2042-08-09,EC_Earth3P_HR,29.6,32.4,27.0,5.93
2042-08-10,EC_Earth3P_HR,28.6,32.3,26.9,10.86
2042-08-11,EC_Earth3P_HR,28.7,31.5,26.3,7.6
2042-08-12,EC_Earth3P_HR,28.9,33.3,26.3,5.23
2042-08-13,EC_Earth3P_HR,30.3,33.3,26.4,2.76
2042-08-14,EC_Earth3P_HR,30.9,33.7,27.5,10.05
2042-08-15,EC_Earth3P_HR,29.4,32.0,27.4,9.45
2042-08-16,EC_Earth3P_HR,28.6,30.8,26.8,12.49
2042-08-17,EC_Earth3P_HR,28.1,29.8,26.8,10.72
2042-08-18,EC_Earth3P_HR,27.7,29.2,26.6,13.56
2042-08-19,EC_Earth3P_HR,28.9,33.1,26.6,15.12
2042-08-20,EC_Earth3P_HR,29.5,32.7,27.1,9.03
2042-08-21,EC_Earth3P_HR,29.6,33.5,26.9,11.28
2042-08-22,EC_Earth3P_HR,29.2,32.5,26.7,11.67
2042-08-23,EC_Earth3P_HR,28.5,31.7,26.5,12.34
2042-08-24,EC_Earth3P_HR,28.8,32.3,26.5,4.8
2042-08-25,EC_Earth3P_HR,29.3,32.8,26.6,6.95
2042-08-26,EC_Earth3P_HR,29.2,32.6,27.1,9.0
2042-08-27,EC_Earth3P_HR,29.9,33.0,27.1,0.98
2042-08-28,EC_Earth3P_HR,29.8,33.1,27.1,2.05
2042-08-29,EC_Earth3P_HR,28.8,32.0,25.7,8.79
2042-08-30,EC_Earth3P_HR,27.8,31.5,25.7,14.44
2042-08-31,EC_Earth3P_HR,27.8,30.6,25.9,28.18
2042-09-01,EC_Earth3P_HR,27.8,30.0,26.1,20.37
2042-09-02,EC_Earth3P_HR,27.7,31.0,26.1,17.14
2042-09-03,EC_Earth3P_HR,28.0,31.8,26.1,13.03
2042-09-04,EC_Earth3P_HR,28.0,31.6,25.9,9.23
2042-09-05,EC_Earth3P_HR,28.0,30.4,25.9,3.1
2042-09-06,EC_Earth3P_HR,28.5,31.6,25.9,2.61
2042-09-07,EC_Earth3P_HR,28.2,31.8,26.0,8.8
2042-09-08,EC_Earth3P_HR,28.5,32.0,25.8,6.66
2042-09-09,EC_Earth3P_HR,27.9,30.7,25.8,9.92
2042-09-10,EC_Earth3P_HR,27.7,31.4,26.1,6.83
2042-09-11,EC_Earth3P_HR,28.4,32.6,26.2,2.21
2042-09-12,EC_Earth3P_HR,28.9,33.3,26.6,6.33
2042-09-13,EC_Earth3P_HR,29.0,32.1,26.5,9.47
2042-09-14,EC_Earth3P_HR,29.1,32.8,26.7,8.12
2042-09-15,EC_Earth3P_HR,29.5,33.0,26.6,2.1
2042-09-16,EC_Earth3P_HR,29.7,32.6,26.9,0.76
2042-09-17,EC_Earth3P_HR,27.6,30.1,25.7,15.66
2042-09-18,EC_Earth3P_HR,26.5,28.5,25.6,29.26
2042-09-19,EC_Earth3P_HR,28.0,31.3,25.2,7.75
2042-09-20,EC_Earth3P_HR,27.5,31.6,25.3,16.59
2042-09-21,EC_Earth3P_HR,27.8,31.7,25.5,9.21
2042-09-22,EC_Earth3P_HR,27.5,31.1,25.2,5.16
2042-09-23,EC_Earth3P_HR,27.6,30.6,24.8,2.24
2042-09-24,EC_Earth3P_HR,27.7,31.6,24.7,2.8
2042-09-25,EC_Earth3P_HR,28.1,32.1,24.6,1.02
2042-09-26,EC_Earth3P_HR,28.0,31.9,23.8,0.83
2042-09-27,EC_Earth3P_HR,28.4,32.4,23.7,1.11
2042-09-28,EC_Earth3P_HR,28.7,32.4,24.7,2.4
2042-09-29,EC_Earth3P_HR,28.6,32.5,25.5,8.36
2042-09-30,EC_Earth3P_HR,28.2,32.4,25.5,8.61
2042-10-01,EC_Earth3P_HR,27.5,30.0,25.2,7.21
2042-10-02,EC_Earth3P_HR,27.6,30.8,25.0,2.54
2042-10-03,EC_Earth3P_HR,28.1,31.7,24.2,1.45
2042-10-04,EC_Earth3P_HR,28.0,32.1,24.1,0.63
2042-10-05,EC_Earth3P_HR,28.1,32.5,23.8,0.18
2042-10-06,EC_Earth3P_HR,28.6,32.6,24.0,1.25
2042-10-07,EC_Earth3P_HR,28.6,32.9,24.4,0.62
2042-10-08,EC_Earth3P_HR,28.0,32.4,23.5,0.35
2042-10-09,EC_Earth3P_HR,27.7,32.5,23.6,0.09
2042-10-10,EC_Earth3P_HR,27.7,32.1,23.7,0.96
2042-10-11,EC_Earth3P_HR,27.4,32.0,23.5,0.87
2042-10-12,EC_Earth3P_HR,27.0,31.9,22.8,0.52
2042-10-13,EC_Earth3P_HR,27.2,31.2,22.7,0.34
2042-10-14,EC_Earth3P_HR,27.1,31.5,22.3,0.17
2042-10-15,EC_Earth3P_HR,26.5,30.9,22.0,0.68
2042-10-16,EC_Earth3P_HR,25.7,30.7,21.9,4.71
2042-10-17,EC_Earth3P_HR,25.5,30.2,21.5,0.83
2042-10-18,EC_Earth3P_HR,25.4,29.8,21.5,0.33
2042-10-19,EC_Earth3P_HR,25.8,30.1,22.3,1.15
2042-10-20,EC_Earth3P_HR,26.1,30.0,22.2,0.4
2042-10-21,EC_Earth3P_HR,25.3,30.3,20.8,2.32
2042-10-22,EC_Earth3P_HR,24.5,29.3,20.6,1.27
2042-10-23,EC_Earth3P_HR,24.6,28.4,20.2,0.08
2042-10-24,EC_Earth3P_HR,24.4,29.8,19.6,0.0
2042-10-25,EC_Earth3P_HR,25.2,30.2,19.6,0.0
2042-10-26,EC_Earth3P_HR,25.3,30.7,20.1,0.0
2042-10-27,EC_Earth3P_HR,25.6,30.1,19.8,0.0
2042-10-28,EC_Earth3P_HR,25.3,30.5,19.5,0.0
2042-10-29,EC_Earth3P_HR,25.4,30.1,19.8,0.0
2042-10-30,EC_Earth3P_HR,25.2,30.0,19.1,0.07
2042-10-31,EC_Earth3P_HR,24.2,30.4,18.7,0.0
2042-11-01,EC_Earth3P_HR,24.2,30.1,18.6,0.0
2042-11-02,EC_Earth3P_HR,25.1,30.0,18.9,0.0
2042-11-03,EC_Earth3P_HR,25.0,29.9,19.2,0.0
2042-11-04,EC_Earth3P_HR,24.5,30.6,18.3,0.0
2042-11-05,EC_Earth3P_HR,24.9,30.4,17.3,0.0
2042-11-06,EC_Earth3P_HR,23.6,29.7,16.7,0.0
2042-11-07,EC_Earth3P_HR,23.3,29.2,17.0,0.0
2042-11-08,EC_Earth3P_HR,23.9,29.3,18.2,0.0
2042-11-09,EC_Earth3P_HR,23.6,30.0,18.0,0.0
2042-11-10,EC_Earth3P_HR,23.3,30.1,17.7,0.0
2042-11-11,EC_Earth3P_HR,21.9,29.0,16.3,0.0
2042-11-12,EC_Earth3P_HR,23.4,29.1,16.2,0.0
2042-11-13,EC_Earth3P_HR,23.9,28.2,19.5,0.0
2042-11-14,EC_Earth3P_HR,24.3,29.7,18.5,0.0
2042-11-15,EC_Earth3P_HR,24.4,29.6,17.9,0.0
2042-11-16,EC_Earth3P_HR,23.7,29.9,19.2,0.0
2042-11-17,EC_Earth3P_HR,23.6,30.4,17.3,0.0
2042-11-18,EC_Earth3P_HR,22.2,28.1,16.7,0.0
2042-11-19,EC_Earth3P_HR,23.2,28.7,17.9,2.09
2042-11-20,EC_Earth3P_HR,20.7,24.7,17.7,1.69
2042-11-21,EC_Earth3P_HR,21.9,26.0,17.6,0.0
2042-11-22,EC_Earth3P_HR,20.5,26.1,15.0,0.0
2042-11-23,EC_Earth3P_HR,18.6,25.8,12.9,0.0
2042-11-24,EC_Earth3P_HR,18.3,25.7,12.3,0.0
2042-11-25,EC_Earth3P_HR,19.5,25.2,11.6,0.0
2042-11-26,EC_Earth3P_HR,20.3,25.2,13.5,0.0
2042-11-27,EC_Earth3P_HR,20.1,25.6,13.6,0.0
2042-11-28,EC_Earth3P_HR,18.7,24.9,13.4,0.0
2042-11-29,EC_Earth3P_HR,19.5,24.8,13.2,0.0
2042-11-30,EC_Earth3P_HR,18.1,24.4,12.8,0.0
2042-12-01,EC_Earth3P_HR,20.2,25.9,13.6,0.0
2042-12-02,EC_Earth3P_HR,20.6,26.5,13.5,0.0
2042-12-03,EC_Earth3P_HR,20.2,26.6,13.6,0.0
2042-12-04,EC_Earth3P_HR,19.9,26.1,14.4,0.0
2042-12-05,EC_Earth3P_HR,19.9,25.9,14.1,0.0
2042-12-06,EC_Earth3P_HR,19.6,25.0,14.8,0.3
2042-12-07,EC_Earth3P_HR,18.3,22.4,13.8,1.06
2042-12-08,EC_Earth3P_HR,18.0,24.1,13.5,0.0
2042-12-09,EC_Earth3P_HR,17.9,24.1,13.4,0.0
2042-12-10,EC_Earth3P_HR,18.0,23.5,12.9,0.0
2042-12-11,EC_Earth3P_HR,17.5,23.1,12.6,0.0
2042-12-12,EC_Earth3P_HR,17.7,24.6,11.7,0.0
2042-12-13,EC_Earth3P_HR,17.2,24.7,11.3,0.0
2042-12-14,EC_Earth3P_HR,17.8,25.1,12.0,0.0
2042-12-15,EC_Earth3P_HR,17.1,23.6,11.5,0.0
2042-12-16,EC_Earth3P_HR,15.8,23.1,10.8,0.0
2042-12-17,EC_Earth3P_HR,17.0,23.5,10.3,0.0
2042-12-18,EC_Earth3P_HR,16.0,23.7,9.9,0.0
2042-12-19,EC_Earth3P_HR,15.3,23.0,9.2,0.0
2042-12-20,EC_Earth3P_HR,17.2,22.4,8.5,0.0
2042-12-21,EC_Earth3P_HR,17.6,22.5,9.4,0.0
2042-12-22,EC_Earth3P_HR,15.1,22.7,8.7,0.0
2042-12-23,EC_Earth3P_HR,14.9,22.7,8.3,0.0
2042-12-24,EC_Earth3P_HR,15.4,23.3,9.7,0.0
2042-12-25,EC_Earth3P_HR,16.3,23.3,10.2,0.0
2042-12-26,EC_Earth3P_HR,15.6,22.8,9.6,0.0
2042-12-27,EC_Earth3P_HR,15.0,22.2,8.5,0.0
2042-12-28,EC_Earth3P_HR,15.2,22.3,8.1,0.0
2042-12-29,EC_Earth3P_HR,16.7,23.7,11.1,0.0
2042-12-30,EC_Earth3P_HR,17.1,23.8,11.4,0.0
2042-12-31,EC_Earth3P_HR,15.3,22.7,9.5,0.0
2043-01-01,EC_Earth3P_HR,15.1,22.5,9.2,0.0
2043-01-02,EC_Earth3P_HR,17.5,22.7,9.5,0.0
2043-01-03,EC_Earth3P_HR,17.4,23.2,11.0,2.96
2043-01-04,EC_Earth3P_HR,15.5,16.1,14.1,5.8
2043-01-05,EC_Earth3P_HR,16.0,20.3,12.7,0.0
2043-01-06,EC_Earth3P_HR,15.2,20.9,10.4,0.0
2043-01-07,EC_Earth3P_HR,14.8,21.2,9.8,0.0
2043-01-08,EC_Earth3P_HR,15.3,21.4,9.6,0.0
2043-01-09,EC_Earth3P_HR,15.2,21.3,9.2,0.0
2043-01-10,EC_Earth3P_HR,14.3,22.0,9.0,0.0
2043-01-11,EC_Earth3P_HR,16.5,24.1,10.0,0.0
2043-01-12,EC_Earth3P_HR,16.7,24.0,11.0,0.0
2043-01-13,EC_Earth3P_HR,17.2,24.7,11.0,0.0
2043-01-14,EC_Earth3P_HR,17.7,24.0,12.5,0.0
2043-01-15,EC_Earth3P_HR,14.9,21.2,8.8,0.0
2043-01-16,EC_Earth3P_HR,12.6,19.8,7.5,0.0
2043-01-17,EC_Earth3P_HR,13.2,21.3,6.9,0.0
2043-01-18,EC_Earth3P_HR,14.2,22.3,7.7,0.0
2043-01-19,EC_Earth3P_HR,14.9,22.3,8.2,0.0
2043-01-20,EC_Earth3P_HR,15.5,22.8,9.8,0.0
2043-01-21,EC_Earth3P_HR,15.8,23.9,10.6,0.0
2043-01-22,EC_Earth3P_HR,17.0,24.8,10.0,0.0
2043-01-23,EC_Earth3P_HR,17.1,24.8,11.1,0.0
2043-01-24,EC_Earth3P_HR,16.2,24.9,10.5,0.0
2043-01-25,EC_Earth3P_HR,17.1,25.7,9.9,0.0
2043-01-26,EC_Earth3P_HR,18.8,26.5,12.3,0.0
2043-01-27,EC_Earth3P_HR,19.2,27.9,13.6,0.0
2043-01-28,EC_Earth3P_HR,19.8,28.2,13.7,0.0
2043-01-29,EC_Earth3P_HR,19.4,28.0,12.7,0.0
2043-01-30,EC_Earth3P_HR,21.6,29.8,12.4,0.0
2043-01-31,EC_Earth3P_HR,22.1,28.3,14.6,0.0
2043-02-01,EC_Earth3P_HR,17.1,23.6,11.1,0.0
2043-02-02,EC_Earth3P_HR,16.2,22.4,9.7,0.0
2043-02-03,EC_Earth3P_HR,15.7,18.9,11.7,10.62
2043-02-04,EC_Earth3P_HR,17.6,21.9,13.5,0.23
2043-02-05,EC_Earth3P_HR,18.3,23.4,15.0,0.11
2043-02-06,EC_Earth3P_HR,18.8,24.3,13.6,0.0
2043-02-07,EC_Earth3P_HR,17.8,20.4,13.5,21.24
2043-02-08,EC_Earth3P_HR,16.1,19.3,11.5,5.53
2043-02-09,EC_Earth3P_HR,14.7,20.0,10.0,0.0
2043-02-10,EC_Earth3P_HR,13.6,20.1,8.3,0.0
2043-02-11,EC_Earth3P_HR,14.6,20.6,7.9,0.0
2043-02-12,EC_Earth3P_HR,15.1,20.4,10.4,0.0
2043-02-13,EC_Earth3P_HR,13.7,20.7,8.2,0.0
2043-02-14,EC_Earth3P_HR,14.5,22.2,7.5,0.0
2043-02-15,EC_Earth3P_HR,15.7,23.0,8.6,0.0
2043-02-16,EC_Earth3P_HR,16.7,23.7,10.2,0.0
2043-02-17,EC_Earth3P_HR,17.4,24.5,10.6,0.0
2043-02-18,EC_Earth3P_HR,17.3,24.5,9.7,0.0
2043-02-19,EC_Earth3P_HR,18.4,24.3,10.3,1.35
2043-02-20,EC_Earth3P_HR,18.9,23.3,15.1,2.59
2043-02-21,EC_Earth3P_HR,17.8,23.3,13.2,0.0
2043-02-22,EC_Earth3P_HR,18.1,24.4,12.0,0.0
2043-02-23,EC_Earth3P_HR,19.5,25.4,13.9,0.23
2043-02-24,EC_Earth3P_HR,20.7,27.2,14.0,0.11
2043-02-25,EC_Earth3P_HR,20.3,24.6,17.1,9.91
2043-02-26,EC_Earth3P_HR,20.0,25.7,15.6,0.11
2043-02-27,EC_Earth3P_HR,18.7,24.8,12.7,0.0
2043-02-28,EC_Earth3P_HR,17.9,24.6,12.0,0.0
2043-03-01,EC_Earth3P_HR,17.9,24.7,11.8,0.0
2043-03-02,EC_Earth3P_HR,18.5,25.2,11.2,0.0
2043-03-03,EC_Earth3P_HR,20.1,26.0,11.2,0.0
2043-03-04,EC_Earth3P_HR,21.7,27.6,14.4,0.0
2043-03-05,EC_Earth3P_HR,22.2,30.2,13.8,0.0
2043-03-06,EC_Earth3P_HR,24.0,31.8,16.2,0.0
2043-03-07,EC_Earth3P_HR,22.8,30.7,16.8,0.0
2043-03-08,EC_Earth3P_HR,24.5,31.7,15.9,0.22
2043-03-09,EC_Earth3P_HR,23.3,29.7,17.0,0.22
2043-03-10,EC_Earth3P_HR,24.0,30.8,16.9,0.0
2043-03-11,EC_Earth3P_HR,24.8,31.7,17.7,0.0
2043-03-12,EC_Earth3P_HR,24.7,32.4,17.1,0.11
2043-03-13,EC_Earth3P_HR,27.4,34.5,21.1,0.0
2043-03-14,EC_Earth3P_HR,28.2,35.4,22.2,0.0
2043-03-15,EC_Earth3P_HR,29.3,35.6,23.3,0.0
2043-03-16,EC_Earth3P_HR,30.5,36.4,23.9,0.0
2043-03-17,EC_Earth3P_HR,30.7,37.3,23.2,0.0
2043-03-18,EC_Earth3P_HR,28.8,35.4,22.2,0.0
2043-03-19,EC_Earth3P_HR,30.3,37.6,23.4,0.0
2043-03-20,EC_Earth3P_HR,29.6,37.9,19.8,0.0
2043-03-21,EC_Earth3P_HR,27.9,36.6,19.2,0.0
2043-03-22,EC_Earth3P_HR,27.6,34.5,19.7,0.0
2043-03-23,EC_Earth3P_HR,27.7,35.2,20.4,0.0
2043-03-24,EC_Earth3P_HR,28.7,36.1,19.8,0.0
2043-03-25,EC_Earth3P_HR,29.0,36.6,21.6,0.0
2043-03-26,EC_Earth3P_HR,29.9,37.9,22.3,0.0
2043-03-27,EC_Earth3P_HR,30.6,38.0,21.6,0.0
2043-03-28,EC_Earth3P_HR,30.2,36.3,23.5,0.0
2043-03-29,EC_Earth3P_HR,30.1,37.2,22.8,0.0
2043-03-30,EC_Earth3P_HR,31.3,37.4,24.0,0.0
2043-03-31,EC_Earth3P_HR,30.5,36.5,23.6,0.0
2043-04-01,EC_Earth3P_HR,30.3,37.3,23.2,0.0
2043-04-02,EC_Earth3P_HR,29.1,35.9,22.7,0.0
2043-04-03,EC_Earth3P_HR,27.8,34.1,21.8,0.0
2043-04-04,EC_Earth3P_HR,29.5,37.1,21.4,0.0
2043-04-05,EC_Earth3P_HR,29.8,36.5,22.4,0.09
2043-04-06,EC_Earth3P_HR,29.8,37.3,22.0,0.0
2043-04-07,EC_Earth3P_HR,30.5,38.3,23.0,0.0
2043-04-08,EC_Earth3P_HR,30.7,39.5,22.7,0.0
2043-04-09,EC_Earth3P_HR,32.6,40.7,22.4,0.0
2043-04-10,EC_Earth3P_HR,33.5,40.0,26.8,0.0
2043-04-11,EC_Earth3P_HR,32.4,39.5,23.2,0.0
2043-04-12,EC_Earth3P_HR,31.6,39.5,23.0,0.0
2043-04-13,EC_Earth3P_HR,32.1,39.8,23.5,0.0
2043-04-14,EC_Earth3P_HR,30.5,38.9,21.3,0.0
2043-04-15,EC_Earth3P_HR,30.9,38.8,21.0,0.0
2043-04-16,EC_Earth3P_HR,32.6,39.2,24.4,0.0
2043-04-17,EC_Earth3P_HR,33.3,39.5,27.2,0.0
2043-04-18,EC_Earth3P_HR,34.0,40.6,26.9,0.0
2043-04-19,EC_Earth3P_HR,33.6,41.1,24.7,0.0
2043-04-20,EC_Earth3P_HR,33.6,41.1,24.5,0.0
2043-04-21,EC_Earth3P_HR,29.6,37.5,21.8,0.0
2043-04-22,EC_Earth3P_HR,29.6,36.7,21.5,0.0
2043-04-23,EC_Earth3P_HR,31.2,38.9,22.5,0.0
2043-04-24,EC_Earth3P_HR,31.1,38.6,23.6,0.0
2043-04-25,EC_Earth3P_HR,31.7,39.7,23.2,0.0
2043-04-26,EC_Earth3P_HR,33.4,41.6,24.6,0.0
2043-04-27,EC_Earth3P_HR,33.0,40.3,25.1,0.0
2043-04-28,EC_Earth3P_HR,33.4,40.8,25.3,0.0
2043-04-29,EC_Earth3P_HR,33.5,41.3,24.4,0.0
2043-04-30,EC_Earth3P_HR,34.8,43.0,24.3,0.0
2043-05-01,EC_Earth3P_HR,36.1,43.5,27.6,0.0
2043-05-02,EC_Earth3P_HR,35.6,42.9,28.6,0.0
2043-05-03,EC_Earth3P_HR,35.3,41.8,28.3,0.0
2043-05-04,EC_Earth3P_HR,35.5,42.6,27.9,0.0
2043-05-05,EC_Earth3P_HR,34.6,43.1,26.9,0.0
2043-05-06,EC_Earth3P_HR,34.2,41.8,26.8,0.0
2043-05-07,EC_Earth3P_HR,34.1,40.3,26.8,0.26
2043-05-08,EC_Earth3P_HR,33.1,40.7,28.1,2.15
2043-05-09,EC_Earth3P_HR,33.6,39.5,26.5,0.09
2043-05-10,EC_Earth3P_HR,33.7,40.8,25.4,0.0
2043-05-11,EC_Earth3P_HR,32.0,39.1,25.4,0.0
2043-05-12,EC_Earth3P_HR,32.4,39.6,25.4,0.65
2043-05-13,EC_Earth3P_HR,32.5,39.7,25.3,0.0
2043-05-14,EC_Earth3P_HR,29.7,33.9,25.1,0.0
2043-05-15,EC_Earth3P_HR,30.8,36.7,25.0,0.0
2043-05-16,EC_Earth3P_HR,28.0,32.3,23.3,0.95
2043-05-17,EC_Earth3P_HR,30.6,36.7,23.2,0.0
2043-05-18,EC_Earth3P_HR,32.4,39.6,24.5,0.0
2043-05-19,EC_Earth3P_HR,34.7,41.1,26.7,0.0
2043-05-20,EC_Earth3P_HR,35.4,40.6,28.3,0.0
2043-05-21,EC_Earth3P_HR,35.9,42.4,28.3,0.0
2043-05-22,EC_Earth3P_HR,35.3,41.7,28.4,0.0
2043-05-23,EC_Earth3P_HR,36.3,43.1,28.7,0.0
2043-05-24,EC_Earth3P_HR,36.6,43.0,28.9,0.0
2043-05-25,EC_Earth3P_HR,37.7,44.7,28.9,0.0
2043-05-26,EC_Earth3P_HR,37.8,44.3,29.9,0.0
2043-05-27,EC_Earth3P_HR,37.1,43.8,30.0,0.0
2043-05-28,EC_Earth3P_HR,37.8,44.8,29.9,0.0
2043-05-29,EC_Earth3P_HR,38.0,45.2,29.5,0.0
2043-05-30,EC_Earth3P_HR,36.8,45.1,27.9,0.0
2043-05-31,EC_Earth3P_HR,37.8,45.4,27.6,0.0
2043-06-01,EC_Earth3P_HR,38.1,45.6,28.7,0.0
2043-06-02,EC_Earth3P_HR,38.3,45.5,31.1,0.0
2043-06-03,EC_Earth3P_HR,37.8,44.5,31.0,0.0
2043-06-04,EC_Earth3P_HR,36.1,43.4,30.3,2.77
2043-06-05,EC_Earth3P_HR,36.6,43.4,30.2,0.0
2043-06-06,EC_Earth3P_HR,37.1,44.9,30.0,0.0
2043-06-07,EC_Earth3P_HR,37.2,44.6,30.1,0.0
2043-06-08,EC_Earth3P_HR,36.6,43.1,30.9,0.0
2043-06-09,EC_Earth3P_HR,37.0,42.5,30.8,0.1
2043-06-10,EC_Earth3P_HR,37.3,43.0,32.1,0.3
2043-06-11,EC_Earth3P_HR,36.8,42.7,29.3,8.17
2043-06-12,EC_Earth3P_HR,35.0,39.8,28.6,7.68
2043-06-13,EC_Earth3P_HR,32.0,34.8,28.6,0.6
2043-06-14,EC_Earth3P_HR,29.8,31.2,28.0,7.5
2043-06-15,EC_Earth3P_HR,32.3,36.5,28.1,0.0
2043-06-16,EC_Earth3P_HR,32.6,35.8,28.1,12.01
2043-06-17,EC_Earth3P_HR,32.0,35.1,28.1,9.62
2043-06-18,EC_Earth3P_HR,32.8,36.2,28.2,2.2
2043-06-19,EC_Earth3P_HR,32.7,36.1,28.7,3.61
2043-06-20,EC_Earth3P_HR,32.9,35.9,28.6,3.61
2043-06-21,EC_Earth3P_HR,34.5,40.0,29.8,6.02
2043-06-22,EC_Earth3P_HR,34.7,39.0,29.1,2.61
2043-06-23,EC_Earth3P_HR,33.7,39.3,27.4,4.22
2043-06-24,EC_Earth3P_HR,30.5,34.6,27.4,0.8
2043-06-25,EC_Earth3P_HR,29.2,32.3,27.4,10.06
2043-06-26,EC_Earth3P_HR,31.3,35.5,27.7,0.4
2043-06-27,EC_Earth3P_HR,32.2,36.2,28.8,0.0
2043-06-28,EC_Earth3P_HR,31.0,35.3,28.2,5.64
2043-06-29,EC_Earth3P_HR,31.1,34.1,28.1,1.21
2043-06-30,EC_Earth3P_HR,32.0,35.4,28.6,1.41
2043-07-01,EC_Earth3P_HR,30.6,34.8,27.9,8.28
2043-07-02,EC_Earth3P_HR,31.1,34.6,28.0,4.95
2043-07-03,EC_Earth3P_HR,30.4,34.6,27.4,14.14
2043-07-04,EC_Earth3P_HR,31.4,35.1,27.4,1.41
2043-07-05,EC_Earth3P_HR,32.3,37.5,28.9,7.26
2043-07-06,EC_Earth3P_HR,29.4,32.6,26.8,17.75
2043-07-07,EC_Earth3P_HR,29.6,32.3,26.8,4.53
2043-07-08,EC_Earth3P_HR,30.2,33.9,27.4,16.72
2043-07-09,EC_Earth3P_HR,29.1,32.9,27.3,15.2
2043-07-10,EC_Earth3P_HR,28.2,30.0,27.3,33.19
2043-07-11,EC_Earth3P_HR,28.9,32.4,27.5,11.66
2043-07-12,EC_Earth3P_HR,29.9,32.9,27.5,11.05
2043-07-13,EC_Earth3P_HR,29.8,33.4,27.6,4.72
2043-07-14,EC_Earth3P_HR,29.8,33.3,27.4,12.54
2043-07-15,EC_Earth3P_HR,29.8,32.2,27.3,7.62
2043-07-16,EC_Earth3P_HR,29.4,32.3,27.4,18.04
2043-07-17,EC_Earth3P_HR,29.5,32.3,27.3,24.84
2043-07-18,EC_Earth3P_HR,29.7,33.2,27.3,8.11
2043-07-19,EC_Earth3P_HR,29.6,32.4,27.3,8.0
2043-07-20,EC_Earth3P_HR,29.7,31.9,27.3,10.9
2043-07-21,EC_Earth3P_HR,31.1,34.0,27.9,2.8
2043-07-22,EC_Earth3P_HR,30.6,33.3,28.0,5.19
2043-07-23,EC_Earth3P_HR,30.6,33.9,28.0,2.59
2043-07-24,EC_Earth3P_HR,31.1,34.6,28.0,0.5
2043-07-25,EC_Earth3P_HR,31.0,34.4,27.9,2.39
2043-07-26,EC_Earth3P_HR,31.4,34.8,27.9,1.3
2043-07-27,EC_Earth3P_HR,31.0,34.1,28.0,8.36
2043-07-28,EC_Earth3P_HR,30.2,33.3,27.7,23.08
2043-07-29,EC_Earth3P_HR,30.4,32.8,27.8,5.87
2043-07-30,EC_Earth3P_HR,30.9,33.4,28.5,1.19
2043-07-31,EC_Earth3P_HR,30.8,33.1,28.7,1.49
2043-08-01,EC_Earth3P_HR,30.3,33.4,27.4,2.48
2043-08-02,EC_Earth3P_HR,30.8,33.7,27.2,6.94
2043-08-03,EC_Earth3P_HR,29.2,30.6,27.6,20.52
2043-08-04,EC_Earth3P_HR,28.2,29.8,26.9,84.82
2043-08-05,EC_Earth3P_HR,28.6,31.2,26.8,57.83
2043-08-06,EC_Earth3P_HR,29.4,33.0,26.8,9.8
2043-08-07,EC_Earth3P_HR,29.9,32.8,27.2,12.46
2043-08-08,EC_Earth3P_HR,31.4,34.4,27.8,0.59
2043-08-09,EC_Earth3P_HR,30.9,33.4,28.5,1.19
2043-08-10,EC_Earth3P_HR,30.2,33.2,27.8,1.88
2043-08-11,EC_Earth3P_HR,29.8,32.9,27.1,15.99
2043-08-12,EC_Earth3P_HR,28.8,32.1,26.9,14.1
2043-08-13,EC_Earth3P_HR,28.7,31.6,27.0,16.36
2043-08-14,EC_Earth3P_HR,28.7,31.5,27.0,12.12
2043-08-15,EC_Earth3P_HR,29.0,31.3,27.0,5.41
2043-08-16,EC_Earth3P_HR,29.6,32.3,27.0,7.08
2043-08-17,EC_Earth3P_HR,29.9,33.1,27.0,8.55
2043-08-18,EC_Earth3P_HR,29.6,32.2,27.1,17.79
2043-08-19,EC_Earth3P_HR,28.7,30.5,26.5,10.71
2043-08-20,EC_Earth3P_HR,28.8,31.0,26.5,7.56
2043-08-21,EC_Earth3P_HR,29.3,32.3,26.8,6.67
2043-08-22,EC_Earth3P_HR,29.5,32.1,27.6,7.35
2043-08-23,EC_Earth3P_HR,29.6,32.4,26.5,4.02
2043-08-24,EC_Earth3P_HR,29.6,33.1,26.5,7.74
2043-08-25,EC_Earth3P_HR,30.3,33.7,27.4,9.98
2043-08-26,EC_Earth3P_HR,30.9,33.9,27.4,4.3
2043-08-27,EC_Earth3P_HR,29.9,32.5,27.3,14.57
2043-08-28,EC_Earth3P_HR,29.2,31.7,27.2,9.18
2043-08-29,EC_Earth3P_HR,29.2,31.5,27.1,5.76
2043-08-30,EC_Earth3P_HR,29.3,31.8,27.0,9.17
2043-08-31,EC_Earth3P_HR,28.8,30.8,26.9,3.9
2043-09-01,EC_Earth3P_HR,29.1,32.2,26.8,9.94
2043-09-02,EC_Earth3P_HR,29.5,32.8,26.8,10.52
2043-09-03,EC_Earth3P_HR,29.5,32.1,26.9,7.78
2043-09-04,EC_Earth3P_HR,30.4,33.5,27.3,1.75
2043-09-05,EC_Earth3P_HR,30.9,34.1,27.9,8.63
2043-09-06,EC_Earth3P_HR,31.1,33.8,28.2,0.58
2043-09-07,EC_Earth3P_HR,31.9,34.8,28.9,3.96
2043-09-08,EC_Earth3P_HR,31.2,34.0,27.9,8.88
2043-09-09,EC_Earth3P_HR,29.8,32.6,27.6,8.77
2043-09-10,EC_Earth3P_HR,29.9,33.5,27.3,2.5
2043-09-11,EC_Earth3P_HR,29.9,33.4,27.3,10.18
2043-09-12,EC_Earth3P_HR,31.0,34.0,27.8,0.86
2043-09-13,EC_Earth3P_HR,30.8,33.8,28.1,1.63
2043-09-14,EC_Earth3P_HR,31.1,34.1,27.7,1.81
2043-09-15,EC_Earth3P_HR,30.5,33.6,27.7,2.86
2043-09-16,EC_Earth3P_HR,30.7,34.0,27.5,2.09
2043-09-17,EC_Earth3P_HR,30.0,32.6,27.4,2.56
2043-09-18,EC_Earth3P_HR,30.0,32.9,27.3,3.79
2043-09-19,EC_Earth3P_HR,30.6,33.9,27.1,1.61
2043-09-20,EC_Earth3P_HR,31.1,34.4,28.1,0.94
2043-09-21,EC_Earth3P_HR,29.7,32.5,26.9,5.93
2043-09-22,EC_Earth3P_HR,29.4,32.7,26.7,11.45
2043-09-23,EC_Earth3P_HR,28.7,31.8,26.3,4.96
2043-09-24,EC_Earth3P_HR,28.3,31.3,26.3,4.48
2043-09-25,EC_Earth3P_HR,29.4,32.5,26.6,5.12
2043-09-26,EC_Earth3P_HR,29.4,32.7,27.2,2.32
2043-09-27,EC_Earth3P_HR,29.0,32.3,26.7,5.74
2043-09-28,EC_Earth3P_HR,28.7,31.6,26.0,9.68
2043-09-29,EC_Earth3P_HR,29.1,32.3,26.0,1.65
2043-09-30,EC_Earth3P_HR,29.6,33.3,25.2,0.82
2043-10-01,EC_Earth3P_HR,29.2,33.1,25.1,0.46
2043-10-02,EC_Earth3P_HR,29.0,32.9,25.4,0.82
2043-10-03,EC_Earth3P_HR,28.9,32.5,25.7,1.0
2043-10-04,EC_Earth3P_HR,29.4,33.6,25.5,0.09
2043-10-05,EC_Earth3P_HR,27.5,32.1,22.8,0.0
2043-10-06,EC_Earth3P_HR,26.9,31.7,22.1,0.0
2043-10-07,EC_Earth3P_HR,26.7,31.9,22.0,0.0
2043-10-08,EC_Earth3P_HR,27.4,32.1,22.1,0.0
2043-10-09,EC_Earth3P_HR,26.9,31.3,23.8,3.53
2043-10-10,EC_Earth3P_HR,26.0,29.8,21.5,1.4
2043-10-11,EC_Earth3P_HR,26.4,31.0,21.3,0.0
2043-10-12,EC_Earth3P_HR,26.5,31.0,21.6,0.09
2043-10-13,EC_Earth3P_HR,26.5,30.6,22.2,1.03
2043-10-14,EC_Earth3P_HR,25.9,31.1,21.0,0.0
2043-10-15,EC_Earth3P_HR,26.1,31.3,20.9,0.0
2043-10-16,EC_Earth3P_HR,26.2,31.6,21.3,0.0
2043-10-17,EC_Earth3P_HR,26.5,32.0,21.1,0.33
2043-10-18,EC_Earth3P_HR,26.1,31.5,21.2,0.41
2043-10-19,EC_Earth3P_HR,26.6,31.0,21.1,0.0
2043-10-20,EC_Earth3P_HR,27.2,31.1,22.7,0.16
2043-10-21,EC_Earth3P_HR,27.4,31.0,22.7,0.16
2043-10-22,EC_Earth3P_HR,25.9,31.5,20.9,0.0
2043-10-23,EC_Earth3P_HR,25.9,31.0,20.4,0.0
2043-10-24,EC_Earth3P_HR,26.1,31.2,19.7,0.0
2043-10-25,EC_Earth3P_HR,26.7,31.5,20.6,0.0
2043-10-26,EC_Earth3P_HR,26.6,32.0,21.4,0.0
2043-10-27,EC_Earth3P_HR,26.7,32.1,21.0,0.0
2043-10-28,EC_Earth3P_HR,25.8,31.0,20.4,0.0
2043-10-29,EC_Earth3P_HR,25.7,31.1,19.8,0.0
2043-10-30,EC_Earth3P_HR,24.5,30.9,18.3,0.0
2043-10-31,EC_Earth3P_HR,24.6,31.0,18.3,0.0
2043-11-01,EC_Earth3P_HR,24.4,30.4,18.7,0.0
2043-11-02,EC_Earth3P_HR,24.5,29.9,18.7,0.0
2043-11-03,EC_Earth3P_HR,25.5,31.0,19.2,0.0
2043-11-04,EC_Earth3P_HR,25.8,31.3,20.4,0.0
2043-11-05,EC_Earth3P_HR,25.7,30.9,20.4,0.0
2043-11-06,EC_Earth3P_HR,26.1,30.5,20.3,0.0
2043-11-07,EC_Earth3P_HR,25.0,30.8,20.4,0.0
2043-11-08,EC_Earth3P_HR,24.0,30.7,17.1,0.0
2043-11-09,EC_Earth3P_HR,24.7,30.4,16.7,0.0
2043-11-10,EC_Earth3P_HR,24.8,30.0,18.7,0.0
2043-11-11,EC_Earth3P_HR,24.9,29.7,18.1,0.0
2043-11-12,EC_Earth3P_HR,23.5,29.6,17.1,0.0
2043-11-13,EC_Earth3P_HR,21.9,29.7,14.9,0.0
2043-11-14,EC_Earth3P_HR,22.7,29.3,14.4,0.0
2043-11-15,EC_Earth3P_HR,22.7,29.1,14.1,0.0
2043-11-16,EC_Earth3P_HR,22.8,28.5,15.3,0.0
2043-11-17,EC_Earth3P_HR,23.0,27.9,18.5,0.0
2043-11-18,EC_Earth3P_HR,21.8,27.0,16.2,0.0
2043-11-19,EC_Earth3P_HR,21.6,28.3,14.2,0.0
2043-11-20,EC_Earth3P_HR,20.5,28.4,13.9,0.0
2043-11-21,EC_Earth3P_HR,21.3,28.7,13.5,0.0
2043-11-22,EC_Earth3P_HR,21.7,28.3,13.7,0.0
2043-11-23,EC_Earth3P_HR,20.6,28.3,14.2,0.0
2043-11-24,EC_Earth3P_HR,21.7,28.3,14.9,0.0
2043-11-25,EC_Earth3P_HR,20.7,27.6,14.7,0.0
2043-11-26,EC_Earth3P_HR,21.4,29.1,15.6,0.0
2043-11-27,EC_Earth3P_HR,23.7,29.3,16.1,0.0
2043-11-28,EC_Earth3P_HR,22.8,29.2,15.4,0.0
2043-11-29,EC_Earth3P_HR,21.7,28.6,14.9,0.0
2043-11-30,EC_Earth3P_HR,22.3,28.3,15.5,0.0
2043-12-01,EC_Earth3P_HR,22.3,28.4,14.9,0.0
2043-12-02,EC_Earth3P_HR,20.5,27.9,14.4,0.0
2043-12-03,EC_Earth3P_HR,20.3,27.5,14.4,0.0
2043-12-04,EC_Earth3P_HR,19.8,27.4,13.6,0.0
2043-12-05,EC_Earth3P_HR,18.3,26.9,11.1,0.0
2043-12-06,EC_Earth3P_HR,19.6,26.6,11.1,0.0
2043-12-07,EC_Earth3P_HR,17.9,25.9,11.1,0.0
2043-12-08,EC_Earth3P_HR,19.5,26.1,13.1,0.15
2043-12-09,EC_Earth3P_HR,18.8,20.6,16.7,11.41
2043-12-10,EC_Earth3P_HR,18.9,23.2,14.6,1.4
2043-12-11,EC_Earth3P_HR,18.7,24.2,14.0,0.0
2043-12-12,EC_Earth3P_HR,17.8,24.5,13.0,0.0
2043-12-13,EC_Earth3P_HR,18.1,25.1,12.7,0.0
2043-12-14,EC_Earth3P_HR,18.3,25.5,13.1,0.0
2043-12-15,EC_Earth3P_HR,17.5,24.8,11.9,0.0
2043-12-16,EC_Earth3P_HR,16.5,24.3,10.7,0.0
2043-12-17,EC_Earth3P_HR,15.8,23.9,10.0,0.0
2043-12-18,EC_Earth3P_HR,16.5,24.5,10.7,0.0
2043-12-19,EC_Earth3P_HR,16.6,24.9,10.5,0.0
2043-12-20,EC_Earth3P_HR,16.8,25.0,10.3,0.0
2043-12-21,EC_Earth3P_HR,17.4,25.6,11.2,0.0
2043-12-22,EC_Earth3P_HR,16.3,24.0,10.5,0.0
2043-12-23,EC_Earth3P_HR,14.8,22.6,8.9,0.0
2043-12-24,EC_Earth3P_HR,14.9,22.8,8.3,0.0
2043-12-25,EC_Earth3P_HR,16.6,22.6,9.7,0.0
2043-12-26,EC_Earth3P_HR,17.9,23.4,14.2,0.0
2043-12-27,EC_Earth3P_HR,17.5,24.3,12.0,0.0
2043-12-28,EC_Earth3P_HR,16.1,23.7,10.2,0.0
2043-12-29,EC_Earth3P_HR,15.6,22.6,9.5,0.0
2043-12-30,EC_Earth3P_HR,15.6,22.3,10.1,0.0
2043-12-31,EC_Earth3P_HR,16.2,23.0,9.9,0.0
2044-01-01,EC_Earth3P_HR,16.1,23.1,9.8,0.0
2044-01-02,EC_Earth3P_HR,15.5,23.5,9.4,0.0
2044-01-03,EC_Earth3P_HR,16.4,23.5,10.2,0.0
2044-01-04,EC_Earth3P_HR,16.8,24.1,9.7,0.0
2044-01-05,EC_Earth3P_HR,16.9,24.0,11.0,0.0
2044-01-06,EC_Earth3P_HR,17.2,23.8,11.6,0.0
2044-01-07,EC_Earth3P_HR,16.4,23.7,10.9,0.0
2044-01-08,EC_Earth3P_HR,14.9,22.7,8.0,0.0
2044-01-09,EC_Earth3P_HR,14.0,21.9,7.2,0.0
2044-01-10,EC_Earth3P_HR,13.8,21.8,7.2,0.0
2044-01-11,EC_Earth3P_HR,13.9,22.1,7.4,0.0
2044-01-12,EC_Earth3P_HR,15.3,22.6,7.7,0.0
2044-01-13,EC_Earth3P_HR,15.4,23.7,8.8,0.0
2044-01-14,EC_Earth3P_HR,14.7,23.4,8.1,0.0
2044-01-15,EC_Earth3P_HR,15.2,24.0,8.1,0.0
2044-01-16,EC_Earth3P_HR,15.8,24.3,8.8,0.0
2044-01-17,EC_Earth3P_HR,14.7,22.7,8.9,0.0
2044-01-18,EC_Earth3P_HR,13.4,22.0,6.8,0.0
2044-01-19,EC_Earth3P_HR,13.5,22.7,6.1,0.0
2044-01-20,EC_Earth3P_HR,14.2,22.9,7.3,0.0
2044-01-21,EC_Earth3P_HR,17.2,23.7,10.2,0.0
2044-01-22,EC_Earth3P_HR,19.6,26.2,10.1,0.34
2044-01-23,EC_Earth3P_HR,20.6,24.4,17.9,8.83
2044-01-24,EC_Earth3P_HR,19.0,19.4,18.0,3.62
2044-01-25,EC_Earth3P_HR,16.3,17.0,13.4,7.02
2044-01-26,EC_Earth3P_HR,16.7,21.4,13.3,0.57
2044-01-27,EC_Earth3P_HR,19.5,21.8,16.5,15.73
2044-01-28,EC_Earth3P_HR,16.8,21.0,10.3,6.0
2044-01-29,EC_Earth3P_HR,14.1,20.4,9.1,0.0
2044-01-30,EC_Earth3P_HR,14.8,20.8,8.3,0.0
2044-01-31,EC_Earth3P_HR,14.8,21.6,9.9,0.0
2044-02-01,EC_Earth3P_HR,16.2,22.4,9.6,0.0
2044-02-02,EC_Earth3P_HR,16.3,22.2,11.9,0.0
2044-02-03,EC_Earth3P_HR,17.2,24.1,11.8,0.45
2044-02-04,EC_Earth3P_HR,18.3,23.3,14.3,1.47
2044-02-05,EC_Earth3P_HR,17.7,22.4,13.1,0.0
2044-02-06,EC_Earth3P_HR,16.1,23.1,9.4,0.0
2044-02-07,EC_Earth3P_HR,15.4,22.8,8.8,0.0
2044-02-08,EC_Earth3P_HR,16.2,23.4,10.0,0.0
2044-02-09,EC_Earth3P_HR,16.7,24.5,11.3,0.0
2044-02-10,EC_Earth3P_HR,16.9,25.1,10.5,0.0
2044-02-11,EC_Earth3P_HR,19.5,27.2,11.4,0.0
2044-02-12,EC_Earth3P_HR,19.6,25.0,14.3,0.0
2044-02-13,EC_Earth3P_HR,19.2,25.0,13.6,0.0
2044-02-14,EC_Earth3P_HR,18.4,26.2,12.4,0.0
2044-02-15,EC_Earth3P_HR,19.7,26.5,12.3,0.0
2044-02-16,EC_Earth3P_HR,18.3,24.4,11.9,0.0
2044-02-17,EC_Earth3P_HR,17.7,23.8,11.2,0.0
2044-02-18,EC_Earth3P_HR,18.0,25.1,11.0,0.0
2044-02-19,EC_Earth3P_HR,19.8,26.5,11.2,0.0
2044-02-20,EC_Earth3P_HR,20.0,27.0,12.9,0.0
2044-02-21,EC_Earth3P_HR,18.2,24.8,12.0,0.0
2044-02-22,EC_Earth3P_HR,18.7,24.9,11.3,0.0
2044-02-23,EC_Earth3P_HR,19.3,23.4,16.0,3.49
2044-02-24,EC_Earth3P_HR,16.2,16.9,15.3,33.0
2044-02-25,EC_Earth3P_HR,16.7,20.5,13.2,1.69
2044-02-26,EC_Earth3P_HR,17.7,23.0,12.5,0.0
2044-02-27,EC_Earth3P_HR,17.1,24.1,11.6,0.0
2044-02-28,EC_Earth3P_HR,18.1,25.4,11.0,0.0
2044-02-29,EC_Earth3P_HR,19.4,26.7,12.4,0.0
2044-03-01,EC_Earth3P_HR,21.4,27.5,12.8,0.0
2044-03-02,EC_Earth3P_HR,22.1,27.1,15.6,0.0
2044-03-03,EC_Earth3P_HR,21.4,28.1,15.1,0.0
2044-03-04,EC_Earth3P_HR,21.3,27.0,16.6,0.0
2044-03-05,EC_Earth3P_HR,23.0,30.0,16.8,0.0
2044-03-06,EC_Earth3P_HR,23.1,31.3,15.6,0.0
2044-03-07,EC_Earth3P_HR,23.4,31.7,15.6,0.0
2044-03-08,EC_Earth3P_HR,24.1,31.3,17.0,0.0
2044-03-09,EC_Earth3P_HR,23.9,31.4,18.0,0.32
2044-03-10,EC_Earth3P_HR,24.7,33.0,17.9,1.38
2044-03-11,EC_Earth3P_HR,22.9,29.7,17.8,7.06
2044-03-12,EC_Earth3P_HR,21.0,26.4,15.5,0.1
2044-03-13,EC_Earth3P_HR,21.4,27.7,15.5,0.0
2044-03-14,EC_Earth3P_HR,23.0,28.4,15.4,0.0
2044-03-15,EC_Earth3P_HR,24.1,29.7,17.2,0.0
2044-03-16,EC_Earth3P_HR,26.0,31.6,19.1,0.0
2044-03-17,EC_Earth3P_HR,25.9,33.1,19.4,0.0
2044-03-18,EC_Earth3P_HR,28.2,35.9,19.2,0.0
2044-03-19,EC_Earth3P_HR,28.5,34.7,22.2,0.0
2044-03-20,EC_Earth3P_HR,27.2,33.5,20.6,0.0
2044-03-21,EC_Earth3P_HR,26.2,32.4,20.2,1.19
2044-03-22,EC_Earth3P_HR,24.5,29.3,19.0,0.0
2044-03-23,EC_Earth3P_HR,24.9,30.6,18.7,0.0
2044-03-24,EC_Earth3P_HR,26.4,32.4,20.9,0.0
2044-03-25,EC_Earth3P_HR,26.8,33.7,20.4,0.0
2044-03-26,EC_Earth3P_HR,28.3,35.5,21.4,0.0
2044-03-27,EC_Earth3P_HR,28.8,36.8,21.1,1.15
2044-03-28,EC_Earth3P_HR,27.1,33.4,21.0,0.19
2044-03-29,EC_Earth3P_HR,27.9,34.4,21.6,0.0
2044-03-30,EC_Earth3P_HR,27.5,34.3,20.5,0.0
2044-03-31,EC_Earth3P_HR,27.9,35.4,20.2,0.0
2044-04-01,EC_Earth3P_HR,27.2,34.5,20.8,1.12
2044-04-02,EC_Earth3P_HR,28.1,34.7,19.6,0.09
2044-04-03,EC_Earth3P_HR,27.1,34.3,20.3,1.93
2044-04-04,EC_Earth3P_HR,25.9,32.0,20.1,0.64
2044-04-05,EC_Earth3P_HR,24.6,32.7,18.9,2.64
2044-04-06,EC_Earth3P_HR,26.3,32.6,18.7,0.0
2044-04-07,EC_Earth3P_HR,27.6,33.7,20.5,0.0
2044-04-08,EC_Earth3P_HR,28.8,35.2,21.2,0.0
2044-04-09,EC_Earth3P_HR,28.0,33.7,20.9,0.27
2044-04-10,EC_Earth3P_HR,25.9,31.2,20.7,0.0
2044-04-11,EC_Earth3P_HR,27.9,34.6,20.3,0.0
2044-04-12,EC_Earth3P_HR,30.0,36.8,21.3,0.0
2044-04-13,EC_Earth3P_HR,30.9,38.4,23.7,0.0
2044-04-14,EC_Earth3P_HR,30.7,37.6,23.5,0.0
2044-04-15,EC_Earth3P_HR,31.1,37.6,24.9,0.0
2044-04-16,EC_Earth3P_HR,29.8,37.0,23.0,0.0
2044-04-17,EC_Earth3P_HR,30.6,38.6,22.8,0.0
2044-04-18,EC_Earth3P_HR,32.8,41.2,23.0,0.0
2044-04-19,EC_Earth3P_HR,32.7,40.7,26.1,1.2
2044-04-20,EC_Earth3P_HR,31.2,38.5,23.7,0.85
2044-04-21,EC_Earth3P_HR,31.9,38.5,23.1,0.0
2044-04-22,EC_Earth3P_HR,31.8,38.6,24.3,0.0
2044-04-23,EC_Earth3P_HR,33.3,40.4,25.6,0.0
2044-04-24,EC_Earth3P_HR,33.8,40.9,26.3,0.08
2044-04-25,EC_Earth3P_HR,33.2,41.3,25.9,0.25
2044-04-26,EC_Earth3P_HR,32.6,40.3,23.6,0.0
2044-04-27,EC_Earth3P_HR,32.3,39.4,23.3,0.0
2044-04-28,EC_Earth3P_HR,32.2,38.8,25.1,0.0
2044-04-29,EC_Earth3P_HR,31.2,37.5,25.1,0.0
2044-04-30,EC_Earth3P_HR,31.0,38.0,24.9,0.0
2044-05-01,EC_Earth3P_HR,33.0,40.0,25.5,0.0
2044-05-02,EC_Earth3P_HR,34.7,41.3,26.8,0.0
2044-05-03,EC_Earth3P_HR,35.2,42.6,26.7,0.0
2044-05-04,EC_Earth3P_HR,35.8,44.0,26.6,0.0
2044-05-05,EC_Earth3P_HR,36.5,44.9,27.0,0.0
2044-05-06,EC_Earth3P_HR,37.8,45.4,26.9,0.0
2044-05-07,EC_Earth3P_HR,37.0,43.5,30.8,0.0
2044-05-08,EC_Earth3P_HR,36.9,43.7,30.5,0.0
2044-05-09,EC_Earth3P_HR,36.8,43.0,30.4,0.0
2044-05-10,EC_Earth3P_HR,37.6,44.0,30.8,0.0
2044-05-11,EC_Earth3P_HR,38.3,45.2,30.8,0.0
2044-05-12,EC_Earth3P_HR,37.1,44.6,29.6,0.0
2044-05-13,EC_Earth3P_HR,37.5,44.7,29.2,0.0
2044-05-14,EC_Earth3P_HR,37.0,43.7,29.0,0.0
2044-05-15,EC_Earth3P_HR,36.6,44.7,28.8,0.0
2044-05-16,EC_Earth3P_HR,37.1,44.6,30.4,0.0
2044-05-17,EC_Earth3P_HR,35.3,43.0,26.9,0.0
2044-05-18,EC_Earth3P_HR,35.5,43.6,26.9,0.0
2044-05-19,EC_Earth3P_HR,35.5,43.4,26.9,0.0
2044-05-20,EC_Earth3P_HR,36.4,43.4,28.9,0.0
2044-05-21,EC_Earth3P_HR,37.4,45.0,29.4,0.0
2044-05-22,EC_Earth3P_HR,38.0,45.7,29.3,0.0
2044-05-23,EC_Earth3P_HR,38.5,45.9,29.2,0.0
2044-05-24,EC_Earth3P_HR,38.2,45.4,30.0,0.0
2044-05-25,EC_Earth3P_HR,38.0,45.1,30.2,0.0
2044-05-26,EC_Earth3P_HR,36.9,43.6,28.0,0.0
2044-05-27,EC_Earth3P_HR,35.8,44.0,27.7,0.0
2044-05-28,EC_Earth3P_HR,36.4,45.0,27.4,0.0
2044-05-29,EC_Earth3P_HR,36.7,45.0,27.8,0.0
2044-05-30,EC_Earth3P_HR,36.7,45.3,28.8,0.0
2044-05-31,EC_Earth3P_HR,36.9,44.7,28.8,0.0
2044-06-01,EC_Earth3P_HR,38.3,44.0,29.5,0.0
2044-06-02,EC_Earth3P_HR,39.2,45.7,32.2,0.0
2044-06-03,EC_Earth3P_HR,39.7,45.6,32.3,0.0
2044-06-04,EC_Earth3P_HR,40.2,45.8,32.6,0.0
2044-06-05,EC_Earth3P_HR,40.5,46.5,32.5,0.0
2044-06-06,EC_Earth3P_HR,40.7,45.8,34.6,0.0
2044-06-07,EC_Earth3P_HR,40.5,44.7,35.6,0.0
2044-06-08,EC_Earth3P_HR,40.7,45.1,33.9,0.0
2044-06-09,EC_Earth3P_HR,39.5,45.5,33.8,0.0
2044-06-10,EC_Earth3P_HR,38.8,43.9,33.7,0.0
2044-06-11,EC_Earth3P_HR,37.4,42.3,33.7,0.3
2044-06-12,EC_Earth3P_HR,37.8,42.2,34.1,0.1
2044-06-13,EC_Earth3P_HR,37.3,40.9,33.4,1.5
2044-06-14,EC_Earth3P_HR,36.3,40.7,31.9,0.5
2044-06-15,EC_Earth3P_HR,35.3,40.2,31.1,0.4
2044-06-16,EC_Earth3P_HR,34.6,40.1,30.8,0.3
2044-06-17,EC_Earth3P_HR,34.1,40.0,29.8,1.3
2044-06-18,EC_Earth3P_HR,31.1,35.6,27.2,1.8
2044-06-19,EC_Earth3P_HR,28.8,33.0,26.9,33.71
2044-06-20,EC_Earth3P_HR,29.5,32.2,27.4,32.33
2044-06-21,EC_Earth3P_HR,31.9,34.6,28.2,11.85
2044-06-22,EC_Earth3P_HR,31.7,34.7,28.2,14.07
2044-06-23,EC_Earth3P_HR,29.6,31.5,27.7,28.06
2044-06-24,EC_Earth3P_HR,27.6,31.6,25.1,13.89
2044-06-25,EC_Earth3P_HR,26.5,27.5,25.1,21.65
2044-06-26,EC_Earth3P_HR,28.0,29.5,26.2,23.87
2044-06-27,EC_Earth3P_HR,28.9,32.0,26.3,7.86
2044-06-28,EC_Earth3P_HR,29.8,33.1,27.1,2.72
2044-06-29,EC_Earth3P_HR,29.5,33.4,26.9,9.38
2044-06-30,EC_Earth3P_HR,30.0,34.1,27.0,4.34
2044-07-01,EC_Earth3P_HR,31.1,34.8,27.8,0.71
2044-07-02,EC_Earth3P_HR,31.8,35.1,27.3,15.15
2044-07-03,EC_Earth3P_HR,30.1,33.0,27.2,10.3
2044-07-04,EC_Earth3P_HR,29.4,32.4,27.2,8.17
2044-07-05,EC_Earth3P_HR,31.0,34.2,27.4,6.35
2044-07-06,EC_Earth3P_HR,29.6,33.0,27.1,16.63
2044-07-07,EC_Earth3P_HR,28.6,31.3,26.9,14.81
2044-07-08,EC_Earth3P_HR,28.7,31.4,26.8,13.69
2044-07-09,EC_Earth3P_HR,29.1,32.1,26.9,8.05
2044-07-10,EC_Earth3P_HR,31.2,33.7,27.3,0.7
2044-07-11,EC_Earth3P_HR,32.3,35.4,27.2,12.46
2044-07-12,EC_Earth3P_HR,31.4,34.0,27.4,8.94
2044-07-13,EC_Earth3P_HR,30.3,32.9,27.1,20.37
2044-07-14,EC_Earth3P_HR,29.9,32.7,27.0,15.75
2044-07-15,EC_Earth3P_HR,29.9,33.3,27.0,4.31
2044-07-16,EC_Earth3P_HR,30.7,33.9,27.3,3.71
2044-07-17,EC_Earth3P_HR,31.1,34.1,27.3,3.1
2044-07-18,EC_Earth3P_HR,30.7,33.7,27.9,4.4
2044-07-19,EC_Earth3P_HR,30.4,32.4,28.3,2.9
2044-07-20,EC_Earth3P_HR,30.2,33.8,28.3,14.19
2044-07-21,EC_Earth3P_HR,31.3,34.5,28.4,1.2
2044-07-22,EC_Earth3P_HR,31.7,34.9,28.3,0.0
2044-07-23,EC_Earth3P_HR,31.8,34.5,28.8,0.4
2044-07-24,EC_Earth3P_HR,31.8,34.9,28.8,1.79
2044-07-25,EC_Earth3P_HR,32.0,35.0,28.8,1.3
2044-07-26,EC_Earth3P_HR,31.3,34.2,29.1,0.9
2044-07-27,EC_Earth3P_HR,32.0,34.7,28.4,6.27
2044-07-28,EC_Earth3P_HR,30.6,33.0,28.3,5.87
2044-07-29,EC_Earth3P_HR,31.4,33.7,28.3,0.89
2044-07-30,EC_Earth3P_HR,30.0,32.7,28.7,1.39
2044-07-31,EC_Earth3P_HR,29.4,31.8,27.0,7.74
2044-08-01,EC_Earth3P_HR,28.8,31.8,26.3,9.72
2044-08-02,EC_Earth3P_HR,29.3,33.1,26.4,6.45
2044-08-03,EC_Earth3P_HR,29.6,33.9,26.9,11.79
2044-08-04,EC_Earth3P_HR,28.6,31.4,26.5,11.79
2044-08-05,EC_Earth3P_HR,29.0,32.5,26.4,11.48
2044-08-06,EC_Earth3P_HR,29.0,32.7,26.4,3.86
2044-08-07,EC_Earth3P_HR,29.8,33.1,27.5,2.47
2044-08-08,EC_Earth3P_HR,30.2,33.0,27.6,1.68
2044-08-09,EC_Earth3P_HR,30.0,32.8,27.5,0.2
2044-08-10,EC_Earth3P_HR,28.1,29.4,26.8,11.84
2044-08-11,EC_Earth3P_HR,29.5,32.6,26.7,1.28
2044-08-12,EC_Earth3P_HR,30.1,33.6,26.6,2.17
2044-08-13,EC_Earth3P_HR,30.2,34.0,27.1,11.53
2044-08-14,EC_Earth3P_HR,29.0,32.5,27.1,6.3
2044-08-15,EC_Earth3P_HR,29.4,33.3,26.5,3.84
2044-08-16,EC_Earth3P_HR,29.1,32.2,26.4,9.44
2044-08-17,EC_Earth3P_HR,29.7,32.7,26.5,9.34
2044-08-18,EC_Earth3P_HR,30.1,33.6,26.4,1.57
2044-08-19,EC_Earth3P_HR,30.8,33.8,27.2,11.09
2044-08-20,EC_Earth3P_HR,30.1,32.9,27.3,10.6
2044-08-21,EC_Earth3P_HR,30.3,33.4,27.2,1.77
2044-08-22,EC_Earth3P_HR,30.9,34.1,27.6,3.72
2044-08-23,EC_Earth3P_HR,30.5,33.4,27.4,5.0
2044-08-24,EC_Earth3P_HR,29.5,32.0,26.7,18.79
2044-08-25,EC_Earth3P_HR,29.5,32.3,26.6,9.0
2044-08-26,EC_Earth3P_HR,30.2,33.6,26.8,0.78
2044-08-27,EC_Earth3P_HR,30.9,34.3,27.5,5.57
2044-08-28,EC_Earth3P_HR,30.5,33.4,27.3,5.96
2044-08-29,EC_Earth3P_HR,29.4,32.3,27.0,8.59
2044-08-30,EC_Earth3P_HR,29.6,32.2,27.0,3.9
2044-08-31,EC_Earth3P_HR,30.4,33.1,27.8,0.68
2044-09-01,EC_Earth3P_HR,30.3,33.1,27.7,1.66
2044-09-02,EC_Earth3P_HR,30.1,33.2,27.3,0.49
2044-09-03,EC_Earth3P_HR,30.4,33.5,27.3,4.66
2044-09-04,EC_Earth3P_HR,30.3,33.1,27.2,0.58
2044-09-05,EC_Earth3P_HR,30.8,33.8,27.8,1.07
2044-09-06,EC_Earth3P_HR,30.6,33.2,27.4,0.87
2044-09-07,EC_Earth3P_HR,29.5,32.5,26.4,32.94
2044-09-08,EC_Earth3P_HR,28.9,32.2,26.5,9.74
2044-09-09,EC_Earth3P_HR,29.0,32.2,26.8,13.67
2044-09-10,EC_Earth3P_HR,29.1,32.1,26.7,6.92
2044-09-11,EC_Earth3P_HR,29.1,32.1,26.6,6.91
2044-09-12,EC_Earth3P_HR,28.7,31.8,26.4,10.05
2044-09-13,EC_Earth3P_HR,28.5,30.4,26.4,8.7
2044-09-14,EC_Earth3P_HR,29.8,32.5,27.2,2.19
2044-09-15,EC_Earth3P_HR,30.5,33.2,27.8,0.1
2044-09-16,EC_Earth3P_HR,30.2,33.1,27.6,0.09
2044-09-17,EC_Earth3P_HR,30.4,33.7,27.3,1.42
2044-09-18,EC_Earth3P_HR,29.9,33.3,26.8,1.23
2044-09-19,EC_Earth3P_HR,29.9,33.5,26.7,0.75
2044-09-20,EC_Earth3P_HR,30.0,33.8,26.5,0.85
2044-09-21,EC_Earth3P_HR,29.7,33.4,26.9,1.78
2044-09-22,EC_Earth3P_HR,29.8,33.4,26.4,0.75
2044-09-23,EC_Earth3P_HR,29.3,33.2,25.9,0.37
2044-09-24,EC_Earth3P_HR,29.1,32.7,25.7,1.02
2044-09-25,EC_Earth3P_HR,29.5,32.9,26.3,4.55
2044-09-26,EC_Earth3P_HR,29.6,33.3,26.1,0.46
2044-09-27,EC_Earth3P_HR,29.4,32.3,26.0,7.02
2044-09-28,EC_Earth3P_HR,28.6,31.3,25.8,6.35
2044-09-29,EC_Earth3P_HR,28.0,31.2,25.8,9.26
2044-09-30,EC_Earth3P_HR,27.8,30.8,25.4,8.68
2044-10-01,EC_Earth3P_HR,28.5,31.6,25.5,10.01
2044-10-02,EC_Earth3P_HR,27.9,30.6,25.5,10.97
2044-10-03,EC_Earth3P_HR,26.9,29.4,25.6,33.42
2044-10-04,EC_Earth3P_HR,27.1,31.4,24.6,11.96
2044-10-05,EC_Earth3P_HR,26.9,30.2,23.6,0.72
2044-10-06,EC_Earth3P_HR,27.3,31.9,23.6,0.27
2044-10-07,EC_Earth3P_HR,27.6,30.8,24.2,1.33
2044-10-08,EC_Earth3P_HR,24.2,26.2,22.2,35.66
2044-10-09,EC_Earth3P_HR,24.4,27.6,22.2,4.13
2044-10-10,EC_Earth3P_HR,25.3,29.4,21.6,0.61
2044-10-11,EC_Earth3P_HR,26.3,30.2,21.0,0.26
2044-10-12,EC_Earth3P_HR,25.7,30.4,20.5,3.02
2044-10-13,EC_Earth3P_HR,25.2,29.4,21.7,0.26
2044-10-14,EC_Earth3P_HR,25.9,29.6,21.9,0.26
2044-10-15,EC_Earth3P_HR,25.7,28.6,22.6,3.04
2044-10-16,EC_Earth3P_HR,25.3,29.0,22.6,9.79
2044-10-17,EC_Earth3P_HR,25.2,28.8,21.8,1.0
2044-10-18,EC_Earth3P_HR,25.3,29.5,21.6,0.25
2044-10-19,EC_Earth3P_HR,25.4,29.9,21.3,2.28
2044-10-20,EC_Earth3P_HR,25.1,29.8,21.3,4.75
2044-10-21,EC_Earth3P_HR,23.9,26.0,22.9,17.04
2044-10-22,EC_Earth3P_HR,23.7,24.6,22.9,11.01
2044-10-23,EC_Earth3P_HR,24.0,24.9,23.1,11.64
2044-10-24,EC_Earth3P_HR,25.6,29.0,22.2,0.61
2044-10-25,EC_Earth3P_HR,25.3,30.1,20.7,0.0
2044-10-26,EC_Earth3P_HR,24.6,29.8,20.2,0.0
2044-10-27,EC_Earth3P_HR,24.0,28.8,19.8,0.65
2044-10-28,EC_Earth3P_HR,24.0,29.3,19.6,3.97
2044-10-29,EC_Earth3P_HR,24.8,28.5,21.8,1.87
2044-10-30,EC_Earth3P_HR,25.1,28.7,20.6,0.07
2044-10-31,EC_Earth3P_HR,24.1,29.7,17.8,0.0
2044-11-01,EC_Earth3P_HR,22.6,28.8,17.4,0.0
2044-11-02,EC_Earth3P_HR,22.5,29.0,17.1,0.0
2044-11-03,EC_Earth3P_HR,23.0,29.0,16.9,0.0
2044-11-04,EC_Earth3P_HR,23.5,28.6,17.0,0.0
2044-11-05,EC_Earth3P_HR,23.1,28.1,18.1,0.0
2044-11-06,EC_Earth3P_HR,21.6,26.8,16.7,0.64
2044-11-07,EC_Earth3P_HR,21.1,27.0,16.6,0.0
2044-11-08,EC_Earth3P_HR,21.1,27.2,15.7,0.0
2044-11-09,EC_Earth3P_HR,20.8,27.2,15.4,0.0
2044-11-10,EC_Earth3P_HR,21.3,27.6,15.4,0.0
2044-11-11,EC_Earth3P_HR,21.1,27.8,15.2,0.0
2044-11-12,EC_Earth3P_HR,21.8,27.3,15.0,0.0
2044-11-13,EC_Earth3P_HR,21.5,27.1,15.2,0.0
2044-11-14,EC_Earth3P_HR,21.6,26.9,14.8,0.0
2044-11-15,EC_Earth3P_HR,20.9,26.7,15.1,0.0
2044-11-16,EC_Earth3P_HR,20.4,26.3,15.0,0.0
2044-11-17,EC_Earth3P_HR,19.5,25.4,14.4,0.0
2044-11-18,EC_Earth3P_HR,19.6,25.0,14.2,0.0
2044-11-19,EC_Earth3P_HR,20.0,25.9,15.3,0.0
2044-11-20,EC_Earth3P_HR,20.5,26.4,15.4,0.0
2044-11-21,EC_Earth3P_HR,19.4,25.8,13.0,0.0
2044-11-22,EC_Earth3P_HR,17.2,24.7,11.2,0.0
2044-11-23,EC_Earth3P_HR,17.0,24.4,10.7,0.0
2044-11-24,EC_Earth3P_HR,18.4,24.3,10.8,0.0
2044-11-25,EC_Earth3P_HR,18.6,24.3,11.9,0.0
2044-11-26,EC_Earth3P_HR,18.1,24.6,11.9,0.0
2044-11-27,EC_Earth3P_HR,18.5,25.1,12.9,0.0
2044-11-28,EC_Earth3P_HR,18.2,25.1,13.0,0.0
2044-11-29,EC_Earth3P_HR,19.3,24.9,12.4,0.0
2044-11-30,EC_Earth3P_HR,17.8,24.6,12.1,0.0
2044-12-01,EC_Earth3P_HR,19.4,25.3,12.4,0.0
2044-12-02,EC_Earth3P_HR,19.3,25.3,12.9,0.0
2044-12-03,EC_Earth3P_HR,18.2,25.3,12.7,0.0
2044-12-04,EC_Earth3P_HR,17.4,24.5,12.1,0.0
2044-12-05,EC_Earth3P_HR,17.1,24.0,11.5,0.0
2044-12-06,EC_Earth3P_HR,15.8,23.3,10.1,0.0
2044-12-07,EC_Earth3P_HR,17.3,23.0,11.1,0.0
2044-12-08,EC_Earth3P_HR,15.3,22.3,9.8,0.0
2044-12-09,EC_Earth3P_HR,15.2,22.1,9.3,0.0
2044-12-10,EC_Earth3P_HR,16.6,21.7,9.8,0.0
2044-12-11,EC_Earth3P_HR,15.9,21.8,9.1,0.0
2044-12-12,EC_Earth3P_HR,16.4,22.6,11.2,0.0
2044-12-13,EC_Earth3P_HR,15.5,22.6,10.3,0.0
2044-12-14,EC_Earth3P_HR,16.5,22.2,9.7,0.0
2044-12-15,EC_Earth3P_HR,15.8,22.4,9.8,0.0
2044-12-16,EC_Earth3P_HR,15.8,22.7,10.6,0.0
2044-12-17,EC_Earth3P_HR,16.1,23.4,10.8,0.0
2044-12-18,EC_Earth3P_HR,15.4,23.0,10.0,0.0
2044-12-19,EC_Earth3P_HR,16.0,23.0,9.8,0.0
2044-12-20,EC_Earth3P_HR,16.6,23.7,11.1,0.0
2044-12-21,EC_Earth3P_HR,16.8,24.1,10.3,0.0
2044-12-22,EC_Earth3P_HR,17.8,24.9,11.8,0.0
2044-12-23,EC_Earth3P_HR,16.3,21.9,11.4,0.0
2044-12-24,EC_Earth3P_HR,13.9,20.7,8.4,0.0
2044-12-25,EC_Earth3P_HR,13.5,21.1,7.8,0.0
2044-12-26,EC_Earth3P_HR,14.4,22.4,8.3,0.0
2044-12-27,EC_Earth3P_HR,15.8,22.7,8.3,0.0
2044-12-28,EC_Earth3P_HR,15.4,23.0,8.9,0.0
2044-12-29,EC_Earth3P_HR,16.1,22.6,11.0,0.0
2044-12-30,EC_Earth3P_HR,17.3,22.2,10.8,0.0
2044-12-31,EC_Earth3P_HR,16.8,22.7,10.3,0.0
2045-01-01,EC_Earth3P_HR,16.6,24.1,9.9,0.0
2045-01-02,EC_Earth3P_HR,17.9,25.3,11.7,0.0
2045-01-03,EC_Earth3P_HR,19.0,25.3,13.1,0.0
2045-01-04,EC_Earth3P_HR,16.3,22.3,12.2,0.0
2045-01-05,EC_Earth3P_HR,16.4,21.8,12.1,0.0
2045-01-06,EC_Earth3P_HR,16.8,24.1,11.8,0.0
2045-01-07,EC_Earth3P_HR,17.6,24.5,11.4,0.0
2045-01-08,EC_Earth3P_HR,19.2,25.1,12.1,0.0
2045-01-09,EC_Earth3P_HR,19.7,26.3,11.6,0.0
2045-01-10,EC_Earth3P_HR,20.3,25.5,14.8,0.0
2045-01-11,EC_Earth3P_HR,13.9,17.9,9.1,0.0
2045-01-12,EC_Earth3P_HR,12.2,17.9,7.4,0.0
2045-01-13,EC_Earth3P_HR,11.3,18.6,6.4,0.0
2045-01-14,EC_Earth3P_HR,11.2,18.3,6.1,0.0
2045-01-15,EC_Earth3P_HR,12.9,18.9,6.7,0.0
2045-01-16,EC_Earth3P_HR,15.1,20.4,10.2,0.0
2045-01-17,EC_Earth3P_HR,17.6,22.8,13.0,4.19
2045-01-18,EC_Earth3P_HR,15.9,17.6,14.7,28.34
2045-01-19,EC_Earth3P_HR,13.4,17.0,6.7,5.44
2045-01-20,EC_Earth3P_HR,10.3,15.9,5.8,0.0
2045-01-21,EC_Earth3P_HR,9.8,15.1,5.3,0.0
2045-01-22,EC_Earth3P_HR,8.6,13.9,4.1,0.0
2045-01-23,EC_Earth3P_HR,8.2,14.5,3.4,0.0
2045-01-24,EC_Earth3P_HR,9.0,15.7,2.7,0.0
2045-01-25,EC_Earth3P_HR,10.0,16.8,4.5,0.0
2045-01-26,EC_Earth3P_HR,10.8,17.6,5.1,0.0
2045-01-27,EC_Earth3P_HR,12.8,18.9,6.4,0.0
2045-01-28,EC_Earth3P_HR,14.3,20.1,9.1,0.0
2045-01-29,EC_Earth3P_HR,13.9,18.8,9.5,0.0
2045-01-30,EC_Earth3P_HR,12.5,17.3,8.6,0.0
2045-01-31,EC_Earth3P_HR,12.5,17.7,7.8,0.0
2045-02-01,EC_Earth3P_HR,11.6,17.6,7.0,0.0
2045-02-02,EC_Earth3P_HR,14.1,20.8,7.0,0.0
2045-02-03,EC_Earth3P_HR,18.0,24.0,11.4,0.0
2045-02-04,EC_Earth3P_HR,13.4,17.9,8.1,0.0
2045-02-05,EC_Earth3P_HR,12.0,17.9,7.4,0.0
2045-02-06,EC_Earth3P_HR,12.6,19.4,6.7,0.0
2045-02-07,EC_Earth3P_HR,14.0,20.4,8.0,0.0
2045-02-08,EC_Earth3P_HR,13.6,20.6,7.8,0.0
2045-02-09,EC_Earth3P_HR,13.9,21.5,6.5,0.0
2045-02-10,EC_Earth3P_HR,14.7,22.1,8.1,0.0
2045-02-11,EC_Earth3P_HR,13.9,21.1,7.4,0.0
2045-02-12,EC_Earth3P_HR,14.1,21.9,6.9,0.0
2045-02-13,EC_Earth3P_HR,14.4,22.3,7.6,0.0
2045-02-14,EC_Earth3P_HR,15.9,23.3,8.9,0.0
2045-02-15,EC_Earth3P_HR,15.9,22.3,9.5,0.0
2045-02-16,EC_Earth3P_HR,15.0,20.2,10.3,0.0
2045-02-17,EC_Earth3P_HR,16.1,22.0,11.2,0.0
2045-02-18,EC_Earth3P_HR,16.3,24.4,10.5,0.0
2045-02-19,EC_Earth3P_HR,18.2,25.9,9.1,0.0
2045-02-20,EC_Earth3P_HR,18.7,27.5,12.7,0.0
2045-02-21,EC_Earth3P_HR,19.4,26.5,12.7,0.0
2045-02-22,EC_Earth3P_HR,17.1,24.9,10.2,0.0
2045-02-23,EC_Earth3P_HR,19.3,26.2,9.8,0.34
2045-02-24,EC_Earth3P_HR,22.9,28.7,17.0,1.01
2045-02-25,EC_Earth3P_HR,19.9,22.8,17.9,18.47
2045-02-26,EC_Earth3P_HR,18.4,21.4,15.2,4.95
2045-02-27,EC_Earth3P_HR,18.7,24.6,12.7,0.0
2045-02-28,EC_Earth3P_HR,18.6,26.1,12.2,0.0
2045-03-01,EC_Earth3P_HR,19.6,28.1,12.3,0.0
2045-03-02,EC_Earth3P_HR,19.3,26.5,13.1,0.0
2045-03-03,EC_Earth3P_HR,18.8,26.2,12.6,0.0
2045-03-04,EC_Earth3P_HR,19.2,26.7,13.4,0.0
2045-03-05,EC_Earth3P_HR,20.9,28.5,14.4,0.0
2045-03-06,EC_Earth3P_HR,21.8,30.5,14.5,0.0
2045-03-07,EC_Earth3P_HR,21.9,30.4,14.6,0.0
2045-03-08,EC_Earth3P_HR,23.6,31.0,13.7,0.0
2045-03-09,EC_Earth3P_HR,25.5,30.7,19.2,0.0
2045-03-10,EC_Earth3P_HR,22.8,26.0,17.4,7.55
2045-03-11,EC_Earth3P_HR,19.8,22.5,17.1,15.53
2045-03-12,EC_Earth3P_HR,19.2,22.2,15.1,4.2
2045-03-13,EC_Earth3P_HR,18.5,25.8,12.0,0.1
2045-03-14,EC_Earth3P_HR,19.8,28.2,11.6,0.0
2045-03-15,EC_Earth3P_HR,21.1,28.9,14.1,0.0
2045-03-16,EC_Earth3P_HR,22.8,29.9,15.5,0.2
2045-03-17,EC_Earth3P_HR,23.0,29.8,16.9,0.0
2045-03-18,EC_Earth3P_HR,23.2,29.9,16.5,0.0
2045-03-19,EC_Earth3P_HR,22.7,29.7,16.0,0.0
2045-03-20,EC_Earth3P_HR,23.3,29.8,17.9,0.0
2045-03-21,EC_Earth3P_HR,23.3,30.1,17.4,0.0
2045-03-22,EC_Earth3P_HR,23.3,30.6,16.3,0.0
2045-03-23,EC_Earth3P_HR,24.6,32.9,15.7,0.0
2045-03-24,EC_Earth3P_HR,26.5,35.0,16.8,0.0
2045-03-25,EC_Earth3P_HR,26.6,33.9,20.8,0.0
2045-03-26,EC_Earth3P_HR,27.4,34.9,20.4,0.0
2045-03-27,EC_Earth3P_HR,29.0,35.5,19.8,0.0
2045-03-28,EC_Earth3P_HR,29.7,35.8,22.6,0.0
2045-03-29,EC_Earth3P_HR,28.1,35.1,22.5,0.38
2045-03-30,EC_Earth3P_HR,27.7,35.3,20.2,0.0
2045-03-31,EC_Earth3P_HR,25.7,32.3,19.1,0.0
2045-04-01,EC_Earth3P_HR,24.2,31.1,18.7,0.0
2045-04-02,EC_Earth3P_HR,25.0,31.8,18.6,0.0
2045-04-03,EC_Earth3P_HR,25.1,32.2,18.8,0.0
2045-04-04,EC_Earth3P_HR,26.0,33.9,18.3,0.0
2045-04-05,EC_Earth3P_HR,27.6,34.3,18.3,0.0
2045-04-06,EC_Earth3P_HR,29.6,37.0,21.7,0.0
2045-04-07,EC_Earth3P_HR,29.0,37.0,21.1,0.0
2045-04-08,EC_Earth3P_HR,29.6,36.7,21.1,0.0
2045-04-09,EC_Earth3P_HR,27.8,34.8,20.8,0.0
2045-04-10,EC_Earth3P_HR,27.3,34.7,19.6,0.0
2045-04-11,EC_Earth3P_HR,28.4,35.9,19.1,0.0
2045-04-12,EC_Earth3P_HR,29.6,37.0,19.6,0.09
2045-04-13,EC_Earth3P_HR,28.8,36.7,18.0,0.0
2045-04-14,EC_Earth3P_HR,26.8,35.3,18.0,0.0
2045-04-15,EC_Earth3P_HR,27.1,33.2,19.5,0.0
2045-04-16,EC_Earth3P_HR,28.3,34.6,21.3,0.0
2045-04-17,EC_Earth3P_HR,28.5,36.6,21.1,0.0
2045-04-18,EC_Earth3P_HR,31.4,37.7,26.1,0.0
2045-04-19,EC_Earth3P_HR,31.1,38.8,24.2,0.09
2045-04-20,EC_Earth3P_HR,30.5,37.5,24.0,0.51
2045-04-21,EC_Earth3P_HR,29.7,36.1,22.5,0.6
2045-04-22,EC_Earth3P_HR,29.4,35.9,22.4,0.0
2045-04-23,EC_Earth3P_HR,29.3,35.4,22.8,0.0
2045-04-24,EC_Earth3P_HR,31.6,38.3,22.5,0.0
2045-04-25,EC_Earth3P_HR,31.3,37.1,25.2,0.0
2045-04-26,EC_Earth3P_HR,30.3,35.6,25.0,0.0
2045-04-27,EC_Earth3P_HR,31.0,37.8,24.7,0.0
2045-04-28,EC_Earth3P_HR,33.2,39.8,25.5,0.0
2045-04-29,EC_Earth3P_HR,33.4,39.6,26.9,0.0
2045-04-30,EC_Earth3P_HR,31.9,38.4,25.5,0.0
2045-05-01,EC_Earth3P_HR,32.3,39.7,25.4,0.0
2045-05-02,EC_Earth3P_HR,32.4,38.4,25.1,0.08
2045-05-03,EC_Earth3P_HR,32.0,39.7,24.4,0.0
2045-05-04,EC_Earth3P_HR,32.6,40.7,24.2,0.0
2045-05-05,EC_Earth3P_HR,33.3,40.7,24.7,0.0
2045-05-06,EC_Earth3P_HR,34.1,41.5,25.2,1.14
2045-05-07,EC_Earth3P_HR,32.7,40.6,24.8,1.96
2045-05-08,EC_Earth3P_HR,33.2,39.7,25.8,0.0
2045-05-09,EC_Earth3P_HR,33.5,39.7,25.5,0.55
2045-05-10,EC_Earth3P_HR,30.8,36.8,24.4,0.18
2045-05-11,EC_Earth3P_HR,31.1,36.6,24.4,0.0
2045-05-12,EC_Earth3P_HR,32.3,38.0,24.9,0.0
2045-05-13,EC_Earth3P_HR,32.9,39.5,25.6,0.0
2045-05-14,EC_Earth3P_HR,33.7,40.7,26.3,0.0
2045-05-15,EC_Earth3P_HR,32.8,39.7,24.1,0.0
2045-05-16,EC_Earth3P_HR,32.9,41.2,24.0,0.0
2045-05-17,EC_Earth3P_HR,34.1,41.7,24.0,0.0
2045-05-18,EC_Earth3P_HR,33.7,41.2,26.1,0.0
2045-05-19,EC_Earth3P_HR,33.7,42.4,25.8,0.0
2045-05-20,EC_Earth3P_HR,33.4,40.6,26.6,0.96
2045-05-21,EC_Earth3P_HR,34.9,41.4,27.1,0.0
2045-05-22,EC_Earth3P_HR,34.3,40.4,27.1,0.19
2045-05-23,EC_Earth3P_HR,35.2,41.2,29.7,0.0
2045-05-24,EC_Earth3P_HR,36.0,40.2,30.6,0.0
2045-05-25,EC_Earth3P_HR,35.1,40.3,29.1,0.0
2045-05-26,EC_Earth3P_HR,33.5,38.7,27.1,0.0
2045-05-27,EC_Earth3P_HR,33.4,38.9,27.1,0.0
2045-05-28,EC_Earth3P_HR,35.8,40.9,27.6,0.0
2045-05-29,EC_Earth3P_HR,35.9,41.1,30.4,0.0
2045-05-30,EC_Earth3P_HR,35.0,39.8,30.3,0.0
2045-05-31,EC_Earth3P_HR,35.1,40.3,30.0,0.0
2045-06-01,EC_Earth3P_HR,35.5,40.8,29.5,0.0
2045-06-02,EC_Earth3P_HR,36.4,42.0,29.5,0.0
2045-06-03,EC_Earth3P_HR,36.2,41.4,30.3,0.0
2045-06-04,EC_Earth3P_HR,35.4,40.9,30.2,0.0
2045-06-05,EC_Earth3P_HR,34.7,40.3,29.3,0.0
2045-06-06,EC_Earth3P_HR,34.0,39.1,28.0,0.1
2045-06-07,EC_Earth3P_HR,32.6,38.4,28.0,0.89
2045-06-08,EC_Earth3P_HR,34.2,39.3,28.3,0.0
2045-06-09,EC_Earth3P_HR,34.6,39.4,29.4,0.0
2045-06-10,EC_Earth3P_HR,35.5,40.2,30.1,0.0
2045-06-11,EC_Earth3P_HR,35.8,40.3,30.7,0.0
2045-06-12,EC_Earth3P_HR,37.6,41.8,32.2,0.0
2045-06-13,EC_Earth3P_HR,38.7,43.7,33.0,0.0
2045-06-14,EC_Earth3P_HR,38.8,43.5,33.6,0.0
2045-06-15,EC_Earth3P_HR,38.5,43.2,32.6,0.0
2045-06-16,EC_Earth3P_HR,37.7,42.4,32.5,0.0
2045-06-17,EC_Earth3P_HR,38.8,43.4,33.2,0.0
2045-06-18,EC_Earth3P_HR,39.5,44.3,34.2,0.0
2045-06-19,EC_Earth3P_HR,40.1,44.8,34.9,0.0
2045-06-20,EC_Earth3P_HR,40.2,44.8,35.2,0.0
2045-06-21,EC_Earth3P_HR,40.1,44.3,35.3,0.0
2045-06-22,EC_Earth3P_HR,39.7,45.4,35.2,0.2
2045-06-23,EC_Earth3P_HR,40.4,45.0,35.1,0.0
2045-06-24,EC_Earth3P_HR,39.7,45.0,35.8,2.11
2045-06-25,EC_Earth3P_HR,40.9,44.8,35.6,0.0
2045-06-26,EC_Earth3P_HR,40.9,46.2,33.8,0.0
2045-06-27,EC_Earth3P_HR,39.1,45.9,32.5,0.0
2045-06-28,EC_Earth3P_HR,35.4,40.4,31.0,0.1
2045-06-29,EC_Earth3P_HR,34.4,38.3,30.0,0.5
2045-06-30,EC_Earth3P_HR,34.5,38.8,29.9,0.2
2045-07-01,EC_Earth3P_HR,32.7,37.0,28.2,8.08
2045-07-02,EC_Earth3P_HR,29.8,33.0,27.5,31.61
2045-07-03,EC_Earth3P_HR,29.6,32.6,27.5,14.34
2045-07-04,EC_Earth3P_HR,30.4,34.7,27.6,13.22
2045-07-05,EC_Earth3P_HR,29.3,33.4,26.8,15.23
2045-07-06,EC_Earth3P_HR,29.2,32.2,26.8,5.95
2045-07-07,EC_Earth3P_HR,30.2,33.6,27.3,11.18
2045-07-08,EC_Earth3P_HR,30.8,34.8,27.3,11.18
2045-07-09,EC_Earth3P_HR,31.1,34.2,27.7,2.52
2045-07-10,EC_Earth3P_HR,31.3,34.8,28.1,15.99
2045-07-11,EC_Earth3P_HR,31.1,34.0,28.1,4.22
2045-07-12,EC_Earth3P_HR,30.5,33.9,27.3,14.76
2045-07-13,EC_Earth3P_HR,29.1,30.9,27.3,32.82
2045-07-14,EC_Earth3P_HR,29.4,31.7,27.4,19.66
2045-07-15,EC_Earth3P_HR,29.5,32.7,27.4,7.12
2045-07-16,EC_Earth3P_HR,29.9,32.7,27.5,16.83
2045-07-17,EC_Earth3P_HR,31.2,33.9,27.8,2.1
2045-07-18,EC_Earth3P_HR,31.2,33.8,28.3,9.71
2045-07-19,EC_Earth3P_HR,29.4,31.2,28.1,23.3
2045-07-20,EC_Earth3P_HR,28.5,29.6,27.3,9.1
2045-07-21,EC_Earth3P_HR,29.6,32.4,27.3,39.65
2045-07-22,EC_Earth3P_HR,29.2,32.3,27.3,17.87
2045-07-23,EC_Earth3P_HR,29.0,32.6,27.1,16.06
2045-07-24,EC_Earth3P_HR,29.0,32.9,27.0,23.13
2045-07-25,EC_Earth3P_HR,29.2,32.8,26.8,5.98
2045-07-26,EC_Earth3P_HR,30.7,33.9,26.8,0.6
2045-07-27,EC_Earth3P_HR,31.8,34.7,27.9,0.6
2045-07-28,EC_Earth3P_HR,31.2,33.3,29.0,7.66
2045-07-29,EC_Earth3P_HR,31.6,34.4,29.0,6.46
2045-07-30,EC_Earth3P_HR,31.6,34.6,28.1,8.05
2045-07-31,EC_Earth3P_HR,31.0,33.9,28.0,14.1
2045-08-01,EC_Earth3P_HR,30.1,32.6,27.6,5.95
2045-08-02,EC_Earth3P_HR,29.6,32.6,27.1,11.4
2045-08-03,EC_Earth3P_HR,29.8,33.4,27.2,3.67
2045-08-04,EC_Earth3P_HR,30.0,33.6,27.2,3.27
2045-08-05,EC_Earth3P_HR,30.6,33.7,27.3,9.31
2045-08-06,EC_Earth3P_HR,29.3,32.2,27.4,23.65
2045-08-07,EC_Earth3P_HR,28.1,29.4,27.1,40.84
2045-08-08,EC_Earth3P_HR,27.2,28.1,26.6,47.93
2045-08-09,EC_Earth3P_HR,27.2,27.9,26.2,35.06
2045-08-10,EC_Earth3P_HR,28.0,31.2,26.2,16.38
2045-08-11,EC_Earth3P_HR,27.9,29.9,26.1,22.89
2045-08-12,EC_Earth3P_HR,28.2,31.1,26.1,24.25
2045-08-13,EC_Earth3P_HR,29.6,32.7,26.3,1.87
2045-08-14,EC_Earth3P_HR,29.0,31.4,26.7,16.35
2045-08-15,EC_Earth3P_HR,28.4,30.5,26.7,19.68
2045-08-16,EC_Earth3P_HR,27.7,29.4,26.7,28.72
2045-08-17,EC_Earth3P_HR,28.0,31.2,26.4,11.89
2045-08-18,EC_Earth3P_HR,28.1,30.3,26.2,8.15
2045-08-19,EC_Earth3P_HR,28.0,31.7,26.1,8.84
2045-08-20,EC_Earth3P_HR,28.1,31.1,26.1,9.03
2045-08-21,EC_Earth3P_HR,28.8,32.2,26.4,12.06
2045-08-22,EC_Earth3P_HR,29.6,32.6,26.7,5.19
2045-08-23,EC_Earth3P_HR,30.8,34.4,27.6,1.86
2045-08-24,EC_Earth3P_HR,31.3,34.7,27.9,1.66
2045-08-25,EC_Earth3P_HR,30.9,34.2,27.9,1.86
2045-08-26,EC_Earth3P_HR,31.0,34.2,27.7,5.67
2045-08-27,EC_Earth3P_HR,30.6,33.7,27.5,4.69
2045-08-28,EC_Earth3P_HR,30.2,32.8,27.5,1.47
2045-08-29,EC_Earth3P_HR,31.6,34.3,27.5,1.27
2045-08-30,EC_Earth3P_HR,32.0,35.2,28.3,1.46
2045-08-31,EC_Earth3P_HR,30.7,33.4,28.1,9.85
2045-09-01,EC_Earth3P_HR,31.1,34.2,28.0,1.66
2045-09-02,EC_Earth3P_HR,31.3,34.5,27.5,1.85
2045-09-03,EC_Earth3P_HR,30.3,33.8,27.1,2.14
2045-09-04,EC_Earth3P_HR,30.7,33.8,27.5,5.05
2045-09-05,EC_Earth3P_HR,30.8,33.8,27.5,2.33
2045-09-06,EC_Earth3P_HR,30.5,33.3,27.3,12.77
2045-09-07,EC_Earth3P_HR,29.6,32.6,27.2,15.27
2045-09-08,EC_Earth3P_HR,29.5,32.4,27.2,5.98
2045-09-09,EC_Earth3P_HR,29.6,33.0,27.2,5.39
2045-09-10,EC_Earth3P_HR,29.0,32.1,26.9,9.04
2045-09-11,EC_Earth3P_HR,28.1,31.2,26.1,19.48
2045-09-12,EC_Earth3P_HR,28.5,31.7,26.1,5.94
2045-09-13,EC_Earth3P_HR,28.8,31.9,26.2,7.65
2045-09-14,EC_Earth3P_HR,29.5,33.4,26.6,5.25
2045-09-15,EC_Earth3P_HR,30.5,33.7,27.0,7.33
2045-09-16,EC_Earth3P_HR,30.5,33.6,26.9,9.22
2045-09-17,EC_Earth3P_HR,29.8,32.8,27.3,3.32
2045-09-18,EC_Earth3P_HR,30.1,33.5,27.7,4.07
2045-09-19,EC_Earth3P_HR,30.4,33.8,27.6,1.79
2045-09-20,EC_Earth3P_HR,30.9,34.1,27.6,0.57
2045-09-21,EC_Earth3P_HR,30.6,33.7,28.2,4.42
2045-09-22,EC_Earth3P_HR,29.8,32.7,27.1,5.44
2045-09-23,EC_Earth3P_HR,28.4,31.4,26.2,9.25
2045-09-24,EC_Earth3P_HR,28.1,31.5,26.1,8.58
2045-09-25,EC_Earth3P_HR,28.8,32.0,26.5,3.16
2045-09-26,EC_Earth3P_HR,29.3,32.5,26.8,3.24
2045-09-27,EC_Earth3P_HR,29.1,32.7,26.7,7.95
2045-09-28,EC_Earth3P_HR,29.0,32.8,26.3,5.8
2045-09-29,EC_Earth3P_HR,28.9,32.6,26.6,4.22
2045-09-30,EC_Earth3P_HR,28.3,31.5,26.2,8.32
2045-10-01,EC_Earth3P_HR,28.9,32.7,25.4,0.55
2045-10-02,EC_Earth3P_HR,28.4,31.7,25.2,2.0
2045-10-03,EC_Earth3P_HR,28.5,32.0,25.3,0.45
2045-10-04,EC_Earth3P_HR,28.4,32.2,25.0,2.25
2045-10-05,EC_Earth3P_HR,28.5,32.1,24.9,1.43
2045-10-06,EC_Earth3P_HR,28.7,32.3,25.5,1.7
2045-10-07,EC_Earth3P_HR,28.0,31.9,25.1,1.33
2045-10-08,EC_Earth3P_HR,27.6,31.3,24.6,1.24
2045-10-09,EC_Earth3P_HR,27.9,31.3,24.6,1.05
2045-10-10,EC_Earth3P_HR,27.2,30.8,24.6,1.57
2045-10-11,EC_Earth3P_HR,26.5,29.5,24.0,0.87
2045-10-12,EC_Earth3P_HR,26.9,31.1,23.0,0.26
2045-10-13,EC_Earth3P_HR,27.1,30.9,23.0,0.26
2045-10-14,EC_Earth3P_HR,27.3,31.2,23.2,0.6
2045-10-15,EC_Earth3P_HR,27.5,31.2,23.0,0.51
2045-10-16,EC_Earth3P_HR,27.6,31.3,23.2,0.42
2045-10-17,EC_Earth3P_HR,27.3,31.2,23.0,0.42
2045-10-18,EC_Earth3P_HR,25.1,29.9,22.9,3.05
2045-10-19,EC_Earth3P_HR,24.2,27.4,21.9,1.88
2045-10-20,EC_Earth3P_HR,25.4,28.7,21.9,0.16
2045-10-21,EC_Earth3P_HR,25.5,28.2,23.0,0.88
2045-10-22,EC_Earth3P_HR,25.3,30.6,21.3,2.92
2045-10-23,EC_Earth3P_HR,24.3,26.6,21.4,0.23
2045-10-24,EC_Earth3P_HR,24.5,29.6,20.0,0.0
2045-10-25,EC_Earth3P_HR,24.3,29.9,19.7,0.0
2045-10-26,EC_Earth3P_HR,25.4,30.3,19.6,0.0
2045-10-27,EC_Earth3P_HR,25.0,30.2,19.6,0.07
2045-10-28,EC_Earth3P_HR,25.0,29.8,20.1,0.07
2045-10-29,EC_Earth3P_HR,25.6,29.4,19.9,0.0
2045-10-30,EC_Earth3P_HR,24.7,29.2,20.6,0.54
2045-10-31,EC_Earth3P_HR,24.3,29.4,19.7,0.07
2045-11-01,EC_Earth3P_HR,23.8,29.3,18.9,0.0
2045-11-02,EC_Earth3P_HR,23.1,28.8,18.3,0.0
2045-11-03,EC_Earth3P_HR,22.5,28.7,16.7,0.0
2045-11-04,EC_Earth3P_HR,23.3,28.2,16.7,0.0
2045-11-05,EC_Earth3P_HR,23.6,28.3,19.0,0.0
2045-11-06,EC_Earth3P_HR,23.8,27.1,19.6,0.0
2045-11-07,EC_Earth3P_HR,24.6,28.3,20.9,0.0
2045-11-08,EC_Earth3P_HR,23.9,29.2,18.9,0.0
2045-11-09,EC_Earth3P_HR,22.4,28.7,16.9,0.0
2045-11-10,EC_Earth3P_HR,22.4,28.7,16.6,0.0
2045-11-11,EC_Earth3P_HR,22.2,28.2,16.3,0.0
2045-11-12,EC_Earth3P_HR,21.8,27.9,16.9,0.0
2045-11-13,EC_Earth3P_HR,22.5,27.4,16.7,0.0
2045-11-14,EC_Earth3P_HR,21.6,27.3,16.9,0.0
2045-11-15,EC_Earth3P_HR,21.7,27.6,16.6,0.0
2045-11-16,EC_Earth3P_HR,20.6,27.4,14.1,0.0
2045-11-17,EC_Earth3P_HR,21.1,26.7,13.6,0.0
2045-11-18,EC_Earth3P_HR,20.3,26.5,14.5,0.0
2045-11-19,EC_Earth3P_HR,20.0,26.3,13.9,0.0
2045-11-20,EC_Earth3P_HR,20.7,26.5,13.6,0.0
2045-11-21,EC_Earth3P_HR,20.6,26.8,14.0,0.0
2045-11-22,EC_Earth3P_HR,21.2,26.1,15.7,0.0
2045-11-23,EC_Earth3P_HR,21.2,26.3,16.6,0.07
2045-11-24,EC_Earth3P_HR,20.9,26.3,15.7,0.14
2045-11-25,EC_Earth3P_HR,21.6,26.4,15.3,0.0
2045-11-26,EC_Earth3P_HR,20.3,26.2,15.0,0.0
2045-11-27,EC_Earth3P_HR,19.7,26.0,14.7,0.0
2045-11-28,EC_Earth3P_HR,20.3,25.6,14.5,0.0
2045-11-29,EC_Earth3P_HR,20.9,26.8,14.6,0.0
2045-11-30,EC_Earth3P_HR,21.2,26.5,16.0,0.0
2045-12-01,EC_Earth3P_HR,21.0,24.8,15.4,0.0
2045-12-02,EC_Earth3P_HR,20.0,25.5,14.7,0.0
2045-12-03,EC_Earth3P_HR,19.1,25.2,14.2,0.0
2045-12-04,EC_Earth3P_HR,18.7,24.5,14.7,0.0
2045-12-05,EC_Earth3P_HR,19.7,25.5,14.5,4.94
2045-12-06,EC_Earth3P_HR,18.6,20.5,16.6,21.94
2045-12-07,EC_Earth3P_HR,19.6,22.5,17.7,1.67
2045-12-08,EC_Earth3P_HR,18.8,22.4,15.0,0.46
2045-12-09,EC_Earth3P_HR,17.8,22.7,14.7,0.15
2045-12-10,EC_Earth3P_HR,18.5,22.8,14.3,0.08
2045-12-11,EC_Earth3P_HR,17.5,23.1,12.4,0.0
2045-12-12,EC_Earth3P_HR,15.8,21.4,11.0,0.0
2045-12-13,EC_Earth3P_HR,14.4,20.5,9.9,0.0
2045-12-14,EC_Earth3P_HR,14.8,21.2,9.3,0.0
2045-12-15,EC_Earth3P_HR,14.3,20.4,9.0,0.0
2045-12-16,EC_Earth3P_HR,14.9,19.8,8.4,0.0
2045-12-17,EC_Earth3P_HR,14.5,20.2,8.4,0.0
2045-12-18,EC_Earth3P_HR,13.7,20.4,7.8,0.0
2045-12-19,EC_Earth3P_HR,13.5,20.5,8.4,0.0
2045-12-20,EC_Earth3P_HR,15.5,20.8,8.1,0.0
2045-12-21,EC_Earth3P_HR,14.9,21.6,8.8,1.97
2045-12-22,EC_Earth3P_HR,15.8,19.2,10.6,2.18
2045-12-23,EC_Earth3P_HR,14.8,21.2,10.0,0.0
2045-12-24,EC_Earth3P_HR,13.9,20.8,8.4,0.0
2045-12-25,EC_Earth3P_HR,15.2,20.1,7.8,0.0
2045-12-26,EC_Earth3P_HR,15.5,20.7,10.8,0.0
2045-12-27,EC_Earth3P_HR,17.1,22.9,12.9,0.0
2045-12-28,EC_Earth3P_HR,15.3,16.8,11.9,7.75
2045-12-29,EC_Earth3P_HR,16.2,22.3,11.8,0.0
2045-12-30,EC_Earth3P_HR,17.2,22.7,12.3,0.0
2045-12-31,EC_Earth3P_HR,16.4,21.8,11.9,0.0
2046-01-01,EC_Earth3P_HR,16.8,21.5,11.7,0.23
2046-01-02,EC_Earth3P_HR,17.3,21.1,13.4,0.34
2046-01-03,EC_Earth3P_HR,17.4,21.9,13.5,0.0
2046-01-04,EC_Earth3P_HR,16.7,21.8,12.6,0.0
2046-01-05,EC_Earth3P_HR,16.5,21.6,12.3,0.0
2046-01-06,EC_Earth3P_HR,14.7,20.3,10.6,0.0
2046-01-07,EC_Earth3P_HR,14.7,20.9,9.8,0.0
2046-01-08,EC_Earth3P_HR,16.8,21.4,9.3,0.0
2046-01-09,EC_Earth3P_HR,17.3,22.4,10.5,7.38
2046-01-10,EC_Earth3P_HR,16.0,17.1,14.0,20.77
2046-01-11,EC_Earth3P_HR,14.4,18.2,10.1,0.23
2046-01-12,EC_Earth3P_HR,12.8,18.2,8.6,0.0
2046-01-13,EC_Earth3P_HR,13.2,18.5,7.8,0.0
2046-01-14,EC_Earth3P_HR,13.0,19.3,8.0,0.0
2046-01-15,EC_Earth3P_HR,13.9,20.2,8.7,0.0
2046-01-16,EC_Earth3P_HR,13.7,19.5,9.2,0.0
2046-01-17,EC_Earth3P_HR,13.2,19.6,8.5,0.0
2046-01-18,EC_Earth3P_HR,14.6,20.8,9.4,0.0
2046-01-19,EC_Earth3P_HR,15.6,21.6,10.9,0.0
2046-01-20,EC_Earth3P_HR,15.8,21.5,10.3,0.0
2046-01-21,EC_Earth3P_HR,12.7,17.8,8.8,0.0
2046-01-22,EC_Earth3P_HR,12.9,19.0,8.4,0.0
2046-01-23,EC_Earth3P_HR,13.2,19.6,8.3,0.0
2046-01-24,EC_Earth3P_HR,14.6,20.0,7.8,0.0
2046-01-25,EC_Earth3P_HR,15.2,21.0,8.5,0.23
2046-01-26,EC_Earth3P_HR,14.8,16.1,13.2,17.66
2046-01-27,EC_Earth3P_HR,17.0,22.0,13.2,0.0
2046-01-28,EC_Earth3P_HR,16.0,21.5,11.9,0.0
2046-01-29,EC_Earth3P_HR,16.0,21.6,10.9,0.0
2046-01-30,EC_Earth3P_HR,17.7,21.6,13.4,1.24
2046-01-31,EC_Earth3P_HR,18.8,21.1,16.1,7.35
2046-02-01,EC_Earth3P_HR,17.6,21.3,12.6,0.11
2046-02-02,EC_Earth3P_HR,17.5,22.8,12.0,0.0
2046-02-03,EC_Earth3P_HR,17.6,23.1,12.5,0.0
2046-02-04,EC_Earth3P_HR,17.2,22.9,12.7,0.0
2046-02-05,EC_Earth3P_HR,17.3,23.5,12.2,0.0
2046-02-06,EC_Earth3P_HR,17.2,23.7,11.4,0.0
2046-02-07,EC_Earth3P_HR,18.1,23.6,10.5,0.0
2046-02-08,EC_Earth3P_HR,20.1,25.6,15.5,0.0
2046-02-09,EC_Earth3P_HR,17.2,22.7,11.1,0.0
2046-02-10,EC_Earth3P_HR,16.0,22.5,10.5,0.0
2046-02-11,EC_Earth3P_HR,16.3,22.9,11.5,0.0
2046-02-12,EC_Earth3P_HR,16.3,23.3,10.8,0.0
2046-02-13,EC_Earth3P_HR,17.9,24.6,10.8,0.0
2046-02-14,EC_Earth3P_HR,20.0,25.8,13.0,0.0
2046-02-15,EC_Earth3P_HR,20.9,26.6,15.2,0.0
2046-02-16,EC_Earth3P_HR,21.3,26.6,16.0,7.1
2046-02-17,EC_Earth3P_HR,19.2,25.1,15.0,1.24
2046-02-18,EC_Earth3P_HR,17.9,23.9,11.9,0.0
2046-02-19,EC_Earth3P_HR,16.3,22.7,11.4,0.0
2046-02-20,EC_Earth3P_HR,16.0,22.7,10.5,0.0
2046-02-21,EC_Earth3P_HR,18.0,23.6,10.2,3.83
2046-02-22,EC_Earth3P_HR,18.0,21.6,14.7,13.63
2046-02-23,EC_Earth3P_HR,17.3,20.9,13.7,0.68
2046-02-24,EC_Earth3P_HR,18.1,23.7,12.9,0.0
2046-02-25,EC_Earth3P_HR,17.1,23.6,11.9,0.0
2046-02-26,EC_Earth3P_HR,17.2,24.1,11.2,0.0
2046-02-27,EC_Earth3P_HR,18.0,25.1,11.0,0.0
2046-02-28,EC_Earth3P_HR,19.8,26.4,12.5,0.0
2046-03-01,EC_Earth3P_HR,20.3,27.3,13.8,0.0
2046-03-02,EC_Earth3P_HR,21.0,27.6,14.7,0.0
2046-03-03,EC_Earth3P_HR,21.0,27.7,15.1,0.0
2046-03-04,EC_Earth3P_HR,20.8,27.5,14.4,0.0
2046-03-05,EC_Earth3P_HR,20.9,28.1,14.7,0.0
2046-03-06,EC_Earth3P_HR,21.3,28.4,14.2,0.0
2046-03-07,EC_Earth3P_HR,21.8,29.3,15.1,0.0
2046-03-08,EC_Earth3P_HR,23.0,29.7,15.5,0.0
2046-03-09,EC_Earth3P_HR,23.8,30.4,18.1,0.0
2046-03-10,EC_Earth3P_HR,23.2,30.3,17.2,0.0
2046-03-11,EC_Earth3P_HR,23.3,30.2,17.0,0.0
2046-03-12,EC_Earth3P_HR,23.4,30.2,17.1,0.0
2046-03-13,EC_Earth3P_HR,24.0,30.7,17.6,0.0
2046-03-14,EC_Earth3P_HR,22.9,28.0,18.1,8.81
2046-03-15,EC_Earth3P_HR,21.2,24.6,18.2,2.68
2046-03-16,EC_Earth3P_HR,21.6,27.7,17.8,14.52
2046-03-17,EC_Earth3P_HR,19.9,24.7,16.4,0.51
2046-03-18,EC_Earth3P_HR,22.1,27.6,16.1,0.0
2046-03-19,EC_Earth3P_HR,22.4,29.3,16.8,0.0
2046-03-20,EC_Earth3P_HR,23.8,30.6,16.7,0.0
2046-03-21,EC_Earth3P_HR,25.2,32.4,19.0,0.0
2046-03-22,EC_Earth3P_HR,25.1,32.5,18.5,0.0
2046-03-23,EC_Earth3P_HR,26.3,33.3,19.4,0.0
2046-03-24,EC_Earth3P_HR,27.8,34.2,19.7,0.0
2046-03-25,EC_Earth3P_HR,28.1,35.3,22.0,0.0
2046-03-26,EC_Earth3P_HR,28.7,34.2,23.2,0.0
2046-03-27,EC_Earth3P_HR,27.1,31.5,22.4,0.0
2046-03-28,EC_Earth3P_HR,28.0,33.6,21.9,0.0
2046-03-29,EC_Earth3P_HR,28.4,34.3,22.6,0.09
2046-03-30,EC_Earth3P_HR,28.4,33.5,22.9,0.0
2046-03-31,EC_Earth3P_HR,26.8,33.9,21.2,7.68
2046-04-01,EC_Earth3P_HR,24.7,28.7,20.1,0.0
2046-04-02,EC_Earth3P_HR,26.9,32.6,20.0,0.0
2046-04-03,EC_Earth3P_HR,27.8,33.7,21.8,0.0
2046-04-04,EC_Earth3P_HR,28.7,35.1,21.5,0.0
2046-04-05,EC_Earth3P_HR,29.9,36.1,23.0,0.0
2046-04-06,EC_Earth3P_HR,30.6,35.9,26.0,0.0
2046-04-07,EC_Earth3P_HR,30.8,36.4,25.6,0.0
2046-04-08,EC_Earth3P_HR,30.9,36.8,25.4,0.0
2046-04-09,EC_Earth3P_HR,30.9,37.0,25.1,0.0
2046-04-10,EC_Earth3P_HR,31.3,38.1,24.9,0.0
2046-04-11,EC_Earth3P_HR,32.2,39.8,25.0,0.0
2046-04-12,EC_Earth3P_HR,32.1,40.7,24.8,0.0
2046-04-13,EC_Earth3P_HR,33.7,40.7,24.8,0.0
2046-04-14,EC_Earth3P_HR,30.3,36.1,25.5,0.53
2046-04-15,EC_Earth3P_HR,28.5,34.0,22.1,0.61
2046-04-16,EC_Earth3P_HR,25.5,33.6,20.3,2.18
2046-04-17,EC_Earth3P_HR,27.5,33.4,20.0,0.0
2046-04-18,EC_Earth3P_HR,28.7,34.9,21.4,0.0
2046-04-19,EC_Earth3P_HR,29.7,36.5,23.5,0.0
2046-04-20,EC_Earth3P_HR,30.8,37.8,23.4,0.0
2046-04-21,EC_Earth3P_HR,27.5,32.1,21.4,0.85
2046-04-22,EC_Earth3P_HR,28.0,33.8,21.4,0.76
2046-04-23,EC_Earth3P_HR,29.2,35.5,23.1,0.0
2046-04-24,EC_Earth3P_HR,29.3,35.8,22.8,0.0
2046-04-25,EC_Earth3P_HR,30.7,37.9,22.5,0.0
2046-04-26,EC_Earth3P_HR,31.8,39.5,24.0,0.0
2046-04-27,EC_Earth3P_HR,32.7,40.5,24.2,0.08
2046-04-28,EC_Earth3P_HR,33.5,41.1,24.1,0.0
2046-04-29,EC_Earth3P_HR,35.0,40.6,26.5,0.0
2046-04-30,EC_Earth3P_HR,34.8,41.2,26.3,0.0
2046-05-01,EC_Earth3P_HR,34.3,39.9,28.1,0.16
2046-05-02,EC_Earth3P_HR,32.7,38.1,26.4,0.41
2046-05-03,EC_Earth3P_HR,30.9,37.5,26.3,1.31
2046-05-04,EC_Earth3P_HR,30.8,36.8,25.6,1.76
2046-05-05,EC_Earth3P_HR,31.6,37.4,25.4,0.0
2046-05-06,EC_Earth3P_HR,31.4,37.7,24.6,1.92
2046-05-07,EC_Earth3P_HR,30.9,37.1,24.5,0.0
2046-05-08,EC_Earth3P_HR,30.9,37.5,23.0,1.88
2046-05-09,EC_Earth3P_HR,30.3,37.3,23.3,0.0
2046-05-10,EC_Earth3P_HR,30.8,37.3,23.5,0.0
2046-05-11,EC_Earth3P_HR,31.9,39.1,23.9,0.0
2046-05-12,EC_Earth3P_HR,33.3,40.1,23.9,0.0
2046-05-13,EC_Earth3P_HR,33.8,39.8,27.3,0.0
2046-05-14,EC_Earth3P_HR,29.0,31.8,25.9,0.19
2046-05-15,EC_Earth3P_HR,29.0,32.3,25.6,3.49
2046-05-16,EC_Earth3P_HR,25.2,26.2,24.4,29.59
2046-05-17,EC_Earth3P_HR,25.6,29.0,23.6,1.81
2046-05-18,EC_Earth3P_HR,28.6,34.3,23.5,0.0
2046-05-19,EC_Earth3P_HR,29.0,35.3,22.5,0.0
2046-05-20,EC_Earth3P_HR,29.7,36.9,22.4,0.0
2046-05-21,EC_Earth3P_HR,30.5,38.1,23.5,0.0
2046-05-22,EC_Earth3P_HR,31.9,39.3,23.7,0.0
2046-05-23,EC_Earth3P_HR,33.0,39.7,26.4,0.0
2046-05-24,EC_Earth3P_HR,33.1,40.0,26.2,0.0
2046-05-25,EC_Earth3P_HR,32.5,39.9,26.0,0.0
2046-05-26,EC_Earth3P_HR,34.2,40.8,26.6,0.29
2046-05-27,EC_Earth3P_HR,32.7,40.2,27.7,0.68
2046-05-28,EC_Earth3P_HR,33.0,39.6,27.8,1.57
2046-05-29,EC_Earth3P_HR,33.9,40.0,28.3,0.0
2046-05-30,EC_Earth3P_HR,34.7,41.3,28.3,0.0
2046-05-31,EC_Earth3P_HR,35.7,42.8,28.8,0.0
2046-06-01,EC_Earth3P_HR,36.0,43.7,28.7,0.0
2046-06-02,EC_Earth3P_HR,37.0,44.3,28.8,0.0
2046-06-03,EC_Earth3P_HR,37.2,44.8,30.1,0.0
2046-06-04,EC_Earth3P_HR,37.2,45.3,30.1,0.0
2046-06-05,EC_Earth3P_HR,37.7,45.6,30.5,0.0
2046-06-06,EC_Earth3P_HR,37.8,46.0,29.2,0.0
2046-06-07,EC_Earth3P_HR,38.1,45.8,29.2,0.0
2046-06-08,EC_Earth3P_HR,38.7,46.2,30.4,0.0
2046-06-09,EC_Earth3P_HR,38.2,46.2,30.5,0.0
2046-06-10,EC_Earth3P_HR,38.4,45.3,30.7,0.0
2046-06-11,EC_Earth3P_HR,38.3,44.1,31.4,0.3
2046-06-12,EC_Earth3P_HR,37.9,43.6,30.8,0.3
2046-06-13,EC_Earth3P_HR,34.4,41.4,30.8,3.6
2046-06-14,EC_Earth3P_HR,34.5,38.8,30.7,1.1
2046-06-15,EC_Earth3P_HR,36.2,41.3,30.7,0.0
2046-06-16,EC_Earth3P_HR,37.0,42.3,31.4,0.0
2046-06-17,EC_Earth3P_HR,37.5,43.8,31.4,0.0
2046-06-18,EC_Earth3P_HR,37.0,43.7,32.5,1.9
2046-06-19,EC_Earth3P_HR,37.2,41.6,32.8,0.1
2046-06-20,EC_Earth3P_HR,36.9,40.6,33.1,0.0
2046-06-21,EC_Earth3P_HR,36.0,39.2,33.0,1.0
2046-06-22,EC_Earth3P_HR,34.9,39.4,29.9,2.31
2046-06-23,EC_Earth3P_HR,32.0,36.5,27.7,38.01
2046-06-24,EC_Earth3P_HR,29.2,30.9,27.3,26.66
2046-06-25,EC_Earth3P_HR,28.6,31.8,27.2,13.79
2046-06-26,EC_Earth3P_HR,28.5,30.1,27.2,1.51
2046-06-27,EC_Earth3P_HR,30.9,34.5,27.7,9.47
2046-06-28,EC_Earth3P_HR,31.1,34.4,28.9,1.31
2046-06-29,EC_Earth3P_HR,31.9,35.1,28.6,0.2
2046-06-30,EC_Earth3P_HR,31.1,34.1,28.2,0.1
2046-07-01,EC_Earth3P_HR,29.7,31.9,28.1,0.91
2046-07-02,EC_Earth3P_HR,31.4,35.1,28.1,0.71
2046-07-03,EC_Earth3P_HR,31.9,34.7,29.0,1.11
2046-07-04,EC_Earth3P_HR,32.4,36.0,29.2,1.72
2046-07-05,EC_Earth3P_HR,32.5,35.3,29.7,0.1
2046-07-06,EC_Earth3P_HR,32.9,36.0,29.0,2.12
2046-07-07,EC_Earth3P_HR,32.9,36.6,28.6,0.91
2046-07-08,EC_Earth3P_HR,31.8,35.0,28.1,16.61
2046-07-09,EC_Earth3P_HR,30.3,33.5,28.1,6.34
2046-07-10,EC_Earth3P_HR,32.9,36.8,28.4,0.5
2046-07-11,EC_Earth3P_HR,34.4,37.9,30.4,0.0
2046-07-12,EC_Earth3P_HR,34.6,38.1,31.2,0.2
2046-07-13,EC_Earth3P_HR,33.4,37.0,29.2,4.92
2046-07-14,EC_Earth3P_HR,32.3,35.8,29.1,8.63
2046-07-15,EC_Earth3P_HR,32.4,35.7,28.5,15.14
2046-07-16,EC_Earth3P_HR,32.5,36.1,28.4,6.01
2046-07-17,EC_Earth3P_HR,32.9,35.7,28.4,1.7
2046-07-18,EC_Earth3P_HR,31.6,33.5,29.0,7.31
2046-07-19,EC_Earth3P_HR,29.1,30.6,27.4,49.61
2046-07-20,EC_Earth3P_HR,28.3,29.1,27.3,15.39
2046-07-21,EC_Earth3P_HR,31.2,34.3,27.5,0.1
2046-07-22,EC_Earth3P_HR,32.9,36.7,28.7,0.0
2046-07-23,EC_Earth3P_HR,33.0,35.9,29.9,3.19
2046-07-24,EC_Earth3P_HR,32.6,35.1,29.8,2.19
2046-07-25,EC_Earth3P_HR,32.6,34.8,30.2,0.7
2046-07-26,EC_Earth3P_HR,31.8,35.1,29.5,3.59
2046-07-27,EC_Earth3P_HR,31.8,34.7,29.5,0.7
2046-07-28,EC_Earth3P_HR,32.3,35.4,29.5,0.8
2046-07-29,EC_Earth3P_HR,33.0,35.6,29.6,2.78
2046-07-30,EC_Earth3P_HR,31.5,33.6,28.4,15.4
2046-07-31,EC_Earth3P_HR,31.1,34.1,28.4,8.74
2046-08-01,EC_Earth3P_HR,31.0,34.2,27.4,6.75
2046-08-02,EC_Earth3P_HR,30.3,33.3,27.3,14.48
2046-08-03,EC_Earth3P_HR,29.7,32.6,27.7,5.55
2046-08-04,EC_Earth3P_HR,31.4,34.7,27.9,2.67
2046-08-05,EC_Earth3P_HR,31.4,33.9,28.7,3.66
2046-08-06,EC_Earth3P_HR,29.8,31.6,28.1,32.26
2046-08-07,EC_Earth3P_HR,29.1,30.3,27.6,24.13
2046-08-08,EC_Earth3P_HR,30.1,33.2,27.6,12.26
2046-08-09,EC_Earth3P_HR,32.1,35.6,28.2,1.38
2046-08-10,EC_Earth3P_HR,32.1,36.0,28.6,0.59
2046-08-11,EC_Earth3P_HR,31.4,34.5,28.2,4.83
2046-08-12,EC_Earth3P_HR,30.3,32.6,28.1,8.68
2046-08-13,EC_Earth3P_HR,29.0,30.0,27.5,21.78
2046-08-14,EC_Earth3P_HR,27.9,28.9,26.8,39.3
2046-08-15,EC_Earth3P_HR,27.4,28.3,26.6,34.94
2046-08-16,EC_Earth3P_HR,28.2,31.0,26.6,4.72
2046-08-17,EC_Earth3P_HR,29.1,33.1,27.0,2.75
2046-08-18,EC_Earth3P_HR,30.6,34.0,27.5,1.77
2046-08-19,EC_Earth3P_HR,31.3,34.1,27.7,12.08
2046-08-20,EC_Earth3P_HR,30.0,32.5,27.7,10.89
2046-08-21,EC_Earth3P_HR,29.3,31.4,27.3,18.83
2046-08-22,EC_Earth3P_HR,28.5,30.6,27.0,5.98
2046-08-23,EC_Earth3P_HR,29.1,32.6,26.9,4.21
2046-08-24,EC_Earth3P_HR,29.7,32.8,26.9,4.5
2046-08-25,EC_Earth3P_HR,30.6,33.5,27.1,8.51
2046-08-26,EC_Earth3P_HR,30.6,33.5,27.9,3.52
2046-08-27,EC_Earth3P_HR,30.7,32.5,28.0,2.93
2046-08-28,EC_Earth3P_HR,30.7,33.5,27.3,6.06
2046-08-29,EC_Earth3P_HR,29.8,32.9,27.3,4.1
2046-08-30,EC_Earth3P_HR,30.1,32.8,27.6,2.54
2046-08-31,EC_Earth3P_HR,30.3,33.0,27.5,6.83
2046-09-01,EC_Earth3P_HR,30.5,33.7,27.5,1.36
2046-09-02,EC_Earth3P_HR,30.5,33.6,27.2,10.71
2046-09-03,EC_Earth3P_HR,29.6,32.7,26.8,6.9
2046-09-04,EC_Earth3P_HR,28.8,31.5,26.7,7.28
2046-09-05,EC_Earth3P_HR,30.6,33.2,27.2,4.17
2046-09-06,EC_Earth3P_HR,29.8,32.9,26.9,10.46
2046-09-07,EC_Earth3P_HR,29.4,32.2,26.8,1.55
2046-09-08,EC_Earth3P_HR,30.2,33.1,27.0,4.15
2046-09-09,EC_Earth3P_HR,31.0,34.0,27.4,4.53
2046-09-10,EC_Earth3P_HR,30.7,33.7,27.8,2.89
2046-09-11,EC_Earth3P_HR,31.1,34.1,28.1,2.69
2046-09-12,EC_Earth3P_HR,31.9,34.6,28.4,2.2
2046-09-13,EC_Earth3P_HR,30.7,32.9,27.6,11.48
2046-09-14,EC_Earth3P_HR,28.8,31.2,27.0,19.0
2046-09-15,EC_Earth3P_HR,30.8,34.0,27.2,2.95
2046-09-16,EC_Earth3P_HR,31.9,34.3,28.4,5.71
2046-09-17,EC_Earth3P_HR,30.7,33.7,28.2,2.66
2046-09-18,EC_Earth3P_HR,30.8,33.5,27.5,8.43
2046-09-19,EC_Earth3P_HR,30.9,34.1,27.4,1.23
2046-09-20,EC_Earth3P_HR,31.4,34.5,28.0,1.04
2046-09-21,EC_Earth3P_HR,30.9,33.7,27.6,4.42
2046-09-22,EC_Earth3P_HR,29.3,32.3,26.6,4.88
2046-09-23,EC_Earth3P_HR,29.1,32.0,26.4,2.71
2046-09-24,EC_Earth3P_HR,29.0,32.1,26.3,1.49
2046-09-25,EC_Earth3P_HR,29.3,32.6,26.4,1.4
2046-09-26,EC_Earth3P_HR,29.7,33.1,26.8,3.34
2046-09-27,EC_Earth3P_HR,29.5,32.6,26.9,4.81
2046-09-28,EC_Earth3P_HR,30.0,34.1,26.7,0.37
2046-09-29,EC_Earth3P_HR,29.6,33.2,27.4,5.6
2046-09-30,EC_Earth3P_HR,29.0,30.6,27.4,7.96
2046-10-01,EC_Earth3P_HR,29.6,31.4,27.9,4.29
2046-10-02,EC_Earth3P_HR,28.9,32.6,27.1,1.73
2046-10-03,EC_Earth3P_HR,29.7,32.4,27.1,2.99
2046-10-04,EC_Earth3P_HR,30.3,33.0,27.4,0.63
2046-10-05,EC_Earth3P_HR,29.8,32.8,27.3,3.05
2046-10-06,EC_Earth3P_HR,29.1,32.4,27.1,3.84
2046-10-07,EC_Earth3P_HR,29.0,31.9,26.6,2.76
2046-10-08,EC_Earth3P_HR,28.6,31.5,26.6,3.89
2046-10-09,EC_Earth3P_HR,28.4,31.7,26.6,11.36
2046-10-10,EC_Earth3P_HR,29.9,32.9,27.5,2.45
2046-10-11,EC_Earth3P_HR,29.6,33.6,26.7,1.83
2046-10-12,EC_Earth3P_HR,28.8,33.3,26.1,11.85
2046-10-13,EC_Earth3P_HR,28.3,31.7,25.6,16.07
2046-10-14,EC_Earth3P_HR,27.9,31.2,25.7,6.06
2046-10-15,EC_Earth3P_HR,28.0,31.5,25.6,6.61
2046-10-16,EC_Earth3P_HR,28.6,32.0,25.7,1.43
2046-10-17,EC_Earth3P_HR,28.4,32.7,25.9,4.25
2046-10-18,EC_Earth3P_HR,28.4,32.3,25.8,1.16
2046-10-19,EC_Earth3P_HR,28.8,32.4,26.1,2.29
2046-10-20,EC_Earth3P_HR,28.8,32.1,26.6,6.88
2046-10-21,EC_Earth3P_HR,28.5,32.0,26.5,8.01
2046-10-22,EC_Earth3P_HR,28.5,32.4,25.7,2.06
2046-10-23,EC_Earth3P_HR,28.2,32.3,24.1,0.39
2046-10-24,EC_Earth3P_HR,28.3,32.5,24.3,0.54
2046-10-25,EC_Earth3P_HR,28.6,31.9,24.7,0.53
2046-10-26,EC_Earth3P_HR,27.1,31.3,22.4,0.0
2046-10-27,EC_Earth3P_HR,25.1,29.6,20.4,0.0
2046-10-28,EC_Earth3P_HR,24.2,29.5,19.5,0.0
2046-10-29,EC_Earth3P_HR,23.5,29.2,18.4,0.0
2046-10-30,EC_Earth3P_HR,23.7,29.4,18.2,0.0
2046-10-31,EC_Earth3P_HR,24.3,29.9,19.0,0.0
2046-11-01,EC_Earth3P_HR,25.2,30.0,19.5,0.06
2046-11-02,EC_Earth3P_HR,22.4,24.0,20.7,9.3
2046-11-03,EC_Earth3P_HR,22.7,24.8,20.8,10.85
2046-11-04,EC_Earth3P_HR,24.2,28.2,20.3,0.25
2046-11-05,EC_Earth3P_HR,24.0,28.6,19.8,0.25
2046-11-06,EC_Earth3P_HR,23.1,27.9,17.5,0.0
2046-11-07,EC_Earth3P_HR,20.4,26.5,15.3,0.0
2046-11-08,EC_Earth3P_HR,20.4,26.3,14.1,0.0
2046-11-09,EC_Earth3P_HR,19.6,26.5,13.8,0.0
2046-11-10,EC_Earth3P_HR,19.3,26.3,14.1,0.0
2046-11-11,EC_Earth3P_HR,20.9,26.3,13.6,0.0
2046-11-12,EC_Earth3P_HR,21.6,26.3,14.9,0.0
2046-11-13,EC_Earth3P_HR,22.3,27.2,16.3,0.0
2046-11-14,EC_Earth3P_HR,22.4,27.5,17.8,0.0
2046-11-15,EC_Earth3P_HR,22.7,26.3,20.0,0.79
2046-11-16,EC_Earth3P_HR,23.5,26.9,20.2,0.0
2046-11-17,EC_Earth3P_HR,24.1,26.3,21.6,9.21
2046-11-18,EC_Earth3P_HR,23.9,27.3,19.8,0.54
2046-11-19,EC_Earth3P_HR,22.1,27.4,16.1,0.0
2046-11-20,EC_Earth3P_HR,18.7,25.1,12.6,0.0
2046-11-21,EC_Earth3P_HR,17.2,24.0,11.7,0.0
2046-11-22,EC_Earth3P_HR,17.1,23.7,11.6,0.0
2046-11-23,EC_Earth3P_HR,17.5,24.0,12.1,0.0
2046-11-24,EC_Earth3P_HR,16.9,23.6,11.9,0.0
2046-11-25,EC_Earth3P_HR,17.7,23.3,13.0,0.0
2046-11-26,EC_Earth3P_HR,17.6,22.3,14.3,0.0
2046-11-27,EC_Earth3P_HR,18.0,24.4,12.3,0.0
2046-11-28,EC_Earth3P_HR,17.8,24.2,11.7,0.0
2046-11-29,EC_Earth3P_HR,18.9,25.1,13.3,0.0
2046-11-30,EC_Earth3P_HR,19.6,25.5,14.8,0.0
2046-12-01,EC_Earth3P_HR,20.1,25.4,15.5,0.0
2046-12-02,EC_Earth3P_HR,19.1,24.8,13.9,0.0
2046-12-03,EC_Earth3P_HR,16.9,23.3,11.7,0.0
2046-12-04,EC_Earth3P_HR,15.5,22.1,10.5,0.0
2046-12-05,EC_Earth3P_HR,15.1,21.6,10.1,0.0
2046-12-06,EC_Earth3P_HR,14.8,21.3,9.5,0.0
2046-12-07,EC_Earth3P_HR,15.5,21.5,9.4,0.0
2046-12-08,EC_Earth3P_HR,16.6,22.1,10.6,0.0
2046-12-09,EC_Earth3P_HR,17.2,22.9,12.4,0.0
2046-12-10,EC_Earth3P_HR,15.5,22.4,9.7,0.0
2046-12-11,EC_Earth3P_HR,15.4,22.3,9.2,0.0
2046-12-12,EC_Earth3P_HR,16.7,23.2,10.8,0.0
2046-12-13,EC_Earth3P_HR,16.9,23.5,12.0,0.0
2046-12-14,EC_Earth3P_HR,16.1,23.1,10.7,0.0
2046-12-15,EC_Earth3P_HR,16.4,22.8,10.1,0.0
2046-12-16,EC_Earth3P_HR,15.7,22.6,10.2,0.0
2046-12-17,EC_Earth3P_HR,16.3,22.2,10.1,0.0
2046-12-18,EC_Earth3P_HR,17.0,22.7,10.9,0.0
2046-12-19,EC_Earth3P_HR,13.9,19.1,9.7,0.0
2046-12-20,EC_Earth3P_HR,13.2,18.9,9.0,0.0
2046-12-21,EC_Earth3P_HR,12.9,20.0,8.0,0.0
2046-12-22,EC_Earth3P_HR,14.4,20.5,7.1,0.0
2046-12-23,EC_Earth3P_HR,14.2,21.1,8.0,0.0
2046-12-24,EC_Earth3P_HR,15.9,22.9,10.4,0.0
2046-12-25,EC_Earth3P_HR,17.5,23.4,12.2,0.0
2046-12-26,EC_Earth3P_HR,17.4,23.8,13.3,0.0
2046-12-27,EC_Earth3P_HR,17.4,24.1,12.0,0.0
2046-12-28,EC_Earth3P_HR,15.5,22.4,10.5,0.0
2046-12-29,EC_Earth3P_HR,15.6,22.3,9.8,0.0
2046-12-30,EC_Earth3P_HR,15.9,22.7,10.8,0.0
2046-12-31,EC_Earth3P_HR,15.0,22.6,9.3,0.0
2047-01-01,EC_Earth3P_HR,14.4,22.3,8.5,0.0
2047-01-02,EC_Earth3P_HR,16.2,22.8,9.3,0.0
2047-01-03,EC_Earth3P_HR,16.2,22.5,10.7,0.0
2047-01-04,EC_Earth3P_HR,13.8,20.5,8.8,0.0
2047-01-05,EC_Earth3P_HR,14.0,21.0,8.7,0.0
2047-01-06,EC_Earth3P_HR,15.0,20.4,11.3,0.0
2047-01-07,EC_Earth3P_HR,14.7,21.8,8.4,0.0
2047-01-08,EC_Earth3P_HR,13.1,20.7,7.7,0.0
2047-01-09,EC_Earth3P_HR,14.0,21.2,7.3,0.0
2047-01-10,EC_Earth3P_HR,15.3,22.0,8.4,0.0
2047-01-11,EC_Earth3P_HR,15.2,22.4,9.9,0.0
2047-01-12,EC_Earth3P_HR,16.9,22.3,9.4,0.0
2047-01-13,EC_Earth3P_HR,16.0,22.7,9.7,0.0
2047-01-14,EC_Earth3P_HR,16.6,23.7,9.3,0.0
2047-01-15,EC_Earth3P_HR,16.7,23.7,10.1,0.0
2047-01-16,EC_Earth3P_HR,15.8,22.8,9.3,0.0
2047-01-17,EC_Earth3P_HR,16.2,23.0,10.3,0.0
2047-01-18,EC_Earth3P_HR,16.5,22.8,10.8,0.0
2047-01-19,EC_Earth3P_HR,17.0,23.2,11.5,0.0
2047-01-20,EC_Earth3P_HR,15.2,22.3,10.3,0.0
2047-01-21,EC_Earth3P_HR,15.5,22.7,9.8,0.0
2047-01-22,EC_Earth3P_HR,16.9,23.4,11.0,0.0
2047-01-23,EC_Earth3P_HR,15.9,21.7,11.3,0.0
2047-01-24,EC_Earth3P_HR,15.4,21.4,10.6,0.0
2047-01-25,EC_Earth3P_HR,15.7,22.0,10.6,0.0
2047-01-26,EC_Earth3P_HR,16.2,22.5,10.8,0.0
2047-01-27,EC_Earth3P_HR,16.5,23.4,11.7,0.0
2047-01-28,EC_Earth3P_HR,15.8,22.5,10.7,0.0
2047-01-29,EC_Earth3P_HR,15.9,22.6,10.6,0.0
2047-01-30,EC_Earth3P_HR,15.6,22.8,10.6,0.0
2047-01-31,EC_Earth3P_HR,17.0,24.3,10.0,0.0
2047-02-01,EC_Earth3P_HR,18.2,25.8,11.0,0.0
2047-02-02,EC_Earth3P_HR,14.6,21.8,8.8,0.0
2047-02-03,EC_Earth3P_HR,15.7,22.9,8.2,0.0
2047-02-04,EC_Earth3P_HR,16.7,23.5,10.0,0.0
2047-02-05,EC_Earth3P_HR,17.8,24.8,12.3,0.0
2047-02-06,EC_Earth3P_HR,17.1,24.5,10.6,0.0
2047-02-07,EC_Earth3P_HR,17.1,25.1,9.8,0.0
2047-02-08,EC_Earth3P_HR,19.2,27.1,11.6,0.0
2047-02-09,EC_Earth3P_HR,20.3,26.9,15.0,0.0
2047-02-10,EC_Earth3P_HR,20.4,26.9,15.1,0.0
2047-02-11,EC_Earth3P_HR,22.1,28.9,16.2,0.0
2047-02-12,EC_Earth3P_HR,25.1,29.8,19.4,0.79
2047-02-13,EC_Earth3P_HR,21.8,25.2,19.5,24.03
2047-02-14,EC_Earth3P_HR,17.9,19.7,11.9,2.82
2047-02-15,EC_Earth3P_HR,14.6,20.4,9.6,0.0
2047-02-16,EC_Earth3P_HR,14.0,19.9,8.8,0.0
2047-02-17,EC_Earth3P_HR,14.0,19.9,8.7,0.0
2047-02-18,EC_Earth3P_HR,14.2,20.8,9.1,0.0
2047-02-19,EC_Earth3P_HR,16.2,22.2,8.4,0.0
2047-02-20,EC_Earth3P_HR,18.3,24.8,11.4,0.0
2047-02-21,EC_Earth3P_HR,20.7,27.8,14.2,0.0
2047-02-22,EC_Earth3P_HR,20.2,25.7,15.9,0.0
2047-02-23,EC_Earth3P_HR,19.8,25.7,15.2,0.0
2047-02-24,EC_Earth3P_HR,20.7,26.7,15.4,0.0
2047-02-25,EC_Earth3P_HR,19.0,24.9,12.9,0.0
2047-02-26,EC_Earth3P_HR,18.2,25.0,12.5,0.0
2047-02-27,EC_Earth3P_HR,18.7,25.5,11.9,0.0
2047-02-28,EC_Earth3P_HR,20.5,28.1,13.2,0.0
2047-03-01,EC_Earth3P_HR,22.1,29.7,15.6,0.0
2047-03-02,EC_Earth3P_HR,22.1,29.0,16.2,0.0
2047-03-03,EC_Earth3P_HR,23.0,29.5,16.5,0.0
2047-03-04,EC_Earth3P_HR,23.5,30.6,17.7,0.0
2047-03-05,EC_Earth3P_HR,24.8,33.6,17.2,0.0
2047-03-06,EC_Earth3P_HR,25.8,33.0,18.5,0.0
2047-03-07,EC_Earth3P_HR,26.6,32.6,20.9,0.0
2047-03-08,EC_Earth3P_HR,26.2,32.8,20.6,0.0
2047-03-09,EC_Earth3P_HR,26.6,33.0,21.2,0.0
2047-03-10,EC_Earth3P_HR,26.5,32.9,20.6,0.0
2047-03-11,EC_Earth3P_HR,27.3,33.3,21.4,0.21
2047-03-12,EC_Earth3P_HR,26.2,32.1,20.7,0.11
2047-03-13,EC_Earth3P_HR,25.6,31.8,19.5,1.57
2047-03-14,EC_Earth3P_HR,25.5,31.7,20.1,0.1
2047-03-15,EC_Earth3P_HR,24.1,30.0,19.3,0.0
2047-03-16,EC_Earth3P_HR,22.5,28.7,16.6,0.0
2047-03-17,EC_Earth3P_HR,21.9,28.4,15.4,0.0
2047-03-18,EC_Earth3P_HR,23.4,29.4,14.7,0.1
2047-03-19,EC_Earth3P_HR,24.3,30.7,17.6,0.0
2047-03-20,EC_Earth3P_HR,24.6,31.3,17.2,0.0
2047-03-21,EC_Earth3P_HR,25.6,32.9,18.4,0.0
2047-03-22,EC_Earth3P_HR,27.4,33.9,20.1,0.0
2047-03-23,EC_Earth3P_HR,27.5,33.8,21.8,0.0
2047-03-24,EC_Earth3P_HR,25.2,31.9,17.5,0.0
2047-03-25,EC_Earth3P_HR,25.4,33.5,17.0,0.0
2047-03-26,EC_Earth3P_HR,27.3,35.5,18.4,0.0
2047-03-27,EC_Earth3P_HR,28.0,35.4,21.1,0.0
2047-03-28,EC_Earth3P_HR,28.6,34.9,22.5,0.0
2047-03-29,EC_Earth3P_HR,28.7,35.3,22.2,0.0
2047-03-30,EC_Earth3P_HR,29.5,36.0,22.5,0.0
2047-03-31,EC_Earth3P_HR,30.9,36.9,25.1,0.0
2047-04-01,EC_Earth3P_HR,30.3,36.6,24.8,0.0
2047-04-02,EC_Earth3P_HR,31.5,38.2,24.5,0.0
2047-04-03,EC_Earth3P_HR,33.3,39.8,25.9,0.0
2047-04-04,EC_Earth3P_HR,32.0,38.2,25.0,0.0
2047-04-05,EC_Earth3P_HR,29.8,36.2,23.7,0.0
2047-04-06,EC_Earth3P_HR,30.7,38.0,23.4,0.0
2047-04-07,EC_Earth3P_HR,31.2,38.9,23.3,0.0
2047-04-08,EC_Earth3P_HR,32.0,39.6,23.2,0.0
2047-04-09,EC_Earth3P_HR,32.2,40.1,23.7,0.0
2047-04-10,EC_Earth3P_HR,32.3,39.4,25.4,0.0
2047-04-11,EC_Earth3P_HR,31.9,38.9,24.3,0.0
2047-04-12,EC_Earth3P_HR,31.8,39.6,23.9,0.0
2047-04-13,EC_Earth3P_HR,31.9,38.8,24.4,0.0
2047-04-14,EC_Earth3P_HR,32.5,38.3,25.5,0.0
2047-04-15,EC_Earth3P_HR,32.0,38.9,24.6,0.0
2047-04-16,EC_Earth3P_HR,32.0,38.9,25.0,0.0
2047-04-17,EC_Earth3P_HR,32.2,38.3,24.7,0.69
2047-04-18,EC_Earth3P_HR,31.6,37.8,23.7,0.0
2047-04-19,EC_Earth3P_HR,31.6,38.9,23.3,0.0
2047-04-20,EC_Earth3P_HR,31.9,38.9,23.4,0.0
2047-04-21,EC_Earth3P_HR,32.9,39.4,24.3,0.0
2047-04-22,EC_Earth3P_HR,32.7,39.2,24.8,0.6
2047-04-23,EC_Earth3P_HR,30.3,36.7,24.1,1.19
2047-04-24,EC_Earth3P_HR,30.6,36.3,24.5,0.17
2047-04-25,EC_Earth3P_HR,31.0,36.8,24.6,0.0
2047-04-26,EC_Earth3P_HR,33.7,39.2,24.3,0.0
2047-04-27,EC_Earth3P_HR,35.4,41.3,29.3,0.0
2047-04-28,EC_Earth3P_HR,35.5,42.1,28.1,0.0
2047-04-29,EC_Earth3P_HR,35.2,42.0,27.5,0.0
2047-04-30,EC_Earth3P_HR,34.4,41.5,26.8,0.0
2047-05-01,EC_Earth3P_HR,33.8,41.2,26.4,0.0
2047-05-02,EC_Earth3P_HR,34.0,40.9,26.8,0.0
2047-05-03,EC_Earth3P_HR,34.4,41.4,27.1,0.0
2047-05-04,EC_Earth3P_HR,34.4,41.1,26.6,0.0
2047-05-05,EC_Earth3P_HR,33.7,40.7,25.1,0.0
2047-05-06,EC_Earth3P_HR,33.9,41.5,25.0,0.0
2047-05-07,EC_Earth3P_HR,35.7,42.8,27.2,0.0
2047-05-08,EC_Earth3P_HR,35.7,42.4,28.4,0.0
2047-05-09,EC_Earth3P_HR,35.7,42.2,28.3,0.0
2047-05-10,EC_Earth3P_HR,36.8,43.1,30.1,0.0
2047-05-11,EC_Earth3P_HR,37.0,43.9,28.8,0.0
2047-05-12,EC_Earth3P_HR,37.2,44.7,28.6,0.0
2047-05-13,EC_Earth3P_HR,37.2,44.3,28.9,0.0
2047-05-14,EC_Earth3P_HR,36.9,44.3,28.5,0.0
2047-05-15,EC_Earth3P_HR,36.7,44.6,27.8,0.0
2047-05-16,EC_Earth3P_HR,36.8,45.1,27.7,0.0
2047-05-17,EC_Earth3P_HR,37.9,45.4,28.2,0.0
2047-05-18,EC_Earth3P_HR,38.7,44.7,32.3,0.0
2047-05-19,EC_Earth3P_HR,39.0,44.6,32.9,0.0
2047-05-20,EC_Earth3P_HR,37.6,43.1,31.3,0.58
2047-05-21,EC_Earth3P_HR,35.5,41.2,29.1,0.58
2047-05-22,EC_Earth3P_HR,32.9,39.8,27.8,2.42
2047-05-23,EC_Earth3P_HR,31.8,38.9,26.9,1.36
2047-05-24,EC_Earth3P_HR,32.6,39.7,26.9,0.39
2047-05-25,EC_Earth3P_HR,34.5,41.3,27.2,0.0
2047-05-26,EC_Earth3P_HR,34.3,41.2,27.9,0.68
2047-05-27,EC_Earth3P_HR,32.6,39.2,28.8,1.96
2047-05-28,EC_Earth3P_HR,32.2,39.9,28.4,0.98
2047-05-29,EC_Earth3P_HR,34.0,40.1,28.5,0.69
2047-05-30,EC_Earth3P_HR,33.5,38.3,28.6,0.29
2047-05-31,EC_Earth3P_HR,34.6,39.3,29.9,0.89
2047-06-01,EC_Earth3P_HR,36.5,41.1,30.0,0.0
2047-06-02,EC_Earth3P_HR,37.6,42.6,32.2,0.1
2047-06-03,EC_Earth3P_HR,35.0,40.4,32.1,4.75
2047-06-04,EC_Earth3P_HR,34.8,37.2,31.5,1.39
2047-06-05,EC_Earth3P_HR,34.5,39.4,29.5,0.5
2047-06-06,EC_Earth3P_HR,32.8,37.7,29.3,0.2
2047-06-07,EC_Earth3P_HR,34.2,38.8,29.3,0.0
2047-06-08,EC_Earth3P_HR,37.2,43.2,30.1,0.0
2047-06-09,EC_Earth3P_HR,37.2,43.5,30.2,0.0
2047-06-10,EC_Earth3P_HR,36.9,42.8,30.7,0.0
2047-06-11,EC_Earth3P_HR,34.3,41.6,28.9,0.1
2047-06-12,EC_Earth3P_HR,32.5,37.8,28.3,0.1
2047-06-13,EC_Earth3P_HR,32.2,37.4,27.5,0.0
2047-06-14,EC_Earth3P_HR,32.7,37.4,27.5,0.0
2047-06-15,EC_Earth3P_HR,33.5,38.1,28.5,0.0
2047-06-16,EC_Earth3P_HR,32.8,36.2,28.5,0.0
2047-06-17,EC_Earth3P_HR,32.8,37.4,28.3,1.1
2047-06-18,EC_Earth3P_HR,32.8,36.9,28.2,5.31
2047-06-19,EC_Earth3P_HR,33.9,37.6,28.6,0.3
2047-06-20,EC_Earth3P_HR,34.3,38.0,29.6,5.42
2047-06-21,EC_Earth3P_HR,31.7,35.6,27.6,11.35
2047-06-22,EC_Earth3P_HR,29.5,32.6,27.0,11.55
2047-06-23,EC_Earth3P_HR,30.6,33.8,27.0,8.14
2047-06-24,EC_Earth3P_HR,31.9,35.5,27.2,3.72
2047-06-25,EC_Earth3P_HR,30.1,33.0,27.4,7.04
2047-06-26,EC_Earth3P_HR,31.1,34.3,27.4,0.5
2047-06-27,EC_Earth3P_HR,30.2,33.4,27.2,0.6
2047-06-28,EC_Earth3P_HR,30.4,34.3,26.9,5.95
2047-06-29,EC_Earth3P_HR,29.6,33.7,26.2,7.76
2047-06-30,EC_Earth3P_HR,30.4,33.7,26.4,1.01
2047-07-01,EC_Earth3P_HR,31.5,34.5,27.9,0.3
2047-07-02,EC_Earth3P_HR,32.4,36.1,28.3,0.0
2047-07-03,EC_Earth3P_HR,32.9,35.7,29.4,0.0
2047-07-04,EC_Earth3P_HR,31.6,36.6,27.3,4.74
2047-07-05,EC_Earth3P_HR,29.1,32.8,26.4,20.99
2047-07-06,EC_Earth3P_HR,28.2,31.1,26.4,21.17
2047-07-07,EC_Earth3P_HR,30.0,33.8,26.7,8.87
2047-07-08,EC_Earth3P_HR,29.8,32.7,26.9,12.89
2047-07-09,EC_Earth3P_HR,29.3,33.2,27.0,10.67
2047-07-10,EC_Earth3P_HR,28.5,32.4,26.5,16.9
2047-07-11,EC_Earth3P_HR,28.2,30.7,25.8,3.02
2047-07-12,EC_Earth3P_HR,27.8,31.9,25.7,11.75
2047-07-13,EC_Earth3P_HR,28.2,31.0,25.7,10.84
2047-07-14,EC_Earth3P_HR,28.5,31.2,26.1,16.66
2047-07-15,EC_Earth3P_HR,28.1,31.5,25.9,11.33
2047-07-16,EC_Earth3P_HR,28.7,31.4,26.0,1.5
2047-07-17,EC_Earth3P_HR,29.8,33.0,27.2,4.11
2047-07-18,EC_Earth3P_HR,29.7,33.4,26.8,11.21
2047-07-19,EC_Earth3P_HR,29.1,32.0,26.5,24.01
2047-07-20,EC_Earth3P_HR,29.0,32.2,26.6,22.39
2047-07-21,EC_Earth3P_HR,28.6,31.5,26.9,11.99
2047-07-22,EC_Earth3P_HR,28.9,32.1,27.0,10.58
2047-07-23,EC_Earth3P_HR,28.6,32.1,26.7,8.98
2047-07-24,EC_Earth3P_HR,29.6,32.8,26.7,16.36
2047-07-25,EC_Earth3P_HR,29.0,31.8,26.8,8.27
2047-07-26,EC_Earth3P_HR,29.3,33.5,26.8,3.69
2047-07-27,EC_Earth3P_HR,29.6,32.6,27.3,2.29
2047-07-28,EC_Earth3P_HR,29.2,31.7,27.0,8.36
2047-07-29,EC_Earth3P_HR,29.6,33.0,27.0,3.48
2047-07-30,EC_Earth3P_HR,29.6,33.2,27.0,4.17
2047-07-31,EC_Earth3P_HR,29.9,33.4,26.9,1.59
2047-08-01,EC_Earth3P_HR,30.6,34.1,27.4,2.18
2047-08-02,EC_Earth3P_HR,30.1,33.0,27.2,1.88
2047-08-03,EC_Earth3P_HR,30.2,33.8,27.1,0.99
2047-08-04,EC_Earth3P_HR,30.2,33.1,27.2,6.84
2047-08-05,EC_Earth3P_HR,29.2,32.7,27.4,33.87
2047-08-06,EC_Earth3P_HR,28.0,29.5,26.8,12.57
2047-08-07,EC_Earth3P_HR,29.1,31.7,26.7,3.56
2047-08-08,EC_Earth3P_HR,29.2,32.9,26.7,9.0
2047-08-09,EC_Earth3P_HR,28.2,30.8,26.4,22.62
2047-08-10,EC_Earth3P_HR,27.9,30.2,26.4,6.62
2047-08-11,EC_Earth3P_HR,28.1,31.3,26.5,21.22
2047-08-12,EC_Earth3P_HR,27.7,29.6,26.5,15.09
2047-08-13,EC_Earth3P_HR,28.5,30.9,26.4,8.97
2047-08-14,EC_Earth3P_HR,28.6,32.8,26.4,14.78
2047-08-15,EC_Earth3P_HR,28.6,31.2,26.3,0.89
2047-08-16,EC_Earth3P_HR,28.5,30.7,26.2,0.59
2047-08-17,EC_Earth3P_HR,29.2,32.1,26.3,1.47
2047-08-18,EC_Earth3P_HR,30.2,33.3,26.3,1.38
2047-08-19,EC_Earth3P_HR,29.8,32.8,26.9,10.12
2047-08-20,EC_Earth3P_HR,29.4,32.3,26.8,1.47
2047-08-21,EC_Earth3P_HR,29.3,32.5,26.8,3.73
2047-08-22,EC_Earth3P_HR,28.3,31.6,26.4,9.61
2047-08-23,EC_Earth3P_HR,28.3,31.3,26.4,10.48
2047-08-24,EC_Earth3P_HR,28.1,31.3,26.4,14.1
2047-08-25,EC_Earth3P_HR,28.6,32.1,26.0,7.73
2047-08-26,EC_Earth3P_HR,28.1,32.5,26.0,15.26
2047-08-27,EC_Earth3P_HR,27.9,30.6,26.3,7.82
2047-08-28,EC_Earth3P_HR,27.7,29.5,26.1,23.94
2047-08-29,EC_Earth3P_HR,28.5,32.1,26.1,8.4
2047-08-30,EC_Earth3P_HR,28.9,32.5,27.0,9.47
2047-08-31,EC_Earth3P_HR,29.5,32.7,27.0,1.46
2047-09-01,EC_Earth3P_HR,28.9,32.8,26.3,31.58
2047-09-02,EC_Earth3P_HR,28.2,30.9,26.1,17.05
2047-09-03,EC_Earth3P_HR,28.3,30.9,26.0,7.78
2047-09-04,EC_Earth3P_HR,28.4,31.4,26.1,4.57
2047-09-05,EC_Earth3P_HR,29.4,32.5,26.1,0.78
2047-09-06,EC_Earth3P_HR,30.1,33.6,26.6,1.16
2047-09-07,EC_Earth3P_HR,29.5,33.9,26.1,5.61
2047-09-08,EC_Earth3P_HR,28.8,32.9,26.1,4.63
2047-09-09,EC_Earth3P_HR,27.7,31.5,25.7,2.41
2047-09-10,EC_Earth3P_HR,28.0,30.7,25.7,4.23
2047-09-11,EC_Earth3P_HR,28.8,32.2,25.7,3.27
2047-09-12,EC_Earth3P_HR,29.7,32.7,26.1,1.25
2047-09-13,EC_Earth3P_HR,29.8,32.8,26.1,2.78
2047-09-14,EC_Earth3P_HR,28.8,32.6,25.2,2.48
2047-09-15,EC_Earth3P_HR,27.3,30.5,24.9,3.53
2047-09-16,EC_Earth3P_HR,27.8,31.9,25.3,3.52
2047-09-17,EC_Earth3P_HR,29.2,32.8,25.8,4.46
2047-09-18,EC_Earth3P_HR,29.4,32.7,26.1,9.38
2047-09-19,EC_Earth3P_HR,28.0,30.5,25.4,6.81
2047-09-20,EC_Earth3P_HR,28.6,32.1,25.4,2.17
2047-09-21,EC_Earth3P_HR,29.3,32.5,26.3,0.66
2047-09-22,EC_Earth3P_HR,29.4,33.4,25.2,0.0
2047-09-23,EC_Earth3P_HR,29.5,33.6,25.1,0.0
2047-09-24,EC_Earth3P_HR,28.8,32.8,24.7,0.56
2047-09-25,EC_Earth3P_HR,28.0,32.4,24.6,3.35
2047-09-26,EC_Earth3P_HR,26.7,29.5,24.7,6.22
2047-09-27,EC_Earth3P_HR,27.2,31.3,24.4,3.89
2047-09-28,EC_Earth3P_HR,28.0,32.6,24.5,3.6
2047-09-29,EC_Earth3P_HR,27.7,32.1,24.8,6.44
2047-09-30,EC_Earth3P_HR,27.5,32.2,25.1,6.32
2047-10-01,EC_Earth3P_HR,28.2,31.9,24.6,1.83
2047-10-02,EC_Earth3P_HR,28.2,32.1,24.3,0.36
2047-10-03,EC_Earth3P_HR,28.4,32.6,24.4,0.09
2047-10-04,EC_Earth3P_HR,28.2,32.6,23.6,0.0
2047-10-05,EC_Earth3P_HR,27.7,32.2,23.4,0.0
2047-10-06,EC_Earth3P_HR,28.2,32.5,24.0,0.0
2047-10-07,EC_Earth3P_HR,28.3,32.8,24.1,0.0
2047-10-08,EC_Earth3P_HR,28.0,32.7,22.9,0.0
2047-10-09,EC_Earth3P_HR,26.8,32.0,21.9,0.0
2047-10-10,EC_Earth3P_HR,27.1,32.3,21.8,0.0
2047-10-11,EC_Earth3P_HR,27.9,32.6,23.2,0.17
2047-10-12,EC_Earth3P_HR,28.5,32.4,25.2,1.21
2047-10-13,EC_Earth3P_HR,28.8,32.3,23.7,2.32
2047-10-14,EC_Earth3P_HR,26.7,30.2,23.8,1.37
2047-10-15,EC_Earth3P_HR,27.1,30.4,24.4,0.85
2047-10-16,EC_Earth3P_HR,27.4,30.6,24.2,2.53
2047-10-17,EC_Earth3P_HR,25.9,28.9,21.1,0.33
2047-10-18,EC_Earth3P_HR,25.9,29.4,21.3,0.99
2047-10-19,EC_Earth3P_HR,25.8,29.8,22.8,2.79
2047-10-20,EC_Earth3P_HR,26.0,30.5,22.7,1.79
2047-10-21,EC_Earth3P_HR,25.9,30.1,22.6,0.4
2047-10-22,EC_Earth3P_HR,25.6,29.5,22.5,0.08
2047-10-23,EC_Earth3P_HR,25.9,30.2,21.8,1.1
2047-10-24,EC_Earth3P_HR,26.2,31.4,21.6,0.0
2047-10-25,EC_Earth3P_HR,26.5,31.3,21.6,0.0
2047-10-26,EC_Earth3P_HR,26.5,30.5,21.4,0.07
2047-10-27,EC_Earth3P_HR,26.8,30.6,21.3,0.07
2047-10-28,EC_Earth3P_HR,25.9,30.9,21.1,0.0
2047-10-29,EC_Earth3P_HR,26.2,30.5,21.0,0.07
2047-10-30,EC_Earth3P_HR,26.0,30.8,21.9,0.0
2047-10-31,EC_Earth3P_HR,26.4,31.3,22.3,0.0
2047-11-01,EC_Earth3P_HR,26.6,31.6,22.1,0.0
2047-11-02,EC_Earth3P_HR,26.7,31.9,22.4,0.0
2047-11-03,EC_Earth3P_HR,26.4,31.3,22.2,0.0
2047-11-04,EC_Earth3P_HR,26.2,31.4,21.6,0.0
2047-11-05,EC_Earth3P_HR,26.6,31.7,21.4,0.0
2047-11-06,EC_Earth3P_HR,25.3,31.9,19.1,0.0
2047-11-07,EC_Earth3P_HR,25.4,31.5,18.5,0.0
2047-11-08,EC_Earth3P_HR,24.6,30.9,19.1,0.0
2047-11-09,EC_Earth3P_HR,26.2,30.6,19.2,0.0
2047-11-10,EC_Earth3P_HR,25.4,30.1,20.7,0.0
2047-11-11,EC_Earth3P_HR,25.1,30.1,19.8,0.0
2047-11-12,EC_Earth3P_HR,25.7,30.1,19.6,0.0
2047-11-13,EC_Earth3P_HR,25.2,30.6,19.9,0.0
2047-11-14,EC_Earth3P_HR,25.4,30.9,20.3,0.0
2047-11-15,EC_Earth3P_HR,25.8,30.6,21.2,0.0
2047-11-16,EC_Earth3P_HR,25.4,30.5,21.0,0.0
2047-11-17,EC_Earth3P_HR,24.1,30.6,18.8,0.0
2047-11-18,EC_Earth3P_HR,23.3,30.9,18.0,0.0
2047-11-19,EC_Earth3P_HR,23.5,30.2,17.4,0.0
2047-11-20,EC_Earth3P_HR,23.5,29.7,18.2,0.0
2047-11-21,EC_Earth3P_HR,24.4,29.6,18.3,0.0
2047-11-22,EC_Earth3P_HR,23.5,29.5,18.0,0.0
2047-11-23,EC_Earth3P_HR,24.4,29.2,18.4,0.0
2047-11-24,EC_Earth3P_HR,23.3,29.5,18.2,0.0
2047-11-25,EC_Earth3P_HR,23.3,29.7,18.7,0.0
2047-11-26,EC_Earth3P_HR,23.3,28.9,16.5,0.0
2047-11-27,EC_Earth3P_HR,23.7,28.1,16.3,0.0
2047-11-28,EC_Earth3P_HR,21.7,27.8,15.9,0.0
2047-11-29,EC_Earth3P_HR,20.6,27.6,15.1,0.0
2047-11-30,EC_Earth3P_HR,19.6,27.2,13.8,0.0
2047-12-01,EC_Earth3P_HR,19.8,27.3,13.3,0.0
2047-12-02,EC_Earth3P_HR,20.7,27.4,13.5,0.0
2047-12-03,EC_Earth3P_HR,20.8,26.2,16.5,0.0
2047-12-04,EC_Earth3P_HR,20.4,24.7,16.7,0.0
2047-12-05,EC_Earth3P_HR,22.2,26.9,15.3,0.0
2047-12-06,EC_Earth3P_HR,20.2,27.5,14.4,0.0
2047-12-07,EC_Earth3P_HR,19.3,27.6,12.3,0.0
2047-12-08,EC_Earth3P_HR,21.1,27.1,12.5,0.0
2047-12-09,EC_Earth3P_HR,21.2,26.9,14.1,0.0
2047-12-10,EC_Earth3P_HR,20.8,26.8,15.0,0.0
2047-12-11,EC_Earth3P_HR,20.4,27.2,14.3,0.0
2047-12-12,EC_Earth3P_HR,20.2,27.6,14.3,0.0
2047-12-13,EC_Earth3P_HR,21.5,28.5,15.9,0.0
2047-12-14,EC_Earth3P_HR,19.2,26.9,13.5,0.0
2047-12-15,EC_Earth3P_HR,18.6,26.4,11.7,0.0
2047-12-16,EC_Earth3P_HR,18.5,26.3,11.4,0.0
2047-12-17,EC_Earth3P_HR,20.8,27.3,12.7,0.0
2047-12-18,EC_Earth3P_HR,20.3,26.7,15.1,0.0
2047-12-19,EC_Earth3P_HR,17.7,23.6,12.6,0.0
2047-12-20,EC_Earth3P_HR,17.2,23.2,12.2,0.0
2047-12-21,EC_Earth3P_HR,16.2,22.9,10.0,0.0
2047-12-22,EC_Earth3P_HR,15.7,21.8,9.0,0.0
2047-12-23,EC_Earth3P_HR,15.5,22.3,7.9,0.0
2047-12-24,EC_Earth3P_HR,14.3,22.9,7.3,0.0
2047-12-25,EC_Earth3P_HR,14.7,23.0,7.4,0.0
2047-12-26,EC_Earth3P_HR,14.3,22.9,8.3,0.0
2047-12-27,EC_Earth3P_HR,14.2,23.1,8.1,0.0
2047-12-28,EC_Earth3P_HR,17.2,23.3,7.6,0.0
2047-12-29,EC_Earth3P_HR,17.2,24.8,9.9,0.0
2047-12-30,EC_Earth3P_HR,16.5,24.4,10.6,0.0
2047-12-31,EC_Earth3P_HR,15.9,23.3,10.1,0.0
2048-01-01,EC_Earth3P_HR,14.7,22.3,9.3,0.0
2048-01-02,EC_Earth3P_HR,14.6,22.9,8.4,0.0
2048-01-03,EC_Earth3P_HR,16.8,23.5,8.0,0.0
2048-01-04,EC_Earth3P_HR,16.6,24.8,9.4,0.0
2048-01-05,EC_Earth3P_HR,17.7,25.8,10.3,0.0
2048-01-06,EC_Earth3P_HR,17.2,23.7,11.6,0.0
2048-01-07,EC_Earth3P_HR,15.7,22.8,10.7,0.0
2048-01-08,EC_Earth3P_HR,14.3,22.4,8.4,0.0
2048-01-09,EC_Earth3P_HR,15.0,22.5,7.6,0.0
2048-01-10,EC_Earth3P_HR,17.0,23.1,10.0,0.0
2048-01-11,EC_Earth3P_HR,17.2,23.5,9.5,0.0
2048-01-12,EC_Earth3P_HR,17.0,23.4,11.0,0.11
2048-01-13,EC_Earth3P_HR,18.9,26.5,13.4,0.0
2048-01-14,EC_Earth3P_HR,16.4,24.4,8.8,0.0
2048-01-15,EC_Earth3P_HR,17.5,25.4,8.2,0.0
2048-01-16,EC_Earth3P_HR,17.1,20.1,12.6,2.15
2048-01-17,EC_Earth3P_HR,17.7,23.0,12.2,0.0
2048-01-18,EC_Earth3P_HR,19.4,25.1,14.4,0.0
2048-01-19,EC_Earth3P_HR,20.2,26.8,15.6,0.0
2048-01-20,EC_Earth3P_HR,22.7,29.6,16.3,0.0
2048-01-21,EC_Earth3P_HR,21.7,24.6,19.3,17.79
2048-01-22,EC_Earth3P_HR,19.0,19.0,17.7,17.44
2048-01-23,EC_Earth3P_HR,18.9,22.7,13.2,0.68
2048-01-24,EC_Earth3P_HR,14.9,19.6,9.8,0.0
2048-01-25,EC_Earth3P_HR,12.9,19.1,8.1,0.0
2048-01-26,EC_Earth3P_HR,13.1,19.6,7.4,0.0
2048-01-27,EC_Earth3P_HR,14.9,21.0,8.5,0.0
2048-01-28,EC_Earth3P_HR,14.8,20.0,10.6,0.0
2048-01-29,EC_Earth3P_HR,14.8,21.5,10.0,0.0
2048-01-30,EC_Earth3P_HR,17.2,24.6,10.0,0.0
2048-01-31,EC_Earth3P_HR,14.8,21.3,9.1,0.0
2048-02-01,EC_Earth3P_HR,15.2,21.5,8.6,0.0
2048-02-02,EC_Earth3P_HR,15.8,23.0,9.3,0.0
2048-02-03,EC_Earth3P_HR,16.0,22.9,10.7,0.0
2048-02-04,EC_Earth3P_HR,14.4,21.5,8.5,0.0
2048-02-05,EC_Earth3P_HR,14.5,22.4,7.8,0.0
2048-02-06,EC_Earth3P_HR,17.1,25.0,9.3,0.0
2048-02-07,EC_Earth3P_HR,19.2,27.0,12.7,0.0
2048-02-08,EC_Earth3P_HR,18.8,26.6,13.3,0.0
2048-02-09,EC_Earth3P_HR,18.7,26.2,12.6,0.0
2048-02-10,EC_Earth3P_HR,17.6,23.8,11.9,0.0
2048-02-11,EC_Earth3P_HR,16.3,22.2,10.7,0.0
2048-02-12,EC_Earth3P_HR,16.7,24.5,10.8,0.0
2048-02-13,EC_Earth3P_HR,17.4,25.7,10.2,0.0
2048-02-14,EC_Earth3P_HR,16.7,24.6,10.8,0.0
2048-02-15,EC_Earth3P_HR,17.5,25.2,9.9,0.0
2048-02-16,EC_Earth3P_HR,18.4,26.2,9.2,0.0
2048-02-17,EC_Earth3P_HR,19.4,27.7,10.2,0.0
2048-02-18,EC_Earth3P_HR,19.8,26.0,12.9,0.0
2048-02-19,EC_Earth3P_HR,20.4,27.3,13.9,0.0
2048-02-20,EC_Earth3P_HR,18.9,26.9,12.2,0.0
2048-02-21,EC_Earth3P_HR,21.0,28.4,13.0,0.0
2048-02-22,EC_Earth3P_HR,20.7,28.2,14.0,0.0
2048-02-23,EC_Earth3P_HR,18.3,26.2,10.0,0.0
2048-02-24,EC_Earth3P_HR,16.2,21.9,9.5,0.0
2048-02-25,EC_Earth3P_HR,18.3,24.6,12.7,0.0
2048-02-26,EC_Earth3P_HR,18.8,26.5,12.6,0.0
2048-02-27,EC_Earth3P_HR,19.5,28.0,12.0,0.0
2048-02-28,EC_Earth3P_HR,21.6,30.3,13.4,0.0
2048-02-29,EC_Earth3P_HR,23.6,33.2,14.5,0.0
2048-03-01,EC_Earth3P_HR,24.8,33.9,16.5,0.0
2048-03-02,EC_Earth3P_HR,25.3,34.3,17.3,0.0
2048-03-03,EC_Earth3P_HR,25.8,34.1,17.9,0.0
2048-03-04,EC_Earth3P_HR,22.8,30.9,15.5,0.0
2048-03-05,EC_Earth3P_HR,21.0,30.0,13.3,0.0
2048-03-06,EC_Earth3P_HR,20.9,29.9,12.7,0.0
2048-03-07,EC_Earth3P_HR,21.9,30.3,13.0,0.0
2048-03-08,EC_Earth3P_HR,21.6,29.5,12.7,0.0
2048-03-09,EC_Earth3P_HR,23.9,30.8,16.4,0.0
2048-03-10,EC_Earth3P_HR,24.7,32.8,16.8,0.0
2048-03-11,EC_Earth3P_HR,24.6,32.9,17.1,0.0
2048-03-12,EC_Earth3P_HR,24.0,32.5,16.2,0.0
2048-03-13,EC_Earth3P_HR,22.8,29.3,16.8,0.0
2048-03-14,EC_Earth3P_HR,23.0,29.9,16.6,0.0
2048-03-15,EC_Earth3P_HR,24.6,31.9,17.4,0.0
2048-03-16,EC_Earth3P_HR,26.9,34.3,19.8,0.0
2048-03-17,EC_Earth3P_HR,28.6,35.6,21.4,0.0
2048-03-18,EC_Earth3P_HR,29.5,36.2,21.9,0.0
2048-03-19,EC_Earth3P_HR,28.1,34.9,20.1,0.0
2048-03-20,EC_Earth3P_HR,28.4,37.2,20.2,0.0
2048-03-21,EC_Earth3P_HR,28.4,38.6,19.5,0.0
2048-03-22,EC_Earth3P_HR,29.1,38.1,20.0,0.0
2048-03-23,EC_Earth3P_HR,28.5,37.5,19.9,0.0
2048-03-24,EC_Earth3P_HR,29.6,37.7,20.9,0.0
2048-03-25,EC_Earth3P_HR,29.3,36.3,21.5,0.0
2048-03-26,EC_Earth3P_HR,28.6,36.3,20.4,0.0
2048-03-27,EC_Earth3P_HR,30.0,38.3,20.0,0.0
2048-03-28,EC_Earth3P_HR,31.4,38.9,23.9,0.0
2048-03-29,EC_Earth3P_HR,30.4,37.4,22.5,0.0
2048-03-30,EC_Earth3P_HR,28.9,36.8,20.9,0.0
2048-03-31,EC_Earth3P_HR,27.8,36.0,19.2,0.0
2048-04-01,EC_Earth3P_HR,28.4,37.1,19.0,0.0
2048-04-02,EC_Earth3P_HR,29.9,37.8,20.2,0.0
2048-04-03,EC_Earth3P_HR,29.6,38.4,20.0,0.0
2048-04-04,EC_Earth3P_HR,28.9,37.0,20.5,0.0
2048-04-05,EC_Earth3P_HR,31.4,39.1,22.7,0.0
2048-04-06,EC_Earth3P_HR,31.0,37.4,24.5,0.0
2048-04-07,EC_Earth3P_HR,29.9,36.6,22.6,0.63
2048-04-08,EC_Earth3P_HR,29.9,36.1,22.4,0.0
2048-04-09,EC_Earth3P_HR,29.3,34.9,22.8,0.09
2048-04-10,EC_Earth3P_HR,30.1,35.3,24.3,0.0
2048-04-11,EC_Earth3P_HR,30.2,37.3,23.9,0.27
2048-04-12,EC_Earth3P_HR,27.8,33.3,23.4,0.0
2048-04-13,EC_Earth3P_HR,30.4,36.1,23.9,1.41
2048-04-14,EC_Earth3P_HR,29.0,36.2,22.8,0.61
2048-04-15,EC_Earth3P_HR,29.3,34.9,22.6,0.0
2048-04-16,EC_Earth3P_HR,30.1,36.1,23.7,0.0
2048-04-17,EC_Earth3P_HR,30.5,37.1,24.2,0.0
2048-04-18,EC_Earth3P_HR,32.3,38.8,24.0,0.0
2048-04-19,EC_Earth3P_HR,34.1,39.9,27.4,0.0
2048-04-20,EC_Earth3P_HR,34.4,39.8,28.9,0.0
2048-04-21,EC_Earth3P_HR,34.3,40.1,27.5,0.0
2048-04-22,EC_Earth3P_HR,34.4,40.9,26.5,0.0
2048-04-23,EC_Earth3P_HR,34.5,41.7,26.3,0.0
2048-04-24,EC_Earth3P_HR,34.6,40.7,27.7,0.0
2048-04-25,EC_Earth3P_HR,34.9,41.8,28.5,0.0
2048-04-26,EC_Earth3P_HR,35.3,41.7,28.3,0.0
2048-04-27,EC_Earth3P_HR,34.4,40.9,26.9,0.0
2048-04-28,EC_Earth3P_HR,32.2,38.2,25.4,0.0
2048-04-29,EC_Earth3P_HR,32.6,39.2,25.1,0.0
2048-04-30,EC_Earth3P_HR,34.3,41.1,24.1,0.0
2048-05-01,EC_Earth3P_HR,32.1,39.2,24.7,0.0
2048-05-02,EC_Earth3P_HR,32.1,40.8,23.2,0.0
2048-05-03,EC_Earth3P_HR,32.9,41.1,24.0,0.0
2048-05-04,EC_Earth3P_HR,35.0,43.1,26.5,0.0
2048-05-05,EC_Earth3P_HR,33.0,39.9,26.9,0.61
2048-05-06,EC_Earth3P_HR,31.4,39.7,25.6,4.57
2048-05-07,EC_Earth3P_HR,29.9,37.0,25.6,4.1
2048-05-08,EC_Earth3P_HR,29.4,33.0,25.5,0.09
2048-05-09,EC_Earth3P_HR,30.3,35.7,25.5,0.0
2048-05-10,EC_Earth3P_HR,31.5,36.5,26.4,0.0
2048-05-11,EC_Earth3P_HR,32.9,37.8,27.5,0.0
2048-05-12,EC_Earth3P_HR,33.1,38.3,28.0,0.0
2048-05-13,EC_Earth3P_HR,33.9,39.2,27.9,0.0
2048-05-14,EC_Earth3P_HR,35.0,40.5,29.9,0.85
2048-05-15,EC_Earth3P_HR,34.7,41.2,30.0,1.99
2048-05-16,EC_Earth3P_HR,35.4,40.6,30.3,0.1
2048-05-17,EC_Earth3P_HR,35.1,39.8,31.4,0.38
2048-05-18,EC_Earth3P_HR,35.2,41.1,31.2,1.72
2048-05-19,EC_Earth3P_HR,34.2,40.3,27.2,3.65
2048-05-20,EC_Earth3P_HR,32.5,36.9,27.0,0.39
2048-05-21,EC_Earth3P_HR,33.0,39.6,28.9,1.45
2048-05-22,EC_Earth3P_HR,34.5,39.5,28.9,0.0
2048-05-23,EC_Earth3P_HR,36.5,41.6,30.6,0.0
2048-05-24,EC_Earth3P_HR,37.3,42.9,31.6,1.27
2048-05-25,EC_Earth3P_HR,37.2,43.6,31.3,0.0
2048-05-26,EC_Earth3P_HR,37.0,44.8,29.7,0.0
2048-05-27,EC_Earth3P_HR,36.6,43.6,29.6,0.0
2048-05-28,EC_Earth3P_HR,37.2,43.2,31.3,0.0
2048-05-29,EC_Earth3P_HR,38.2,44.4,32.1,0.0
2048-05-30,EC_Earth3P_HR,39.0,44.9,31.9,0.0
2048-05-31,EC_Earth3P_HR,39.1,44.1,31.9,0.0
2048-06-01,EC_Earth3P_HR,39.9,45.2,33.6,0.0
2048-06-02,EC_Earth3P_HR,40.9,46.1,34.4,0.0
2048-06-03,EC_Earth3P_HR,41.0,47.2,33.2,0.0
2048-06-04,EC_Earth3P_HR,40.1,46.5,33.0,0.0
2048-06-05,EC_Earth3P_HR,38.5,44.3,32.2,0.1
2048-06-06,EC_Earth3P_HR,36.0,40.8,29.8,3.38
2048-06-07,EC_Earth3P_HR,34.2,38.8,30.1,1.19
2048-06-08,EC_Earth3P_HR,34.0,38.6,29.8,6.67
2048-06-09,EC_Earth3P_HR,34.0,39.0,28.5,0.8
2048-06-10,EC_Earth3P_HR,28.1,29.6,27.0,13.66
2048-06-11,EC_Earth3P_HR,29.4,32.9,27.0,30.33
2048-06-12,EC_Earth3P_HR,30.1,31.8,27.9,20.07
2048-06-13,EC_Earth3P_HR,30.7,33.2,27.8,22.68
2048-06-14,EC_Earth3P_HR,29.7,33.1,27.3,47.1
2048-06-15,EC_Earth3P_HR,28.5,31.6,27.2,21.11
2048-06-16,EC_Earth3P_HR,30.1,32.7,27.2,1.9
2048-06-17,EC_Earth3P_HR,33.0,37.4,28.6,0.0
2048-06-18,EC_Earth3P_HR,32.7,37.6,29.0,2.21
2048-06-19,EC_Earth3P_HR,31.4,34.7,28.8,0.8
2048-06-20,EC_Earth3P_HR,31.6,35.2,28.6,0.2
2048-06-21,EC_Earth3P_HR,32.3,36.1,28.6,0.0
2048-06-22,EC_Earth3P_HR,33.0,36.9,29.1,0.0
2048-06-23,EC_Earth3P_HR,33.3,37.6,29.4,0.5
2048-06-24,EC_Earth3P_HR,32.0,35.5,28.4,4.02
2048-06-25,EC_Earth3P_HR,30.3,32.6,28.3,10.27
2048-06-26,EC_Earth3P_HR,31.6,35.3,28.4,0.81
2048-06-27,EC_Earth3P_HR,30.8,34.0,27.2,0.6
2048-06-28,EC_Earth3P_HR,28.3,30.0,27.2,4.23
2048-06-29,EC_Earth3P_HR,30.2,33.0,27.2,1.31
2048-06-30,EC_Earth3P_HR,30.5,33.9,27.6,1.21
2048-07-01,EC_Earth3P_HR,28.6,31.8,26.7,12.92
2048-07-02,EC_Earth3P_HR,28.8,32.5,26.8,8.48
2048-07-03,EC_Earth3P_HR,28.9,33.2,26.9,15.85
2048-07-04,EC_Earth3P_HR,29.2,32.7,26.9,24.02
2048-07-05,EC_Earth3P_HR,29.8,33.2,26.9,9.88
2048-07-06,EC_Earth3P_HR,30.5,33.8,26.8,27.01
2048-07-07,EC_Earth3P_HR,30.1,33.2,26.8,10.58
2048-07-08,EC_Earth3P_HR,29.3,32.0,26.9,28.39
2048-07-09,EC_Earth3P_HR,28.6,30.9,26.9,11.17
2048-07-10,EC_Earth3P_HR,28.9,31.6,26.9,9.95
2048-07-11,EC_Earth3P_HR,28.1,30.0,26.6,21.8
2048-07-12,EC_Earth3P_HR,28.2,32.0,26.4,7.83
2048-07-13,EC_Earth3P_HR,28.6,32.1,26.4,2.41
2048-07-14,EC_Earth3P_HR,29.5,32.4,27.0,3.11
2048-07-15,EC_Earth3P_HR,29.5,33.8,26.7,9.32
2048-07-16,EC_Earth3P_HR,29.2,33.1,26.7,3.81
2048-07-17,EC_Earth3P_HR,29.0,31.7,26.9,11.91
2048-07-18,EC_Earth3P_HR,28.9,31.3,26.7,10.61
2048-07-19,EC_Earth3P_HR,30.0,33.1,26.6,1.5
2048-07-20,EC_Earth3P_HR,30.4,34.2,26.9,8.09
2048-07-21,EC_Earth3P_HR,29.5,32.9,26.6,6.69
2048-07-22,EC_Earth3P_HR,29.2,32.9,26.6,8.88
2048-07-23,EC_Earth3P_HR,30.1,32.7,26.8,3.59
2048-07-24,EC_Earth3P_HR,29.9,32.5,27.7,7.98
2048-07-25,EC_Earth3P_HR,29.9,32.3,27.0,21.32
2048-07-26,EC_Earth3P_HR,29.6,33.6,27.0,18.42
2048-07-27,EC_Earth3P_HR,29.8,32.8,26.8,10.95
2048-07-28,EC_Earth3P_HR,29.7,33.5,26.8,6.66
2048-07-29,EC_Earth3P_HR,29.4,32.3,27.2,8.95
2048-07-30,EC_Earth3P_HR,30.0,33.9,27.2,2.78
2048-07-31,EC_Earth3P_HR,30.2,33.8,27.0,7.84
2048-08-01,EC_Earth3P_HR,29.2,31.2,27.2,13.39
2048-08-02,EC_Earth3P_HR,29.0,31.7,27.1,17.95
2048-08-03,EC_Earth3P_HR,28.1,30.6,26.8,10.31
2048-08-04,EC_Earth3P_HR,28.8,31.7,26.8,6.44
2048-08-05,EC_Earth3P_HR,29.8,33.4,27.2,1.68
2048-08-06,EC_Earth3P_HR,30.6,33.7,27.4,1.19
2048-08-07,EC_Earth3P_HR,30.3,33.2,27.1,6.72
2048-08-08,EC_Earth3P_HR,30.0,32.8,26.9,12.75
2048-08-09,EC_Earth3P_HR,29.5,32.3,26.8,7.31
2048-08-10,EC_Earth3P_HR,29.1,31.3,27.0,7.99
2048-08-11,EC_Earth3P_HR,28.9,31.9,26.7,12.13
2048-08-12,EC_Earth3P_HR,29.1,33.1,26.7,7.2
2048-08-13,EC_Earth3P_HR,29.2,32.3,26.9,20.39
2048-08-14,EC_Earth3P_HR,28.9,32.0,26.8,10.73
2048-08-15,EC_Earth3P_HR,28.8,31.7,26.6,15.74
2048-08-16,EC_Earth3P_HR,28.1,30.8,26.1,12.19
2048-08-17,EC_Earth3P_HR,28.5,31.8,26.2,10.71
2048-08-18,EC_Earth3P_HR,29.1,32.8,26.6,4.81
2048-08-19,EC_Earth3P_HR,29.1,32.1,26.7,11.98
2048-08-20,EC_Earth3P_HR,28.2,31.1,26.5,12.46
2048-08-21,EC_Earth3P_HR,27.8,29.8,26.4,16.08
2048-08-22,EC_Earth3P_HR,27.5,30.7,26.0,18.72
2048-08-23,EC_Earth3P_HR,27.6,31.0,26.0,8.42
2048-08-24,EC_Earth3P_HR,28.3,31.5,25.8,8.81
2048-08-25,EC_Earth3P_HR,27.8,31.6,25.9,6.46
2048-08-26,EC_Earth3P_HR,28.0,30.8,26.1,9.58
2048-08-27,EC_Earth3P_HR,28.4,31.1,26.3,8.21
2048-08-28,EC_Earth3P_HR,28.5,31.8,26.2,5.96
2048-08-29,EC_Earth3P_HR,27.9,31.2,25.7,11.52
2048-08-30,EC_Earth3P_HR,28.4,32.3,25.6,5.07
2048-08-31,EC_Earth3P_HR,29.1,32.7,26.3,1.27
2048-09-01,EC_Earth3P_HR,29.6,32.3,26.6,2.83
2048-09-02,EC_Earth3P_HR,29.7,33.5,26.8,5.35
2048-09-03,EC_Earth3P_HR,29.3,32.6,26.8,4.18
2048-09-04,EC_Earth3P_HR,28.9,32.2,26.7,22.22
2048-09-05,EC_Earth3P_HR,28.4,31.6,26.6,14.92
2048-09-06,EC_Earth3P_HR,28.0,30.6,26.3,8.42
2048-09-07,EC_Earth3P_HR,28.5,32.4,26.1,4.93
2048-09-08,EC_Earth3P_HR,29.8,33.3,25.9,0.58
2048-09-09,EC_Earth3P_HR,29.8,33.6,26.0,0.87
2048-09-10,EC_Earth3P_HR,29.2,33.5,25.2,0.19
2048-09-11,EC_Earth3P_HR,28.9,33.2,24.8,0.29
2048-09-12,EC_Earth3P_HR,29.5,33.6,24.7,0.19
2048-09-13,EC_Earth3P_HR,29.4,33.5,24.8,0.0
2048-09-14,EC_Earth3P_HR,29.6,33.2,25.0,9.25
2048-09-15,EC_Earth3P_HR,28.7,32.3,26.3,5.71
2048-09-16,EC_Earth3P_HR,28.7,31.9,26.4,3.51
2048-09-17,EC_Earth3P_HR,28.5,31.8,26.0,6.73
2048-09-18,EC_Earth3P_HR,29.3,33.1,26.0,1.7
2048-09-19,EC_Earth3P_HR,30.1,33.6,26.7,1.7
2048-09-20,EC_Earth3P_HR,30.3,33.7,27.2,1.32
2048-09-21,EC_Earth3P_HR,29.8,31.9,26.8,12.58
2048-09-22,EC_Earth3P_HR,28.0,31.1,26.0,12.36
2048-09-23,EC_Earth3P_HR,28.1,31.2,25.6,2.62
2048-09-24,EC_Earth3P_HR,28.5,32.0,25.5,1.12
2048-09-25,EC_Earth3P_HR,28.8,32.5,25.6,1.39
2048-09-26,EC_Earth3P_HR,29.2,32.8,25.6,1.02
2048-09-27,EC_Earth3P_HR,29.3,33.4,25.4,0.46
2048-09-28,EC_Earth3P_HR,29.2,33.4,25.3,0.28
2048-09-29,EC_Earth3P_HR,29.1,33.2,25.1,0.37
2048-09-30,EC_Earth3P_HR,28.8,33.2,25.1,0.27
2048-10-01,EC_Earth3P_HR,29.0,33.2,24.7,0.36
2048-10-02,EC_Earth3P_HR,28.7,33.2,24.3,0.0
2048-10-03,EC_Earth3P_HR,28.0,32.9,23.3,0.0
2048-10-04,EC_Earth3P_HR,27.8,32.8,23.0,0.0
2048-10-05,EC_Earth3P_HR,27.9,32.8,22.8,0.0
2048-10-06,EC_Earth3P_HR,28.5,33.0,23.9,0.0
2048-10-07,EC_Earth3P_HR,28.8,32.8,24.4,0.0
2048-10-08,EC_Earth3P_HR,28.7,33.4,24.2,0.0
2048-10-09,EC_Earth3P_HR,29.3,33.7,24.7,0.0
2048-10-10,EC_Earth3P_HR,30.0,33.9,25.0,0.0
2048-10-11,EC_Earth3P_HR,30.0,34.1,25.5,1.04
2048-10-12,EC_Earth3P_HR,29.5,34.0,25.5,0.69
2048-10-13,EC_Earth3P_HR,29.4,34.0,25.4,0.86
2048-10-14,EC_Earth3P_HR,29.2,33.5,25.4,0.51
2048-10-15,EC_Earth3P_HR,28.6,33.2,24.3,0.84
2048-10-16,EC_Earth3P_HR,28.1,33.3,22.9,0.0
2048-10-17,EC_Earth3P_HR,28.1,33.3,22.7,0.0
2048-10-18,EC_Earth3P_HR,29.0,33.3,22.8,0.0
2048-10-19,EC_Earth3P_HR,28.0,33.0,22.8,0.0
2048-10-20,EC_Earth3P_HR,27.6,32.8,22.7,0.0
2048-10-21,EC_Earth3P_HR,27.3,32.8,22.7,0.0
2048-10-22,EC_Earth3P_HR,27.2,31.7,22.6,0.08
2048-10-23,EC_Earth3P_HR,27.4,32.0,22.4,0.23
2048-10-24,EC_Earth3P_HR,28.1,32.6,22.2,0.0
2048-10-25,EC_Earth3P_HR,27.2,32.6,21.9,0.0
2048-10-26,EC_Earth3P_HR,27.4,32.9,21.5,0.0
2048-10-27,EC_Earth3P_HR,26.2,30.6,21.0,1.16
2048-10-28,EC_Earth3P_HR,26.3,31.9,20.7,0.0
2048-10-29,EC_Earth3P_HR,25.7,32.1,20.1,0.0
2048-10-30,EC_Earth3P_HR,26.8,32.8,19.8,0.0
2048-10-31,EC_Earth3P_HR,27.2,33.0,22.4,0.0
2048-11-01,EC_Earth3P_HR,27.4,32.9,22.7,0.0
2048-11-02,EC_Earth3P_HR,26.8,33.0,21.2,0.5
2048-11-03,EC_Earth3P_HR,26.0,32.4,20.1,0.0
2048-11-04,EC_Earth3P_HR,24.8,31.9,18.3,0.0
2048-11-05,EC_Earth3P_HR,24.9,31.6,18.0,0.0
2048-11-06,EC_Earth3P_HR,25.9,31.8,18.4,0.0
2048-11-07,EC_Earth3P_HR,25.4,32.3,20.0,0.38
2048-11-08,EC_Earth3P_HR,24.5,30.4,19.3,0.19
2048-11-09,EC_Earth3P_HR,24.8,30.5,19.0,0.0
2048-11-10,EC_Earth3P_HR,25.7,30.8,18.7,0.0
2048-11-11,EC_Earth3P_HR,24.1,30.8,18.9,0.0
2048-11-12,EC_Earth3P_HR,25.3,30.6,19.2,0.0
2048-11-13,EC_Earth3P_HR,23.5,29.4,18.5,0.0
2048-11-14,EC_Earth3P_HR,22.6,29.7,16.3,0.0
2048-11-15,EC_Earth3P_HR,21.1,28.6,15.8,0.0
2048-11-16,EC_Earth3P_HR,20.6,28.2,15.1,0.0
2048-11-17,EC_Earth3P_HR,22.2,28.6,15.6,0.0
2048-11-18,EC_Earth3P_HR,21.9,29.5,15.0,0.0
2048-11-19,EC_Earth3P_HR,22.5,29.3,14.5,0.0
2048-11-20,EC_Earth3P_HR,21.2,29.3,14.9,0.0
2048-11-21,EC_Earth3P_HR,21.4,28.7,14.5,0.0
2048-11-22,EC_Earth3P_HR,21.6,29.0,15.7,0.0
2048-11-23,EC_Earth3P_HR,21.4,29.1,15.7,0.0
2048-11-24,EC_Earth3P_HR,21.4,29.8,15.2,0.0
2048-11-25,EC_Earth3P_HR,20.8,29.9,14.0,0.0
2048-11-26,EC_Earth3P_HR,20.5,29.5,13.7,0.0
2048-11-27,EC_Earth3P_HR,20.6,28.4,14.8,0.0
2048-11-28,EC_Earth3P_HR,17.8,25.1,12.0,0.0
2048-11-29,EC_Earth3P_HR,19.1,26.1,11.7,0.5
2048-11-30,EC_Earth3P_HR,18.9,24.2,13.2,0.0
2048-12-01,EC_Earth3P_HR,18.6,25.8,12.5,0.0
2048-12-02,EC_Earth3P_HR,18.1,25.8,12.1,0.0
2048-12-03,EC_Earth3P_HR,18.2,25.3,11.6,0.0
2048-12-04,EC_Earth3P_HR,19.4,26.0,11.7,0.0
2048-12-05,EC_Earth3P_HR,18.9,26.5,12.6,0.0
2048-12-06,EC_Earth3P_HR,18.0,25.7,11.2,0.0
2048-12-07,EC_Earth3P_HR,16.6,25.2,10.6,0.0
2048-12-08,EC_Earth3P_HR,18.2,25.6,10.5,0.0
2048-12-09,EC_Earth3P_HR,18.6,24.8,13.1,0.0
2048-12-10,EC_Earth3P_HR,16.5,22.8,12.3,0.0
2048-12-11,EC_Earth3P_HR,16.3,24.0,10.3,0.0
2048-12-12,EC_Earth3P_HR,17.0,25.3,9.9,0.0
2048-12-13,EC_Earth3P_HR,18.3,26.5,10.9,0.0
2048-12-14,EC_Earth3P_HR,18.0,25.1,11.4,0.0
2048-12-15,EC_Earth3P_HR,18.1,25.7,10.9,0.0
2048-12-16,EC_Earth3P_HR,19.8,26.4,12.0,0.0
2048-12-17,EC_Earth3P_HR,19.7,27.1,11.8,0.0
2048-12-18,EC_Earth3P_HR,21.4,28.6,14.0,0.0
2048-12-19,EC_Earth3P_HR,20.0,28.2,12.6,0.0
2048-12-20,EC_Earth3P_HR,17.9,26.8,11.1,0.0
2048-12-21,EC_Earth3P_HR,18.5,27.3,10.5,0.0
2048-12-22,EC_Earth3P_HR,19.2,27.2,11.3,0.0
2048-12-23,EC_Earth3P_HR,21.0,28.2,14.8,0.0
2048-12-24,EC_Earth3P_HR,21.3,28.7,14.8,0.0
2048-12-25,EC_Earth3P_HR,19.0,26.3,13.9,0.0
2048-12-26,EC_Earth3P_HR,19.5,27.1,13.7,0.0
2048-12-27,EC_Earth3P_HR,19.7,26.5,13.0,0.0
2048-12-28,EC_Earth3P_HR,19.3,26.1,14.2,0.0
2048-12-29,EC_Earth3P_HR,17.8,24.8,11.9,0.0
2048-12-30,EC_Earth3P_HR,17.1,24.1,11.2,0.0
2048-12-31,EC_Earth3P_HR,18.2,24.8,12.2,0.0
2049-01-01,EC_Earth3P_HR,18.7,24.8,13.8,0.0
2049-01-02,EC_Earth3P_HR,16.4,23.5,10.6,0.0
2049-01-03,EC_Earth3P_HR,15.9,24.2,9.7,0.0
2049-01-04,EC_Earth3P_HR,16.1,24.8,9.2,0.0
2049-01-05,EC_Earth3P_HR,16.6,25.6,9.8,0.0
2049-01-06,EC_Earth3P_HR,17.7,26.5,10.5,0.0
2049-01-07,EC_Earth3P_HR,18.0,26.3,12.0,0.0
2049-01-08,EC_Earth3P_HR,17.8,26.2,11.6,0.0
2049-01-09,EC_Earth3P_HR,20.7,26.7,12.1,0.0
2049-01-10,EC_Earth3P_HR,21.7,27.3,15.4,2.16
2049-01-11,EC_Earth3P_HR,17.2,22.9,11.9,0.0
2049-01-12,EC_Earth3P_HR,15.5,21.7,10.0,0.0
2049-01-13,EC_Earth3P_HR,14.2,21.5,8.9,0.0
2049-01-14,EC_Earth3P_HR,15.2,22.3,8.1,0.0
2049-01-15,EC_Earth3P_HR,17.3,23.8,11.8,0.0
2049-01-16,EC_Earth3P_HR,15.1,22.3,8.7,0.0
2049-01-17,EC_Earth3P_HR,14.1,22.3,7.9,0.0
2049-01-18,EC_Earth3P_HR,14.9,23.8,7.9,0.0
2049-01-19,EC_Earth3P_HR,14.2,23.2,7.0,0.0
2049-01-20,EC_Earth3P_HR,14.6,23.2,7.1,0.0
2049-01-21,EC_Earth3P_HR,15.6,23.8,7.6,0.0
2049-01-22,EC_Earth3P_HR,17.5,24.7,8.8,0.0
2049-01-23,EC_Earth3P_HR,17.5,25.2,9.3,0.0
2049-01-24,EC_Earth3P_HR,18.0,24.8,11.9,0.0
2049-01-25,EC_Earth3P_HR,20.0,26.8,14.5,0.0
2049-01-26,EC_Earth3P_HR,19.7,25.3,13.4,0.0
2049-01-27,EC_Earth3P_HR,19.6,26.7,12.7,0.0
2049-01-28,EC_Earth3P_HR,19.2,26.8,12.5,0.0
2049-01-29,EC_Earth3P_HR,19.3,27.1,12.6,0.0
2049-01-30,EC_Earth3P_HR,18.9,26.7,12.7,0.0
2049-01-31,EC_Earth3P_HR,19.0,26.4,12.3,0.0
2049-02-01,EC_Earth3P_HR,18.8,26.6,12.8,0.0
2049-02-02,EC_Earth3P_HR,18.6,27.0,12.1,0.0
2049-02-03,EC_Earth3P_HR,19.0,27.2,11.4,0.0
2049-02-04,EC_Earth3P_HR,19.9,27.5,13.0,0.0
2049-02-05,EC_Earth3P_HR,21.2,28.7,14.4,0.0
2049-02-06,EC_Earth3P_HR,21.1,29.3,14.6,0.0
2049-02-07,EC_Earth3P_HR,23.4,31.0,15.2,0.0
2049-02-08,EC_Earth3P_HR,24.9,32.2,19.0,0.0
2049-02-09,EC_Earth3P_HR,23.7,31.4,17.9,0.0
2049-02-10,EC_Earth3P_HR,24.7,31.9,17.2,0.0
2049-02-11,EC_Earth3P_HR,21.7,26.9,17.2,0.0
2049-02-12,EC_Earth3P_HR,22.4,29.2,16.5,0.0
2049-02-13,EC_Earth3P_HR,22.8,29.2,16.8,0.0
2049-02-14,EC_Earth3P_HR,23.4,29.3,17.3,0.0
2049-02-15,EC_Earth3P_HR,24.3,32.4,15.0,0.0
2049-02-16,EC_Earth3P_HR,21.7,28.6,15.2,0.0
2049-02-17,EC_Earth3P_HR,21.9,29.3,15.0,0.0
2049-02-18,EC_Earth3P_HR,23.1,30.4,16.4,0.0
2049-02-19,EC_Earth3P_HR,23.4,30.7,16.7,0.0
2049-02-20,EC_Earth3P_HR,24.1,31.8,16.7,0.0
2049-02-21,EC_Earth3P_HR,25.3,33.4,17.5,0.0
2049-02-22,EC_Earth3P_HR,25.3,33.6,17.9,0.0
2049-02-23,EC_Earth3P_HR,22.6,29.2,17.0,0.0
2049-02-24,EC_Earth3P_HR,22.5,29.2,16.2,0.0
2049-02-25,EC_Earth3P_HR,22.1,30.0,13.8,0.0
2049-02-26,EC_Earth3P_HR,22.3,31.7,13.1,0.0
2049-02-27,EC_Earth3P_HR,24.3,32.5,15.5,0.0
2049-02-28,EC_Earth3P_HR,25.3,33.7,15.6,0.0
2049-03-01,EC_Earth3P_HR,25.5,33.1,18.7,0.0
2049-03-02,EC_Earth3P_HR,25.3,33.9,17.8,0.0
2049-03-03,EC_Earth3P_HR,25.5,35.1,17.1,0.0
2049-03-04,EC_Earth3P_HR,26.2,35.5,17.4,0.0
2049-03-05,EC_Earth3P_HR,26.8,35.7,18.4,0.0
2049-03-06,EC_Earth3P_HR,26.8,35.9,18.6,0.0
2049-03-07,EC_Earth3P_HR,26.9,36.1,18.4,0.0
2049-03-08,EC_Earth3P_HR,27.3,34.6,18.3,0.0
2049-03-09,EC_Earth3P_HR,28.1,34.1,21.6,0.0
2049-03-10,EC_Earth3P_HR,29.5,37.4,21.5,0.0
2049-03-11,EC_Earth3P_HR,29.4,38.0,20.9,0.0
2049-03-12,EC_Earth3P_HR,29.7,37.2,22.5,0.0
2049-03-13,EC_Earth3P_HR,29.0,36.3,22.6,0.0
2049-03-14,EC_Earth3P_HR,28.8,37.1,21.6,0.0
2049-03-15,EC_Earth3P_HR,28.5,36.9,20.2,0.0
2049-03-16,EC_Earth3P_HR,26.5,35.7,18.0,0.0
2049-03-17,EC_Earth3P_HR,29.0,37.5,17.5,0.0
2049-03-18,EC_Earth3P_HR,29.8,39.0,20.7,0.0
2049-03-19,EC_Earth3P_HR,29.9,38.2,22.4,0.0
2049-03-20,EC_Earth3P_HR,29.4,37.7,20.5,0.0
2049-03-21,EC_Earth3P_HR,29.8,38.1,19.8,0.0
2049-03-22,EC_Earth3P_HR,30.5,37.0,25.0,0.3
2049-03-23,EC_Earth3P_HR,27.4,33.3,21.6,5.08
2049-03-24,EC_Earth3P_HR,20.3,23.3,19.3,22.26
2049-03-25,EC_Earth3P_HR,21.1,25.0,19.2,7.73
2049-03-26,EC_Earth3P_HR,21.1,24.8,18.5,1.54
2049-03-27,EC_Earth3P_HR,23.5,28.2,18.4,0.0
2049-03-28,EC_Earth3P_HR,25.1,31.9,19.1,0.0
2049-03-29,EC_Earth3P_HR,25.5,32.9,18.9,0.0
2049-03-30,EC_Earth3P_HR,24.9,32.5,16.9,0.0
2049-03-31,EC_Earth3P_HR,24.4,32.8,16.5,0.0
2049-04-01,EC_Earth3P_HR,25.2,33.9,17.1,0.0
2049-04-02,EC_Earth3P_HR,26.8,34.9,18.2,0.0
2049-04-03,EC_Earth3P_HR,27.4,34.8,21.2,0.37
2049-04-04,EC_Earth3P_HR,27.6,34.9,20.8,0.0
2049-04-05,EC_Earth3P_HR,27.9,36.5,21.1,0.0
2049-04-06,EC_Earth3P_HR,27.3,33.8,20.6,0.09
2049-04-07,EC_Earth3P_HR,26.9,34.4,19.8,0.0
2049-04-08,EC_Earth3P_HR,28.5,35.2,18.5,0.0
2049-04-09,EC_Earth3P_HR,25.8,30.5,20.4,0.54
2049-04-10,EC_Earth3P_HR,27.4,32.9,20.2,0.0
2049-04-11,EC_Earth3P_HR,25.9,30.8,21.0,0.53
2049-04-12,EC_Earth3P_HR,25.4,31.0,19.6,0.0
2049-04-13,EC_Earth3P_HR,27.6,34.1,19.4,0.0
2049-04-14,EC_Earth3P_HR,30.0,35.9,23.3,0.0
2049-04-15,EC_Earth3P_HR,32.1,38.2,25.1,0.0
2049-04-16,EC_Earth3P_HR,32.9,40.1,24.7,0.0
2049-04-17,EC_Earth3P_HR,32.6,40.6,24.2,0.0
2049-04-18,EC_Earth3P_HR,31.8,38.2,24.0,0.0
2049-04-19,EC_Earth3P_HR,31.3,39.0,22.9,0.0
2049-04-20,EC_Earth3P_HR,32.3,41.0,22.5,0.0
2049-04-21,EC_Earth3P_HR,33.4,42.4,22.3,0.0
2049-04-22,EC_Earth3P_HR,33.5,41.6,25.1,0.0
2049-04-23,EC_Earth3P_HR,34.4,41.2,27.2,0.0
2049-04-24,EC_Earth3P_HR,34.6,43.1,25.7,0.0
2049-04-25,EC_Earth3P_HR,34.2,42.3,25.7,0.0
2049-04-26,EC_Earth3P_HR,33.8,41.4,27.6,0.0
2049-04-27,EC_Earth3P_HR,34.8,42.2,27.8,0.0
2049-04-28,EC_Earth3P_HR,34.5,41.6,27.3,0.0
2049-04-29,EC_Earth3P_HR,31.6,40.1,24.5,1.99
2049-04-30,EC_Earth3P_HR,32.2,39.2,24.4,0.0
2049-05-01,EC_Earth3P_HR,33.6,39.3,27.8,0.0
2049-05-02,EC_Earth3P_HR,33.4,40.6,25.8,1.06
2049-05-03,EC_Earth3P_HR,33.0,40.0,25.8,0.0
2049-05-04,EC_Earth3P_HR,33.8,39.8,27.6,0.0
2049-05-05,EC_Earth3P_HR,33.7,41.0,28.6,0.09
2049-05-06,EC_Earth3P_HR,34.5,40.8,27.7,1.4
2049-05-07,EC_Earth3P_HR,35.2,43.2,27.6,0.0
2049-05-08,EC_Earth3P_HR,36.2,45.2,28.4,0.0
2049-05-09,EC_Earth3P_HR,37.2,45.6,29.2,0.0
2049-05-10,EC_Earth3P_HR,37.7,45.6,30.3,0.0
2049-05-11,EC_Earth3P_HR,37.5,44.5,30.2,0.0
2049-05-12,EC_Earth3P_HR,37.1,43.7,29.2,0.0
2049-05-13,EC_Earth3P_HR,37.9,45.2,28.9,0.0
2049-05-14,EC_Earth3P_HR,37.0,45.1,28.6,1.5
2049-05-15,EC_Earth3P_HR,35.0,44.3,25.6,0.0
2049-05-16,EC_Earth3P_HR,36.4,44.3,26.5,0.0
2049-05-17,EC_Earth3P_HR,36.9,45.9,28.2,0.0
2049-05-18,EC_Earth3P_HR,37.6,44.7,30.3,0.0
2049-05-19,EC_Earth3P_HR,38.3,44.5,30.8,0.0
2049-05-20,EC_Earth3P_HR,36.7,44.6,30.5,0.87
2049-05-21,EC_Earth3P_HR,36.7,42.7,30.4,0.0
2049-05-22,EC_Earth3P_HR,37.8,43.7,31.6,0.87
2049-05-23,EC_Earth3P_HR,36.8,42.5,30.8,0.39
2049-05-24,EC_Earth3P_HR,35.9,42.2,28.2,4.38
2049-05-25,EC_Earth3P_HR,36.6,41.7,31.2,0.1
2049-05-26,EC_Earth3P_HR,36.7,42.1,31.6,0.1
2049-05-27,EC_Earth3P_HR,36.6,44.1,30.5,0.0
2049-05-28,EC_Earth3P_HR,37.0,44.9,29.9,0.0
2049-05-29,EC_Earth3P_HR,37.4,45.6,30.2,0.0
2049-05-30,EC_Earth3P_HR,37.3,44.3,30.7,0.0
2049-05-31,EC_Earth3P_HR,36.8,44.2,31.4,0.0
2049-06-01,EC_Earth3P_HR,34.8,42.8,28.7,3.65
2049-06-02,EC_Earth3P_HR,33.4,40.8,27.5,21.73
2049-06-03,EC_Earth3P_HR,31.4,36.1,26.5,2.37
2049-06-04,EC_Earth3P_HR,31.4,36.0,26.8,5.05
2049-06-05,EC_Earth3P_HR,29.3,32.7,26.6,10.31
2049-06-06,EC_Earth3P_HR,29.0,33.9,26.3,17.97
2049-06-07,EC_Earth3P_HR,29.8,33.7,26.2,1.79
2049-06-08,EC_Earth3P_HR,30.9,35.0,27.8,3.68
2049-06-09,EC_Earth3P_HR,33.4,36.7,29.4,0.0
2049-06-10,EC_Earth3P_HR,33.8,36.7,29.9,0.1
2049-06-11,EC_Earth3P_HR,34.5,37.8,31.2,0.0
2049-06-12,EC_Earth3P_HR,34.9,38.7,30.6,0.6
2049-06-13,EC_Earth3P_HR,33.8,37.6,29.0,7.89
2049-06-14,EC_Earth3P_HR,30.3,32.7,27.8,13.3
2049-06-15,EC_Earth3P_HR,31.6,34.9,27.8,3.0
2049-06-16,EC_Earth3P_HR,32.5,35.9,28.3,0.5
2049-06-17,EC_Earth3P_HR,32.8,35.5,30.2,2.61
2049-06-18,EC_Earth3P_HR,33.1,36.4,30.2,0.4
2049-06-19,EC_Earth3P_HR,32.9,36.2,30.2,0.7
2049-06-20,EC_Earth3P_HR,33.2,36.6,29.4,2.41
2049-06-21,EC_Earth3P_HR,33.0,36.4,28.6,3.01
2049-06-22,EC_Earth3P_HR,32.1,35.8,28.3,6.23
2049-06-23,EC_Earth3P_HR,31.1,34.4,28.2,10.26
2049-06-24,EC_Earth3P_HR,32.6,37.7,28.2,1.11
2049-06-25,EC_Earth3P_HR,31.7,36.8,27.6,11.68
2049-06-26,EC_Earth3P_HR,29.8,33.3,27.4,17.02
2049-06-27,EC_Earth3P_HR,28.8,30.3,26.9,9.98
2049-06-28,EC_Earth3P_HR,29.7,32.5,26.9,1.41
2049-06-29,EC_Earth3P_HR,31.4,34.6,27.7,1.31
2049-06-30,EC_Earth3P_HR,32.1,35.2,27.6,16.45
2049-07-01,EC_Earth3P_HR,28.6,30.2,27.4,9.19
2049-07-02,EC_Earth3P_HR,29.2,32.9,26.9,15.75
2049-07-03,EC_Earth3P_HR,30.3,34.0,26.9,2.12
2049-07-04,EC_Earth3P_HR,30.5,34.5,27.7,1.41
2049-07-05,EC_Earth3P_HR,31.2,34.9,27.7,0.91
2049-07-06,EC_Earth3P_HR,32.1,35.4,28.3,1.61
2049-07-07,EC_Earth3P_HR,32.7,35.8,29.1,0.6
2049-07-08,EC_Earth3P_HR,33.0,35.9,29.2,9.06
2049-07-09,EC_Earth3P_HR,29.7,31.9,27.7,26.26
2049-07-10,EC_Earth3P_HR,29.4,31.3,27.5,4.63
2049-07-11,EC_Earth3P_HR,29.4,33.3,27.1,13.87
2049-07-12,EC_Earth3P_HR,29.2,32.6,26.7,11.45
2049-07-13,EC_Earth3P_HR,30.1,33.3,26.8,12.55
2049-07-14,EC_Earth3P_HR,31.0,34.0,27.4,2.81
2049-07-15,EC_Earth3P_HR,31.5,34.5,28.3,2.21
2049-07-16,EC_Earth3P_HR,31.8,35.1,28.6,0.3
2049-07-17,EC_Earth3P_HR,31.0,34.0,27.7,6.31
2049-07-18,EC_Earth3P_HR,29.5,32.3,27.6,6.5
2049-07-19,EC_Earth3P_HR,30.1,34.4,27.2,5.0
2049-07-20,EC_Earth3P_HR,30.0,33.4,27.2,6.7
2049-07-21,EC_Earth3P_HR,29.2,32.5,27.1,22.17
2049-07-22,EC_Earth3P_HR,29.1,32.9,26.6,55.0
2049-07-23,EC_Earth3P_HR,27.0,27.3,26.4,86.4
2049-07-24,EC_Earth3P_HR,28.8,31.6,26.4,4.19
2049-07-25,EC_Earth3P_HR,28.8,32.8,26.6,16.24
2049-07-26,EC_Earth3P_HR,29.1,31.8,26.7,13.84
2049-07-27,EC_Earth3P_HR,29.5,33.2,26.7,4.98
2049-07-28,EC_Earth3P_HR,29.9,33.4,26.8,2.69
2049-07-29,EC_Earth3P_HR,30.3,33.7,27.3,9.84
2049-07-30,EC_Earth3P_HR,30.2,33.1,27.3,18.28
2049-07-31,EC_Earth3P_HR,28.9,30.7,27.0,27.7
2049-08-01,EC_Earth3P_HR,29.6,33.5,27.0,9.43
2049-08-02,EC_Earth3P_HR,30.1,33.2,27.2,1.49
2049-08-03,EC_Earth3P_HR,30.0,33.1,27.4,4.26
2049-08-04,EC_Earth3P_HR,30.7,33.8,27.4,1.78
2049-08-05,EC_Earth3P_HR,31.5,34.3,28.7,0.99
2049-08-06,EC_Earth3P_HR,31.3,34.0,28.0,7.22
2049-08-07,EC_Earth3P_HR,30.0,33.2,27.9,14.34
2049-08-08,EC_Earth3P_HR,28.9,31.0,27.6,4.55
2049-08-09,EC_Earth3P_HR,29.4,32.4,27.2,8.39
2049-08-10,EC_Earth3P_HR,29.2,32.8,27.2,5.23
2049-08-11,EC_Earth3P_HR,29.9,32.9,27.4,3.85
2049-08-12,EC_Earth3P_HR,28.8,30.1,27.1,7.39
2049-08-13,EC_Earth3P_HR,29.5,32.9,27.0,8.57
2049-08-14,EC_Earth3P_HR,29.1,32.5,26.9,10.24
2049-08-15,EC_Earth3P_HR,29.5,32.5,26.8,5.02
2049-08-16,EC_Earth3P_HR,29.4,32.6,27.1,13.57
2049-08-17,EC_Earth3P_HR,29.2,32.5,27.0,6.98
2049-08-18,EC_Earth3P_HR,29.2,32.4,26.9,12.18
2049-08-19,EC_Earth3P_HR,29.0,31.9,26.9,10.9
2049-08-20,EC_Earth3P_HR,29.1,32.5,26.9,11.19
2049-08-21,EC_Earth3P_HR,29.1,32.2,27.1,9.81
2049-08-22,EC_Earth3P_HR,30.5,33.4,27.2,8.04
2049-08-23,EC_Earth3P_HR,30.3,32.9,27.1,3.72
2049-08-24,EC_Earth3P_HR,29.1,32.5,26.8,6.27
2049-08-25,EC_Earth3P_HR,29.1,32.9,26.8,11.15
2049-08-26,EC_Earth3P_HR,29.3,32.9,26.7,10.95
2049-08-27,EC_Earth3P_HR,29.0,32.8,27.0,13.68
2049-08-28,EC_Earth3P_HR,27.9,29.0,26.8,10.84
2049-08-29,EC_Earth3P_HR,28.1,31.6,26.3,11.13
2049-08-30,EC_Earth3P_HR,28.3,32.2,26.3,17.27
2049-08-31,EC_Earth3P_HR,29.0,32.2,26.4,3.71
2049-09-01,EC_Earth3P_HR,30.2,33.2,27.1,2.44
2049-09-02,EC_Earth3P_HR,31.1,34.6,27.3,4.09
2049-09-03,EC_Earth3P_HR,30.0,32.9,27.4,10.69
2049-09-04,EC_Earth3P_HR,29.0,32.4,26.0,9.22
2049-09-05,EC_Earth3P_HR,28.7,32.7,25.8,6.69
2049-09-06,EC_Earth3P_HR,29.0,31.7,27.3,12.0
2049-09-07,EC_Earth3P_HR,29.7,32.9,27.2,5.6
2049-09-08,EC_Earth3P_HR,29.8,33.5,27.2,4.34
2049-09-09,EC_Earth3P_HR,30.1,33.3,26.9,1.83
2049-09-10,EC_Earth3P_HR,30.0,33.0,26.8,2.88
2049-09-11,EC_Earth3P_HR,29.2,32.3,27.0,5.09
2049-09-12,EC_Earth3P_HR,29.9,33.3,27.0,1.15
2049-09-13,EC_Earth3P_HR,30.2,33.5,27.0,1.53
2049-09-14,EC_Earth3P_HR,30.0,33.5,27.4,6.68
2049-09-15,EC_Earth3P_HR,31.1,34.5,27.5,0.48
2049-09-16,EC_Earth3P_HR,31.3,34.7,27.4,1.05
2049-09-17,EC_Earth3P_HR,31.6,35.1,27.9,1.23
2049-09-18,EC_Earth3P_HR,31.3,34.3,27.7,2.46
2049-09-19,EC_Earth3P_HR,31.2,34.1,27.6,2.27
2049-09-20,EC_Earth3P_HR,31.1,34.0,28.1,0.94
2049-09-21,EC_Earth3P_HR,30.7,33.7,28.0,1.5
2049-09-22,EC_Earth3P_HR,30.8,33.5,28.1,1.03
2049-09-23,EC_Earth3P_HR,31.0,33.9,28.3,1.31
2049-09-24,EC_Earth3P_HR,30.8,34.1,27.7,1.86
2049-09-25,EC_Earth3P_HR,31.5,34.6,27.7,4.18
2049-09-26,EC_Earth3P_HR,30.6,33.4,26.9,6.12
2049-09-27,EC_Earth3P_HR,29.9,32.5,26.7,2.31
2049-09-28,EC_Earth3P_HR,30.7,34.0,27.3,2.58
2049-09-29,EC_Earth3P_HR,29.4,33.3,26.6,4.77
2049-09-30,EC_Earth3P_HR,29.4,32.5,26.5,0.37
2049-10-01,EC_Earth3P_HR,29.7,32.5,26.8,7.47
2049-10-02,EC_Earth3P_HR,30.0,33.2,26.7,4.72
2049-10-03,EC_Earth3P_HR,29.2,32.5,26.5,7.32
2049-10-04,EC_Earth3P_HR,28.5,32.0,26.2,15.13
2049-10-05,EC_Earth3P_HR,27.5,30.8,26.0,11.57
2049-10-06,EC_Earth3P_HR,27.9,30.7,26.0,14.99
2049-10-07,EC_Earth3P_HR,27.8,31.2,25.9,10.3
2049-10-08,EC_Earth3P_HR,28.7,32.1,26.1,3.98
2049-10-09,EC_Earth3P_HR,28.4,31.6,26.1,10.99
2049-10-10,EC_Earth3P_HR,27.4,31.3,25.4,16.52
2049-10-11,EC_Earth3P_HR,27.2,29.0,25.4,4.69
2049-10-12,EC_Earth3P_HR,25.8,27.2,24.2,12.87
2049-10-13,EC_Earth3P_HR,26.9,30.7,22.9,0.51
2049-10-14,EC_Earth3P_HR,27.1,32.1,22.6,0.09
2049-10-15,EC_Earth3P_HR,26.8,31.8,22.5,0.0
2049-10-16,EC_Earth3P_HR,26.9,31.0,22.9,0.08
2049-10-17,EC_Earth3P_HR,26.6,30.8,23.2,0.17
2049-10-18,EC_Earth3P_HR,26.4,31.3,22.7,0.16
2049-10-19,EC_Earth3P_HR,27.0,31.3,23.0,0.41
2049-10-20,EC_Earth3P_HR,27.2,31.2,23.5,0.81
2049-10-21,EC_Earth3P_HR,26.5,30.0,23.9,4.07
2049-10-22,EC_Earth3P_HR,25.7,28.5,23.8,7.89
2049-10-23,EC_Earth3P_HR,25.9,29.3,23.6,3.43
2049-10-24,EC_Earth3P_HR,26.4,30.2,23.3,0.84
2049-10-25,EC_Earth3P_HR,25.9,30.5,21.5,0.3
2049-10-26,EC_Earth3P_HR,24.6,30.5,19.1,0.0
2049-10-27,EC_Earth3P_HR,24.4,29.7,18.7,0.0
2049-10-28,EC_Earth3P_HR,25.2,29.7,19.3,0.0
2049-10-29,EC_Earth3P_HR,24.7,29.5,19.0,0.0
2049-10-30,EC_Earth3P_HR,25.1,29.4,19.8,0.0
2049-10-31,EC_Earth3P_HR,24.1,28.9,18.9,0.0
2049-11-01,EC_Earth3P_HR,23.8,29.1,18.9,0.0
2049-11-02,EC_Earth3P_HR,23.3,28.3,19.1,0.0
2049-11-03,EC_Earth3P_HR,23.4,28.8,16.2,0.0
2049-11-04,EC_Earth3P_HR,23.4,28.6,16.0,0.0
2049-11-05,EC_Earth3P_HR,22.4,28.4,17.4,0.0
2049-11-06,EC_Earth3P_HR,22.7,28.9,17.0,0.0
2049-11-07,EC_Earth3P_HR,22.5,29.7,16.9,0.0
2049-11-08,EC_Earth3P_HR,23.8,29.5,16.9,0.0
2049-11-09,EC_Earth3P_HR,23.9,29.0,17.2,0.0
2049-11-10,EC_Earth3P_HR,23.2,28.4,17.1,0.0
2049-11-11,EC_Earth3P_HR,23.6,28.0,17.9,0.0
2049-11-12,EC_Earth3P_HR,23.4,28.3,18.6,0.0
2049-11-13,EC_Earth3P_HR,24.0,28.6,18.4,0.0
2049-11-14,EC_Earth3P_HR,23.3,28.0,17.2,0.0
2049-11-15,EC_Earth3P_HR,21.2,27.3,14.7,0.0
2049-11-16,EC_Earth3P_HR,21.5,26.9,14.3,0.0
2049-11-17,EC_Earth3P_HR,21.7,26.8,14.4,0.0
2049-11-18,EC_Earth3P_HR,21.1,27.2,16.0,0.0
2049-11-19,EC_Earth3P_HR,20.4,27.8,14.2,0.0
2049-11-20,EC_Earth3P_HR,19.4,27.0,13.6,0.0
2049-11-21,EC_Earth3P_HR,21.1,26.5,13.3,0.0
2049-11-22,EC_Earth3P_HR,21.3,26.8,15.2,0.0
2049-11-23,EC_Earth3P_HR,19.7,27.1,14.2,0.0
2049-11-24,EC_Earth3P_HR,20.5,26.4,13.6,0.0
2049-11-25,EC_Earth3P_HR,21.5,27.0,13.7,0.0
2049-11-26,EC_Earth3P_HR,21.2,27.7,14.8,0.0
2049-11-27,EC_Earth3P_HR,20.9,27.8,14.2,0.0
2049-11-28,EC_Earth3P_HR,19.9,27.4,14.3,0.0
2049-11-29,EC_Earth3P_HR,20.3,27.2,15.0,0.0
2049-11-30,EC_Earth3P_HR,21.5,27.4,15.6,0.0
2049-12-01,EC_Earth3P_HR,21.1,26.7,15.6,0.0
2049-12-02,EC_Earth3P_HR,18.8,25.3,11.9,0.0
2049-12-03,EC_Earth3P_HR,18.5,24.8,11.4,0.0
2049-12-04,EC_Earth3P_HR,20.0,25.3,11.8,0.0
2049-12-05,EC_Earth3P_HR,19.3,25.7,13.3,0.0
2049-12-06,EC_Earth3P_HR,19.5,26.3,14.2,0.0
2049-12-07,EC_Earth3P_HR,20.3,26.8,13.7,0.0
2049-12-08,EC_Earth3P_HR,19.5,26.5,13.7,0.0
2049-12-09,EC_Earth3P_HR,18.4,25.9,13.0,0.0
2049-12-10,EC_Earth3P_HR,17.7,25.5,11.7,0.0
2049-12-11,EC_Earth3P_HR,17.3,25.0,11.3,0.0
2049-12-12,EC_Earth3P_HR,17.8,25.2,12.3,0.0
2049-12-13,EC_Earth3P_HR,16.7,24.1,10.7,0.0
2049-12-14,EC_Earth3P_HR,16.8,24.3,10.3,0.0
2049-12-15,EC_Earth3P_HR,16.5,23.4,11.6,0.0
2049-12-16,EC_Earth3P_HR,16.6,22.8,11.0,0.0
2049-12-17,EC_Earth3P_HR,17.7,23.5,10.9,0.0
2049-12-18,EC_Earth3P_HR,17.5,24.0,10.7,0.0
2049-12-19,EC_Earth3P_HR,16.6,24.5,10.1,0.0
2049-12-20,EC_Earth3P_HR,17.8,24.4,10.9,0.0
2049-12-21,EC_Earth3P_HR,18.2,23.5,14.2,0.0
2049-12-22,EC_Earth3P_HR,18.8,23.3,12.3,0.0
2049-12-23,EC_Earth3P_HR,19.6,25.4,11.6,0.0
2049-12-24,EC_Earth3P_HR,20.1,25.3,12.6,0.0
2049-12-25,EC_Earth3P_HR,19.3,25.6,13.1,0.0
2049-12-26,EC_Earth3P_HR,18.1,24.6,13.0,0.0
2049-12-27,EC_Earth3P_HR,17.2,24.4,11.9,0.0
2049-12-28,EC_Earth3P_HR,16.3,24.3,10.6,0.0
2049-12-29,EC_Earth3P_HR,15.7,24.1,9.3,0.0
2049-12-30,EC_Earth3P_HR,15.6,23.9,8.9,0.0
2049-12-31,EC_Earth3P_HR,16.2,23.3,11.5,0.0
